1867826
419611
4614227
4108604
3744855
2341058
1719584
9149733
1458592
9906821
7078674
533225
499915
1571946
3668137
3903403
8478455
445200
9416130
3335943
9142601
7038375
3698380
7536478
9886238
4667266
109032
2678639
7090294
5708457
4661908
2608514
3612366
5647120
1714804
1556018
6374123
1622632
6022675
5770620
4437924
728978
7707871
8996415
2094236
6350754
1322048
9261705
4918716
6067229
9686362
3226068
1166942
768806
3823499
4855125
1338688
3905583
1694523
6377460
4663624
7606963
6120869
2728883
6210607
5960454
3514945
4479145
1197936
2871231
8961381
4107246
2741439
7755440
6366206
4528973
9344067
3684532
5440562
938484
3842789
538553
5292424
6730429
4491947
1110461
3539705
9515703
5279419
3567282
8375711
6637602
7698257
2396988
4443952
2342609
4137723
9418195
9042539
4408073
9807726
7187927
9790058
6700829
6073293
3679592
2320822
8548433
8279822
1525207
790482
1839608
2564252
2684053
7082669
1065819
6455325
6402510
9997349
7852575
8877066
4218029
9281591
192620
1921860
9008868
4476584
5707198
1871535
4924116
7294151
2653447
7612221
54448
4418935
8398442
2997282
8517486
1785278
5007073
8517170
3337175
2564218
6273234
2710344
9049279
8897859
9595
5438437
8197444
326766
1876829
6089807
5159231
4017344
971824
4041155
9518670
1321325
1437027
8153567
1161194
8937327
2109912
2154052
7973916
9224174
2770371
4446913
8852898
7099077
3553385
9047887
3374755
5229732
6693980
6264957
7350100
8683482
7574681
2030114
4159167
3769796
1074177
5672135
352897
9870183
9293262
3860685
9872387
3694635
120643
1191067
987738
3841006
1130790
527022
5543671
1188790
8626109
3993056
4672074
8143904
3594298
9046845
2219825
9580514
9667228
7930104
4076818
7935170
6829333
3194549
1582525
1626230
7231839
5944127
7106471
6897152
7835374
908842
1651178
1016912
6754865
5692554
1833231
4171762
3214349
3191176
8997382
7526487
2351869
7078000
3078419
4673213
7761612
4191057
1264749
7434501
9232927
1642636
848732
9069561
247596
1564690
3965790
2790238
6818497
8147707
8075855
3586085
6728340
983739
2762153
6358114
36162
6550191
4449369
7633774
4785688
7096888
9324246
8164992
2597060
3185958
4977932
3652415
981187
9717033
9096527
1022699
5261416
959075
841249
9800874
7999184
8436430
8910818
2641283
954281
8519949
1344048
3117626
1149598
9983033
1140195
3946067
6774230
2011364
9557568
4130809
9712651
9974377
666755
1375454
7033427
9792397
9482935
8770839
5307806
4374923
3426901
5271131
4004486
4456273
6640185
2195774
5033116
7670956
5304574
1217072
156288
7688756
9445466
1677408
1229111
9020009
3576136
8487337
4449325
2222253
5855397
1154127
4098413
6199636
4781296
2646553
7351518
9113686
5075396
8874153
131250
9304683
5022742
1737894
2253032
4437002
1936572
1795766
9281553
2607984
4569245
4727086
3533780
5752577
3415797
4428915
8479357
8196205
4213116
852265
1548512
7106423
4641924
739654
59487
5596151
2194790
4394881
2710896
7412770
9255662
7175396
9410456
162231
1876933
1262383
2500716
9153487
604452
6194417
9772889
9269833
2484602
7210625
2138182
701772
5171717
6117838
669325
6003043
3524500
4186415
1724591
5933743
9393287
6817882
2592975
3971794
2726328
2970446
6917153
415847
3009173
5573148
6907401
4163556
4476258
2670897
1813544
6417986
649692
7896869
3731819
3348277
7722607
5866295
5120254
3818419
3740037
397024
3240181
6685150
5507322
4674184
1164687
4682941
5891255
8546410
6705491
8996208
5555773
463061
1935114
4382464
2995871
9740680
4453787
641850
1818693
7290771
5799668
5262633
7321475
8580256
1940215
6462507
9673543
3188993
4273535
744683
7315832
28375
8722816
9033726
3305701
6110623
7235970
1173966
5539838
5266631
2090866
5038572
8508104
5188936
6851697
5472442
6751159
4960272
9301498
2135535
3218543
7053919
6361003
2919695
9548002
5049102
6812811
9192861
6811
5098176
4813614
3526281
7212327
9730530
5406445
7801208
7411940
7418211
3585315
8576077
7938747
2846950
1422634
4761146
8647850
5623526
1566778
3940442
5207975
3768845
3340846
2472190
409791
775338
4107777
7971466
1221855
7640616
6953167
9658156
3262082
6442090
8294273
6705063
4093380
2475837
93027
1788239
7132770
3671546
2950889
8689890
7793854
842525
9351718
4180854
2036060
7658159
2237059
7795420
8910915
9377211
9990033
5323377
7425150
8468773
7159522
9191767
7481189
2670227
7963716
7550918
4348513
4147995
4652513
8745960
8130189
4013880
4606981
7379838
1299955
4793723
3934150
4558624
5634587
5363837
9062251
1351869
2321532
2530519
3879924
6426266
2563647
3589534
1077582
6960329
6838383
5551269
9103505
7816913
6975535
1044646
3470106
7048839
6534337
9799227
327692
9658482
6381735
8002393
98920
5901534
5009889
6542891
7030011
9029843
9162580
3700026
8191132
3681285
4579095
7312115
8147721
486956
6523942
5639318
6783309
2768992
7841506
2141240
8961108
452422
6610563
9930313
9468927
454697
1408405
7190930
2276660
7746015
3048908
843637
4364699
6360308
5492067
3551071
7628589
5483563
5662320
6360683
4668372
7072685
4232414
1374159
7890440
325198
9049950
873852
5871361
3761824
1151226
675420
520597
4148726
3344718
341920
2556552
4002121
2117637
7945037
1919137
9461840
3656839
7801976
4299056
6189035
2815035
1921543
2747535
5218368
1813597
9708719
430813
5233775
9660267
6296606
6654758
3327422
1275010
9933754
4074337
1709621
5059718
2030967
9494773
689026
5825113
8937983
7186991
6217148
1156903
8488614
5724910
212268
7047417
8224220
1770649
7273316
6076507
7713147
2566766
7306262
2955088
8753458
4531231
9029044
8111743
7799288
7307728
9940075
4502930
5407374
4118726
1453963
4679640
7563203
4091350
7796515
9560491
6358386
5643799
481507
8293087
5452833
3050767
8179731
3558781
5952976
4334435
5709939
4691891
4635018
9324627
170308
8667567
3205395
1436348
4049283
6818733
8196977
9314312
4031967
7987517
8234616
7519122
289294
1561177
4936454
3717771
6784726
4081984
5137285
9756884
6191136
7939994
9285736
8907392
5767293
7138770
9233987
5549758
5902402
7612583
4545224
5144281
4217854
3867787
2024270
3231029
5294017
2005796
8990306
3106299
3213525
3630332
8123505
4638894
9891627
8801947
4747931
1686549
3256753
4970191
3816535
6054580
3010530
5071209
237371
8961300
2123710
4602181
763627
914795
9283823
4901240
2118619
8235578
1721136
205780
9631200
4770423
7875174
8031492
7389841
5716098
3093110
861959
4235885
8014966
1914065
1096281
6722756
8250139
1242893
9680809
899412
2545557
2503121
9442882
5097515
1429099
4163954
1987288
9362912
6982242
3786402
8767313
6381685
7558379
7427626
4988758
9873814
7194571
5123431
9540020
1010497
1664864
3486103
3540416
4440026
1362100
2634981
4024270
2916108
9260894
1259380
2626182
44892
6853788
7558198
9962499
7883824
4886521
547606
3883527
4833598
4743228
7617382
1194199
3916202
4438491
9895028
3318856
7132649
1925627
9136241
3771677
2499628
4456574
2386329
1198059
1000561
2783723
5160870
9983183
9549710
4842083
7367773
2086309
7863448
5101804
6752973
4567534
8396530
9059388
8284510
7344376
1349591
668753
7248239
5407659
4200477
433941
1532211
3840715
9650240
9850289
348051
4521645
9667821
674976
2939213
7893694
8706769
7419379
4666693
3044883
9820202
7312937
8249790
1530794
7885466
5837818
6850945
5591987
5386464
1754895
2698194
5533188
6906259
8312591
4835493
6718474
9229090
615676
7630713
1477399
5276723
4234551
5423635
1944842
6780933
8633493
19312
9103210
7750677
6933144
909394
3147113
8697970
6069651
8363327
7416217
865902
3415141
4480461
9214377
2198038
4832328
7350369
8132115
2037192
484349
4014746
2657145
5213523
9241546
229420
9265242
6844948
1563791
3769852
1903562
7741811
1970755
2583207
8361354
4896625
8537456
4587309
6970772
8095000
7922534
4089127
7663606
9248694
2426690
6435506
3197912
8526868
2290230
1171219
4634663
6961579
5702161
8518425
4482414
43038
4745251
5008936
9847181
9729500
8214802
2493018
7491823
9035883
8125901
5790219
5577417
9259638
9117244
6328535
7639415
5398529
3165062
4006493
9593173
6425185
3918528
6891663
732281
5338113
7935225
6395998
6477327
2551904
8310236
621087
2118061
8427048
9901585
5569947
1683839
7387113
1672885
8823995
7665982
257490
2418527
6878300
2589752
1255410
7876746
4446345
5680115
6668664
1347468
5512416
8952697
6375500
5312693
8186401
9076743
602287
1147910
3938792
4821420
3816587
1516314
7280834
1651602
1686232
7443691
2791138
5024208
485655
771601
5442104
941525
4921895
6014017
6288790
7225726
2442256
4096954
8911493
6913082
9494698
3020854
2851853
2937177
1324870
6418029
4040454
8349471
9783754
2401117
3895476
7736812
4261033
7710314
4283672
157663
7805655
4825659
9170396
2650392
1239198
7410996
5797630
9857818
5018976
7118723
4195952
7664434
5068761
3342307
6454082
8106887
1789345
3979652
6398232
9595271
6022336
9643744
4963915
4953151
368086
6640519
4605017
135862
9494714
822826
8333701
4801542
3860746
5910965
3674287
3189886
4204820
2294775
1630141
661402
5183034
7395786
559764
9723635
6121356
2204725
1512188
4951132
5481438
6970986
2946752
3368778
2217274
9049761
6138071
8906225
8418720
4572251
2760598
4311243
8084066
4951652
5682699
1932228
7857297
1263314
2361511
3785187
6667459
9350155
6136688
1515031
6619863
233517
4436879
9002190
2073475
7630044
6183842
4398339
9807291
6392548
6232294
1817746
3922881
7910070
419844
9418853
5503033
3713926
1060606
7789117
5069910
6850068
1957498
2345070
760794
624316
5106391
8264870
1948179
1630612
3939291
9018536
2276066
6520396
7610880
6224541
9062927
7031781
9853936
2592465
6960608
1661308
8209881
6847049
4693261
548889
6216462
3645181
7438734
7460759
3961313
6084863
1666894
6162858
9134622
6017549
1015862
6679675
4628523
3184460
2049500
7628892
1538025
3558546
358319
848567
5595356
4086408
2112653
9472047
3442779
1151088
9298064
3475524
9837876
3623063
3909070
5512315
2475549
9998913
47573
4651900
2427462
2180907
9063312
4205280
2927576
1844259
432520
2211292
249315
6010309
3991830
9879313
5431984
264763
2923367
4452129
879110
2126656
7062547
8826251
1906719
1066327
7990082
7520811
6074007
8610705
9960064
1829623
7583393
8453011
3716989
727545
8748500
5060518
7684679
522622
1020481
8035983
6738020
7151685
1811299
8225347
7441742
1232970
1355440
5404140
2488629
1101966
2117144
4614003
9820790
9199895
5455707
6390516
8901267
4947564
7612082
8481740
7217548
1663939
1919550
9249871
3607489
7215377
7575835
3833487
6942640
5686329
7608450
6689583
6979149
1595276
5243692
7159912
5243276
4276342
6279730
2560857
7956895
1126311
1530498
1432177
1564142
7245686
1620083
6251977
2182976
9334353
1006314
9839252
9421857
9423484
5530542
2050701
6892226
5932392
7095703
863122
4825621
5242023
5899645
1738130
9695864
8512970
3569165
2595942
8089796
3762205
1815604
5873939
9332587
6166652
1927456
4673600
9631800
3794320
7199312
9411443
9340544
440467
4487029
485754
3026880
4584717
5183903
5701312
5889196
102439
3043481
2403362
9501292
6724046
1167450
2380262
514341
1539439
8900023
3609331
6311495
7043621
7610914
5719286
2640890
6208461
5228408
5442242
9522640
1425343
882630
2610198
2640900
834877
1368711
4565129
7434203
7113788
8148052
7416271
6948851
4582980
3616648
8595745
1909541
5791040
7212754
1860422
4752088
9951142
8164343
8840488
5174419
761977
3699686
6631420
919089
128968
3429651
5056978
3543919
2302418
4286906
4856118
5504980
2013004
129687
8344742
7225193
2947670
2167377
6378823
8935250
3860618
8393010
9373826
5941940
1209227
6661749
709715
7318551
314431
7713397
1306318
5252286
9659636
7202196
9620051
6785091
7007742
4857260
1932289
6795315
349915
5448706
2883554
7719146
6070881
1478575
7326808
1776089
4082174
7309440
9879621
6718434
8790633
1319480
6639864
5205544
5696088
3717363
5587965
2820799
1281434
8564489
1913050
8902072
8555576
3253165
5861545
5890477
2477825
3963934
1724774
2456927
4294435
3309672
2910831
2564730
1264219
2972019
8289909
7783841
9457912
9721862
7531381
9470601
5422535
5303931
2532645
7377996
1145654
7867191
7419021
5080484
4608260
9922378
942412
5904611
8511701
1244713
5207780
7746754
7581857
630945
954457
6186391
4816354
1287333
1514924
9967006
8507187
6450546
7763014
9736312
9299886
688247
7545280
9590808
3158135
5394324
7979731
8411548
2531029
1038069
7558524
1736474
5761930
1414809
8464928
2895059
656696
4156450
7344366
7372275
8792412
8770257
2663320
6105195
6255419
4746167
6499772
6858013
5676859
878548
5614485
1105818
5531294
1585547
9361070
6485472
4767196
4227788
2522846
5592887
1367377
9776747
2372775
5869019
5204825
6575964
2163450
9983136
1421350
5193923
9377157
6319631
5510923
2144024
8831415
1567881
7103581
8531022
6070469
305858
6083380
5181913
3024310
3593557
5733318
8158273
3221314
3800762
2307964
2599549
1294616
4962568
1696861
8517620
9055851
8833735
633298
5649969
2198639
6320311
2587932
2722057
3034092
2777287
7342942
733038
6893064
6111930
3985096
7452418
4780298
7531762
3925918
8959221
4012582
5192010
7868777
3255052
6171348
9570050
7391998
7745705
4727346
6406757
8437375
8849307
7023964
2718885
3350372
2321943
4194358
875432
8062974
6227906
9303650
1721171
8655524
2091746
4782564
1407192
2689595
4576679
7538326
8612630
2472101
7339572
1538699
3725180
7568672
5865065
447452
6960816
893503
6651394
8422282
6274033
3955700
6478793
1369113
6289991
3767136
472909
5346645
1662339
5625239
2450301
2308539
642621
4813038
7926479
2328555
7870362
7526284
88101
1329188
318833
4293692
3618087
2508523
9207408
8854537
7101037
1865406
4833543
3986942
5052479
2044277
801103
4000352
7043504
7669094
1053730
1859887
8385743
8993491
275740
8646570
9647696
4059049
2408820
4886734
7201434
26246
5919271
4035999
9574149
6988845
3142606
1436364
8782614
6049928
1135471
8825813
9128181
8511547
8516494
9297128
341154
6550727
7887558
730387
6490792
6262975
4255546
272500
5991042
1133462
5784826
4045422
1739192
9762718
5578737
2238242
743830
5910598
9160591
5679881
2937509
7795079
8028421
3058118
2262451
1058652
7678590
620486
4923150
3382136
734948
3346549
703066
5294820
5202211
8646702
6681091
9110544
7942331
4249900
614395
3206184
4800145
5989033
802019
5568773
4583815
2088345
6174338
7330828
6711252
7377557
6486823
5688091
3134273
8324909
8347058
6163059
8712004
4474831
1385992
7121923
1324176
7224390
3027558
9151542
4928583
5389034
1721308
1343334
5501584
4960016
5142148
7481226
7149042
2795836
7447547
5897980
7501591
710602
5914964
7297091
4606275
962309
1258982
6815077
6095350
8608155
2684132
522453
2395442
7351321
583830
2117789
1127989
3959346
6145972
6075879
6423231
9516786
543336
2574266
7548449
6223752
6241349
7448066
1289924
9628810
2310141
8882863
6156399
6677904
5274513
4675639
4187789
1903352
434754
3121369
8372569
8686325
6492571
9423305
1975702
4391884
4366938
7487221
3599895
4791185
8240972
3358436
2057515
2277145
1242388
7584018
2896694
7467727
1472885
5361794
5828830
1089497
9227421
9096127
4871471
5032438
2642500
2920763
6064833
8535506
3762151
2036125
3371892
2329968
3971775
8288313
440973
6054839
9294938
9601222
6189303
7841769
9255100
2177200
1446456
1103071
5189038
6680016
8030668
8819710
6891999
6869155
9645231
1237332
2102635
5318842
1244283
7549320
7815385
8679861
5779999
2153098
9249337
9861413
3052835
2164814
7258131
8436655
929674
2083078
8692312
2567174
5102364
2762488
2717355
5413350
3782764
5805304
8705661
4765540
1323050
4204460
3293400
9241586
4604525
2100010
5080554
8950277
1567469
8431779
2829241
9928899
9741632
2586951
2872270
5664317
9455942
691126
476029
1362694
762723
9676616
4440190
3536778
9598870
6989167
508114
8355693
9153272
4859884
5068299
8102470
4108370
6813103
4990113
7609208
1224285
1005174
2652150
7375357
6972976
8124386
7792047
3422939
5707485
2410361
5244265
5357241
5794357
6689355
2193892
6216633
8639933
9422944
1781471
5353877
4055689
7826112
2055577
4487431
7542970
4159389
2363535
1624231
849016
4868950
6444965
7015137
4165285
2679316
5493462
9691981
5246486
3184888
2673323
8359509
8635650
7831859
8367800
5176451
8344489
388834
1510774
6597510
8479951
7671058
4038757
3609525
9786891
5920598
816349
847928
4720377
8302947
7895138
4794063
9004177
137195
1803502
7229769
2247056
4437119
6136731
6765481
6139411
759042
6720645
858284
9567739
9425723
3265775
6082140
9281541
4841934
1233659
6481858
8460004
7555693
9225072
4692935
1993319
2158614
1622047
6608608
6261230
5688908
9358866
6133858
2420405
3339638
8541659
6734158
8389916
675366
760065
652869
2299089
5587496
7948108
8712958
7666996
2498810
8648752
2345136
5502354
5344048
2726332
6592684
5020320
9961047
5643411
8511334
8551584
8931181
8218264
9444302
5029652
7967376
279122
6180019
5557279
1838860
6988387
9792897
5161978
447066
7962303
4454862
9705189
9691098
3817542
861597
9789897
8060594
2860718
8795160
6378536
2479265
4063385
529666
9606136
1843741
3200830
317717
7399400
5262887
7025968
2540595
6928321
3420735
6884991
8419135
7912227
1044907
2316640
8702061
3478617
9410119
5453427
8025734
8816044
6322071
5263896
2905519
7711875
8944388
5743295
9164944
5943950
4435262
8123195
3225658
4135905
4680951
9363141
5007985
3772643
4993144
4848685
3477545
8204111
5319062
8049766
5851947
9403422
4587857
4828305
2044709
9621345
9113231
6370212
6619157
5790399
2457462
4872987
705759
4825637
1325894
5811016
7421840
4302416
8037617
3590103
3390139
9035839
4548853
9429098
4557053
2303059
1832518
9845383
4014487
4067771
851703
8909398
3786142
3906350
880655
1681043
6934047
5541408
7925623
1686864
2306315
86931
9233384
2649812
6826775
7980916
8010257
3346316
4819173
5388300
4788475
992584
1500902
9632360
3896009
8978366
625761
2937100
7010947
2949246
609682
6660464
8311163
3125791
4856450
628579
155478
5006191
9528819
1800207
5621074
4774153
7622713
9115070
8796606
8286476
2251502
8459285
7852086
4577447
3234839
1889900
5547959
2726202
7699308
4316189
3123903
236294
5655804
4949686
9525789
3240709
2944317
6803000
7175670
8644975
5501697
1455219
6724866
1600297
3100115
2359076
8010351
5429136
4161540
114591
4375251
6435311
3951391
7494979
4479422
5530195
5065811
9772070
9611288
191860
4388134
6032284
3964500
1042274
1983484
7808033
5147357
2679604
6801763
8430895
5217345
1969910
4949910
6166364
3705236
3676368
2240913
8022562
2570028
7633276
6268385
6976732
9214626
7899185
9018051
3664339
4151781
9996108
1373556
8816539
7495188
8861275
6069743
1310347
9465181
1882552
1036129
9188030
8480666
3391628
9608340
9003664
2514106
2760476
5504901
8729883
7412855
1950184
3446066
9783595
8201173
1525748
8562678
7473960
933414
7607332
2213659
8610870
6969668
7663807
9460860
968663
9375062
7757421
5170228
365248
6642918
4269084
50592
3655778
9702454
1225233
759837
7108463
5780236
1069714
9079217
1010922
1157950
7920041
532423
4816583
6859649
3019586
2272120
7052504
6282412
6416944
7525205
6333338
6302287
1346372
9047958
2231199
5834611
1990335
2994291
9013702
6594430
8872506
2136530
3736122
58273
381436
5005701
7767917
9134278
7115688
8924366
6363204
3853124
4152563
7728010
5807597
2602505
4624636
3162178
1893219
540517
7033691
262493
4037711
3457476
1128955
1692766
9964730
563317
7490039
816654
4105958
742170
6748893
7364574
3931561
9055667
3645173
946974
2351085
8453970
4853036
3928579
9665528
5350317
9688420
5379868
3974591
5062768
2403512
8745142
3708482
6938389
5041570
4616317
1022700
9340181
9926528
2938248
7167237
9325627
8315138
786585
5778322
6394714
8799031
5347477
6984769
6849453
2503457
5031295
6315954
3084978
9024939
7944328
4042776
3780655
5045520
2421821
7768274
966770
9435271
6923580
6987843
9349721
8891788
2249704
6516591
4074490
4278118
3411425
5540894
1326582
7546171
6225648
1551289
8986474
3195752
864642
4504039
6327829
663498
1221119
3156857
9858019
9375956
3640934
8042901
3504578
5586215
5086651
257257
3553545
3188069
1968240
8034959
4070039
3431162
6654382
4015308
9262354
5395805
4748946
6386445
7822385
8953164
6027376
5174468
4388276
6033836
8603634
8342929
7818251
1654372
7876743
5372623
3407914
6219397
5249961
6944596
766978
9437599
3712364
2448177
272125
4375064
9283028
9798430
9716406
7005798
4952505
2557040
3291552
5534222
3859073
6372654
9559482
4122666
8376889
9238249
5663389
4317227
8197702
8230829
7731428
2822493
5908536
2839808
2348115
9169526
8192589
3087810
9095548
985361
8790329
567469
1247058
813937
107103
6918794
2306726
3882809
1140313
2533858
153369
3669508
8484791
7650573
6261269
1014185
8106821
8184839
263936
110937
8929044
9255044
6901116
198827
280619
8882155
4609385
8988194
4809836
287606
8425787
7223820
3007599
1795438
1615879
8797728
2498086
4042787
3220086
8832466
4234875
5946535
4484965
6658818
1325723
6258767
6812010
7700705
9479164
4080352
3789256
5032740
1352528
531578
1568679
6799442
6362995
6327856
9272792
7986041
941453
158548
2875340
1387243
8386233
7279796
5557799
9493499
1599907
8861041
713901
3854843
3546990
9509061
7977572
4548221
781181
1247354
4703879
9110544
9454127
552001
3009070
5276178
262700
3475537
9848832
2419133
6682299
1290797
5021034
2725463
9461649
4034454
9507580
6528965
9069133
5565504
6439871
2347982
1315799
8401910
5802560
900877
1638896
7333125
3894731
1275375
5714199
9992656
6655573
5475692
497037
4585667
7558978
8230961
3827528
5969522
9278434
6298620
7245207
3116164
9829354
6376563
1437709
4955646
4134742
1233238
1376370
4495825
2587399
6375342
2588337
6536773
5312980
6051546
1787628
1535459
87162
5171870
7461430
6038414
4525930
1715159
2223099
1464605
3143913
7230637
7530348
9344659
9306993
8597331
6845846
1732968
440602
1503555
5937697
9298266
1561360
5443038
6463220
207042
4896387
6942581
6506197
1421023
9387466
4072544
9595904
8742684
2845130
6387624
2843768
2329350
4511712
5052145
4503119
8273247
2448381
1061447
2805275
7292658
4629872
7064925
5029009
8124054
1290527
6058671
4222821
4137095
8318185
9962419
3280755
7681644
1794699
2273138
5111314
113538
6638610
5573680
6373496
5528793
7385716
5615942
7224542
9972259
2283790
5040468
5379869
3369729
8036450
5271121
2980259
6681352
5354242
4889689
8237736
9661652
4067205
5467464
6309162
4702657
6592358
6123945
1910721
9459842
3352089
9935921
9154138
3018678
9229133
451578
7744736
3517317
7356054
4887727
1160290
6864257
8376918
2335039
5080689
4060442
4239296
2586095
7098910
6324857
1240930
7534090
8040225
9768434
6724394
8965198
8499550
7017922
9120854
616818
6031904
9007788
9962646
1425761
1834915
4164625
5956060
2790697
743176
9449269
6704474
5563270
7221846
1777455
176963
1654344
4340910
3724561
8567726
8703983
9361577
9739481
9650849
3708298
7478924
6276685
6562143
7768912
9874901
8396423
2529081
5787593
412093
8099555
1754048
4956531
6978910
1440405
1947321
2376916
5843986
5232652
5755704
7639214
3470658
8742857
8102154
5843510
7988682
1637843
7351205
7590805
5350414
1126999
5037596
749658
1930811
378916
5755893
1834802
2757405
4092181
8656942
2926840
9259519
2686632
5553085
9392707
7153292
7751983
3889891
6795569
3094588
3127054
7250014
6636772
489766
3310555
7542618
9935521
7206701
6523582
74660
3603681
3452491
4669852
1049646
9686291
1707117
9007503
3136666
6136989
5469120
3306358
7676423
1911848
4401560
8212179
8853589
5258049
6520285
6585796
9848305
1916497
5837207
5905328
7681626
2894532
4990297
9901383
1421903
2247271
5254385
1977391
4002587
5123427
1962078
3070978
6263037
2371603
8570220
6517333
7016888
2313030
9643646
6437585
7097414
3116430
8164972
9015729
2906398
9309889
2799539
8214831
4845844
2353786
3138994
5277777
7566541
899448
6023678
160784
8130389
2290673
3273713
6441515
9421784
8479843
8304217
6864136
8249792
6973122
7446597
8199018
2806048
1386983
9485802
517757
3699872
4900456
548533
4611267
3772247
9019576
4843085
2822079
7672580
9490040
8309979
9222875
8569903
1899366
9608548
1916070
4494431
9111810
6154920
9093979
698109
7404903
9166287
3666526
7132913
1718263
4152892
4994728
540737
7545257
4409308
5848152
1459333
7366371
1969411
3975296
3521172
9863727
5882610
7183452
2784710
2335976
3466503
3471923
995860
9564261
5885708
8930190
4715825
9039037
2824904
5430007
4909596
4854207
9608909
4485273
8630452
1597614
2274805
6905439
994653
4652717
2128831
2226184
4188890
2453558
5403887
4153280
6588426
8211755
2385245
9687593
4508326
6949544
6294348
7583163
1266953
1561872
6758715
8650559
4667853
6191987
7628528
8188028
5491003
9763594
41492
1562658
7691503
6009981
1062513
8966155
6672566
3654580
7208216
3554278
8299940
4505301
5416779
4757903
5666592
9182348
9696118
2191008
9498289
8142619
5766994
812173
770795
1670587
7710503
273156
2084354
2650524
7403550
7659104
11341
7177282
3394337
2213135
5064463
2667200
4597284
1565986
6047103
4200836
1382788
6238504
2777051
868847
6649509
5125595
3928282
7201301
1530069
1596918
18226
3580614
7999490
1307595
2226334
9960290
3794853
8714829
7466984
155810
135268
5764218
2023228
7085253
2217532
8014481
1188302
3841092
6426847
1498727
1718443
1731435
5257166
6166662
5020672
2300648
6420994
2233824
2396677
1147757
8900452
9450459
142183
2753419
7383644
5891953
3574478
2539637
6907346
7421970
3644761
1454384
1685525
2349031
2066236
9891409
6442987
5897790
7203948
5276496
2345962
4157166
4646747
1413459
4163552
9284455
4780178
450039
5060837
3446808
8686389
8548371
3164964
6572492
4958373
915519
4015477
8302839
6474086
1891525
4044681
8381605
9964489
1191384
8863177
202451
6058223
5309531
2214306
6490069
9535841
7060919
6130604
9166337
2898605
7902315
1224600
280002
9854325
1133009
231416
4398740
3619566
668184
1014500
6676913
8499516
4806468
8406207
6969793
7106414
6749096
1382910
9002064
9020361
2561553
4655137
1402527
5199375
1325762
8578270
3409089
2606796
8999134
5481961
6555387
9838783
1109228
5203781
7339798
4003672
971501
4101690
1446411
7289426
1945932
7606318
923228
5189027
2946850
2003922
212483
2302032
190432
2748656
8328427
5816747
8774574
8677560
4349443
2801174
6238934
2129543
4509120
1980664
492517
5620553
7202872
4563078
8788816
1071595
4411564
9674610
1293021
8323975
7636952
8569498
6041877
930114
8382065
9510772
2799806
6168778
2639224
4280138
1726458
9628651
1934977
3831991
8536666
43093
738834
206160
4102893
771443
7914897
6106513
6425330
2518003
3002467
593303
9275532
7035850
3766742
5398942
4165166
6983627
5367621
4550954
1306729
9588783
6254684
2003216
8422850
883693
3008899
3744424
8653254
770554
6726403
1156394
7802986
4736324
5212644
5491199
1449309
9279334
7662930
133701
6189440
3366704
4892154
9459108
5098753
4069885
7783399
6178607
9926927
8277219
3278645
9169743
4112547
2526085
107004
6879265
401148
3909054
9085621
5812026
160975
5620659
24529
6312845
5159173
1743976
3442591
8888813
3995790
7043342
8254875
1004873
2388631
4694690
1560729
736525
3883466
8720113
6929944
6249379
7691650
1424427
9743715
1603517
8479671
2239991
6616117
1255448
9930364
9526452
1044934
7297802
2192922
3972371
4893512
4378702
5284973
6592652
5473594
5336124
7596017
4562663
3919347
1253048
3400954
2283578
9809774
1828261
2607357
1772643
2757755
7542479
7819108
5268605
6820149
2025627
8991322
6011066
3483558
7581911
5172546
7773666
4446096
2011816
1517011
2644348
5103881
676622
3607451
5499466
2488461
1530299
4164421
5968374
6647879
8614424
821256
5013716
4364875
2917017
521471
6784576
7586677
9327357
9229498
4191832
1589227
7751800
1709722
2345339
2037648
200604
1034638
3729377
2193038
3324121
6720648
6245147
1409948
9769773
9833441
4342290
1258077
365747
1081662
3317701
7439544
2160764
1543146
5562485
2055674
716326
7734212
849560
2818392
9628180
7267159
6626979
8323620
494631
6421135
7158235
2899224
5938183
3602339
3139875
4613429
4695181
7482831
2493622
581322
4123585
4951044
8370013
6912083
9239023
8036806
1023060
1471724
4693863
6425931
2302439
7033594
3346347
8821697
4180006
9121046
327659
6417253
6024902
8047770
9135493
8131573
5771935
9490051
8428761
5395627
6515957
4537158
3016810
437265
5349878
3674550
491631
4713269
982998
7913551
8882400
5996729
9797709
3905101
2678060
1679976
4158352
4045873
4471582
8953826
937992
3681116
9658511
6516649
5952634
2914405
2954474
3968670
9940828
5335228
6019383
9924772
473228
5900248
9523610
9455748
2384081
9447400
3158037
8258195
9095342
5185051
2945354
8228158
636926
1514268
942343
3902773
3671005
334337
8832341
8019325
11468
5565573
3380012
2189252
5716989
2977283
5428920
999184
367638
2478197
9841669
2376538
1860939
8829763
6121836
1216879
6267814
6636993
9831729
1695039
5646558
5062780
5412384
2289280
2642477
7329436
8173860
5323133
2922636
9428415
5986540
3745299
9880944
2941913
6348232
5147640
4941180
2136552
2981451
30164
9610574
6569982
9520781
543293
3054825
5338794
3706008
9488359
1746680
8324604
2359605
5556085
1305379
3992910
5818509
5360634
2816684
1488576
5632942
7493207
191187
4449527
3517919
4186601
1137408
5880099
4306006
1812520
21495
807781
6474951
7352114
7040613
2790696
6946089
8272544
6353743
5892682
9160763
6297288
1701689
8044495
9698162
3784651
2728924
7571347
1236639
560574
4947746
336853
5347183
4380996
1756995
1244877
5734591
2853892
6299139
2699530
1258332
9177914
1562038
5669870
9966179
8098980
519980
7236405
2768194
7284674
2635765
898517
1698825
5554846
3448565
3187407
6866577
9296464
9061802
4450405
4723174
4989555
3985399
1609203
832745
6591806
9592706
9221809
8236746
2576812
914440
6053705
64015
7174038
1470160
4941720
8058574
3349988
1627171
431774
3472095
2866089
4895784
1374660
7945198
1937919
5173312
6668396
7901137
8205683
4446037
1529024
9128920
6501627
3101793
6224692
6399589
6197532
3130343
7478869
748548
4417374
7377621
7802378
4419133
3795716
4505723
9466487
1034138
2535552
1622401
1437931
5767863
9084007
6945544
9893968
3817031
9287899
1023138
6494563
8767476
7023481
8984441
7966232
9608552
3953418
7990356
5013907
1324646
6623719
582648
8423865
9583481
8670758
9587935
2473762
2017995
7533637
2900428
2804560
3554927
3233408
2117050
715983
7103053
1314806
7304687
3387644
2480986
9983244
4326616
5364507
1124275
1460079
6511224
9334243
6666511
9261933
5471500
4633881
8718921
7686602
207431
9857891
8767136
7039617
1887753
6953190
2510582
2486380
9505869
9863898
9775700
1681145
1772259
9440267
1694339
4799842
8986439
5769168
6893591
4431478
6426404
8146761
9596958
7936406
628570
2889033
4620683
6760782
2413448
6739742
650663
6640301
5561548
3985920
826966
7972839
4506098
6248519
339452
5668453
5084419
5216864
4703437
8248002
1647815
3824491
2254615
5041226
7434163
5383278
4520118
6992287
1497985
3153038
7410775
3546545
6831186
8127896
8665456
6273173
942978
8644792
2667116
1100871
5219780
8502614
6767680
2275827
8796064
9540739
485670
2914830
3234034
3367637
966830
4185753
554841
7657938
848244
6046091
3340508
4596580
6179920
7788294
8474615
6659587
2078242
512766
4059048
6248956
8200481
9966398
7484374
2979360
7962170
9846217
9249845
5867998
5775540
2743304
4339594
1516525
4782671
460543
6485496
833007
2733133
9600898
3595670
3713655
3776754
3468371
4514474
6870391
8611431
336423
149284
7954032
2219863
2905825
141998
3754239
4234409
5124764
4620086
7110299
6316210
5850370
7700709
4227837
3660941
7829894
5069154
8734855
6663114
9806068
1716513
123272
8581777
6278534
9419688
9961851
4742532
5007596
1813694
8082230
1071009
5641904
4638620
5454895
4645359
4381319
5012884
3160158
2515397
8678747
4031600
952521
6779647
5361759
2347628
427069
8344532
4959423
4352451
7022367
6788044
6514173
592555
9781515
9597280
3186248
5757388
3730636
8969689
7981513
6014584
8511331
5036434
2851903
9365849
3038956
4928879
1637508
7898393
2146547
4339458
9378995
3071378
5630979
1498203
3728796
5960667
3746821
5152036
7054360
5558580
6235797
4371459
9824247
4933360
7780613
1976046
7894294
900550
9790758
9736039
1194802
7922532
3263904
8396618
2010178
6403347
8889216
5005579
6930790
907010
2529643
2304607
3360420
5749047
6865100
9553007
7676775
2402903
5308034
3025885
1355792
8180250
5580597
2966619
5258216
973307
79080
7584195
4589037
3512854
2828736
9668356
2658101
8213741
1477089
2171072
7276471
7204300
6767820
7197853
8009448
6430983
78336
632926
8955387
3345616
6259603
236175
5405840
8909269
3197347
300583
69187
4174560
3796109
5777231
5236040
2163100
1723159
6434910
8444585
9876256
5135760
2802134
1095335
767027
5003004
4879281
7649175
8728992
8793235
5667934
7275696
2244615
5750103
8223834
6027230
3161265
2766287
6767789
320860
3832223
3763488
2201268
3543185
367644
9893405
8466347
2835094
2066316
6150384
626855
6294685
4291431
8971339
815154
9964393
804642
1813843
331212
809250
1942631
6992334
7454357
6379600
2073582
9181875
4240245
7959050
2569047
3447633
156105
5051896
7061052
1694161
8729341
4529465
2301223
7026731
1760169
8582969
1975259
4743033
1912814
1782810
8350676
3332738
3351239
4412306
8776936
3383515
6004932
6874569
4955171
2690623
661119
9196243
8327451
3484527
8064203
5546609
3934346
45937
213900
1493220
1852724
9632685
8289691
2502230
1511337
8584992
1259101
1699373
4293158
3878227
7663015
4966429
4431283
7789282
840207
1674516
2931010
661770
4874909
6043400
5246355
7147014
1944498
1593810
769892
162275
2321874
2860722
5514014
5998315
7343631
4501485
1559465
6251563
5749934
3068040
1909785
6723931
6715085
7659449
4560603
6471233
8023620
7075621
2798083
1896775
2223176
983924
2674212
1740018
6979787
9911146
8097941
9545287
7351153
3041048
6371161
6016292
483457
2192033
8104732
8189342
1894777
6900205
7393516
771288
1062603
4389136
5272038
207370
8804984
9674565
9479333
3757844
5675743
8709048
8776215
1597898
7261983
4170430
8085439
5800714
6457159
2494008
9367462
915468
195369
2632805
8482017
7873362
8318730
2775017
1256031
8248485
5379343
4041495
5551495
4666703
844745
8504863
3736396
9235784
6352485
6765866
3942646
1322558
7702330
7452253
9613931
7517847
1476729
8362707
7500559
5302633
1991571
8344541
298117
1722070
6768595
6917893
601161
9347108
9212350
2848
1524975
5110306
8528493
9434376
3470389
7653899
5718585
6095876
910587
3739946
7624574
5569577
9397772
7937866
6095072
7592235
1912995
1634722
3720300
36859
5727023
5958244
4898672
9188724
8757457
6272840
1783792
768030
2754071
8261473
2356347
6865418
1794517
4266267
3287017
3146457
2025779
6591710
3616992
7667960
3197382
5669585
1808010
6953659
780147
9878612
2067275
7558213
7673696
9887085
8459032
2258818
8368956
72774
8898038
814897
9281598
7261354
9816697
8102254
8528411
2972964
9706532
2913369
2153889
1737348
6499588
5399643
8457565
6453569
7024029
4164756
4590178
6675151
5752217
4935414
7597491
2237609
2318276
6924720
8594878
5014931
9190660
5266550
9287558
3646404
3370360
3518396
4875115
5793065
2225863
2983203
8453930
9101497
5408663
1936179
5909570
9433497
8059270
9777867
9573721
7004118
8957403
4797076
7086468
214254
8769954
1786279
423997
6389944
2438178
890283
949671
3353807
4479153
2700048
4808611
4203717
2456661
1040739
4951638
3422568
9079362
542012
6017693
7593276
1719330
9426866
3763254
9416558
6524436
3986191
8571854
4825776
788192
6401895
6502089
6988822
5245464
9263114
902652
217521
4216805
3407239
7433378
3784076
6169673
9871468
9170681
3296205
3246353
4935484
7529865
2976713
1249383
3136947
2915799
8620920
2002425
6328337
681730
7189169
4682727
9338176
4433205
2182155
2699939
9797661
4278462
94710
5545924
7823742
2597209
670092
2578715
5412834
853213
5052540
8230080
9607926
9230157
6007680
1222737
5332790
8814667
3690351
3084812
8734325
1143812
8474849
2673794
6978169
9111374
9009969
6768216
1542591
5862009
3711088
3579483
5568082
5554375
6053184
4925361
3664904
8900295
7966782
9417634
147702
1924715
5805040
7477056
4032369
4090741
669030
5384430
6398371
1902101
6473924
4304876
9063679
4745084
414494
8671604
6290753
8628675
8535167
7475205
8167228
735709
4973337
3229822
5373957
8621723
1381528
1609882
2808419
9025720
8945710
122987
1098435
3536327
3576486
7117054
1743603
3449053
9022019
7302078
1209982
2579574
398509
7704521
5565261
635627
1468358
1228899
910468
2986213
4226315
9363100
1181823
9646267
3819260
4339393
6838944
6510107
7568633
6785512
7264955
5308383
283384
6534757
1984842
8973032
98968
1060951
9824873
763647
1217849
6001213
8436205
1780659
4862652
5055826
1451317
4723079
7342988
6399058
6628901
517060
7952194
2622673
8950104
3688735
2288102
6559767
9155738
4948918
2417187
5000559
6260092
187070
9286595
9312526
2371860
2067543
700838
84387
9608624
6611594
9011916
9185953
1428192
5111870
3524103
5768874
3552357
6923194
8599208
2390001
2700367
3086886
3704208
4240304
3260253
1923048
3042683
9517592
912485
9208194
7738746
9221842
1227163
4876343
1130160
4205841
1647563
3312118
9740779
8173699
5550758
5991788
2151094
3934809
1678478
4783808
1171199
3246368
5331564
8151399
7560585
5508734
5128384
9800746
2556764
9488389
9510365
6115186
5307190
7185806
2829302
81066
5254873
4130134
3716585
7316948
4641918
6031175
2253278
5562704
8052292
7765308
7471867
6018686
5124967
8170025
9255518
1825909
2948934
1375291
4707955
2348839
9036512
3295581
4416345
1282826
1265002
312565
8509041
523353
9762503
9712344
6797029
9899167
3569532
614991
9254212
4372417
9117903
9054280
7920590
2493648
6137419
6585030
3746464
9891860
4882156
2246155
7796392
8407452
8563293
1519245
6656951
6104652
8424969
177699
4007755
2782394
8625783
2355030
7486337
2671309
3005558
9501898
9492760
2452814
8111842
6019591
678133
3671176
8181278
3888119
1054636
4435177
6198094
3926182
718207
3469094
8688673
6060793
6511122
7879826
7627652
779092
669490
5437012
1731829
8747186
4588490
4417711
9707825
9132679
9565701
2916716
6319299
6350487
6128663
9859615
1305897
8668166
4220920
6313750
3739629
8663281
6808903
5920647
5788682
8168182
8088466
110691
8419428
2331502
7380276
2778405
3858605
1293326
8632571
4711202
3548669
2520616
3135757
2640019
6077093
1985252
3864571
6956064
5540253
1901508
8078509
8033177
8036642
3535026
9911827
2705264
6893745
376583
4088110
723842
2145557
9621508
9937945
2703299
2260295
8600720
657514
9601086
2463988
938048
2790746
4332878
3020529
8667793
6802429
9455718
312393
4755580
1438622
3633835
7536382
7909006
8081055
2861636
3680315
6891525
2394313
9775181
3051510
8569885
4437921
2813904
5749070
7607967
9908557
1154993
3855636
6345334
6466978
2218170
1821505
277875
3394846
8769642
8461749
7042992
2509221
1615623
2976651
7983761
654925
8915916
8444463
1971599
1563469
8090661
2186556
9047718
20137
7239316
8758449
7057907
6213903
728774
8888847
7196692
3850141
8088690
6396088
5880714
9882587
9665704
1639418
7138528
2246186
4270104
8005102
3900919
1406226
4752427
9122293
6855955
4325250
3171247
91763
119355
9697016
8766778
1976836
8720157
120697
6291958
3446354
5299952
6859283
6077879
1788170
2596754
7148296
9820883
4255252
4383936
8994348
7106184
9473595
6134490
4623139
6668175
3417413
6932819
9262784
9354350
8094466
2998418
6211143
9380038
9309868
8116149
4257683
5144786
9691379
5777341
6679509
2316406
1997928
3854923
7492619
2714472
1682397
3598011
8528590
6720297
5678045
9237137
873302
2696737
6528077
88763
1528213
2438207
7913287
7304422
1478756
1075092
4413952
3720688
6221582
1342844
633430
6447921
6721706
8741023
4806157
964070
2940562
8294126
7364729
179691
3384086
8693170
4798394
3267305
563872
8565572
8653917
3886794
2843452
605006
6035436
4014061
4820
2641485
1456981
4629453
6701386
5924500
6629402
6802339
9832794
3360651
8686282
257808
1151206
1512733
9220635
4773014
9380375
9779984
5840070
5829665
4639032
3796609
3263592
7629591
6777265
9645335
78039
4380658
2936597
6830586
8493266
1786186
9372269
1214436
8441778
4936727
5703682
1963086
8611522
4323378
9024522
9645119
4196678
7428426
6326358
9448402
8113964
4081448
5698562
7698200
7729607
9845316
458869
8086118
1950659
4325498
1133373
6420192
3697402
3857588
5297083
6919360
5923973
8665503
8986748
163129
4418275
4165072
4819920
1560440
6692946
5737689
1275552
9303831
2994494
7995274
5265912
5931383
3666932
9625301
4514343
3066615
3190482
8371820
3349849
3940320
4061035
4452764
3469170
3845465
3401859
4189195
5973149
2617172
1789950
2011228
1316803
8265545
111127
9084426
709058
8091519
6227645
5291818
8260101
9638836
4609256
8234348
3068081
8575400
4702094
6675311
3726099
9674837
2151611
908456
8820378
7099713
8024880
9072581
546311
8430136
5826542
6605474
2932664
7670477
2019443
8694040
7718704
5295750
141241
198307
3535839
6365746
9747701
1690269
5459914
6066681
4357056
3139897
9203367
4409876
3978535
4519921
7907863
5756204
6139189
3085560
8367973
7112582
3532149
7031213
6246320
6124993
6720829
4691406
7561978
3018041
9586665
2200151
9661877
3834714
1675537
4528995
3956155
9317060
7251428
6390163
3289395
2446852
2509001
7935406
163449
2962979
7071944
8381861
2256061
8673938
8958742
5297025
8164133
5033739
4210646
9431119
9526683
800430
6684075
1660522
2740423
1007244
3614942
4266273
7995005
1615678
7547312
5614606
4358203
6055938
6044942
9401114
9353156
4323738
5773716
332782
6908202
2034028
5890321
3337964
9678001
9661906
9033495
2928276
4774943
5957742
5454110
8563839
8178788
7498244
1315460
6393311
4807068
7780469
2430152
2811451
5660437
7076907
9590488
6790960
1196956
1327278
2717901
5765080
3828862
5259357
5316335
4888149
4487443
6634640
4550788
7464157
6092895
9846880
8739851
7554591
6945584
2807133
3085099
387573
2097822
3936392
4221937
1343264
3532804
2800293
6661320
1728210
1603126
1070259
7938741
9201192
903042
442330
6660765
8790973
1396724
1743630
4403219
2605072
1414509
6540535
5190379
3847955
4150625
4767671
7434999
2120837
2202465
8837270
2862328
479347
589803
5986803
5455973
7988551
7838206
9069498
4570356
9203063
7463260
2266852
9047745
2970182
9912499
7659528
9462090
7297710
8782199
8955412
5195255
5824518
8080775
9054129
3810583
1502468
7413186
5165172
6136826
6915633
4358839
2612507
5093109
177098
1550
8779790
2286743
5769432
4811073
7871836
8977470
139538
8253244
8003858
5026631
153220
7221507
4914426
3879151
121098
9197475
6268705
3163697
6907782
9404542
7333428
6622841
4192562
2739208
6538472
6347795
3700927
4412077
1328919
7084002
4019181
8667279
4561140
4776086
8924544
4510086
6927378
3154128
1148635
3060285
2292171
4858603
1851473
7639389
7596174
4565654
8254324
3150585
5379510
325401
2552642
832688
8975320
371295
3119516
1715865
4733097
4516345
2097810
7355411
137642
3905913
1513255
2528053
247042
8280891
3643812
5736346
7050509
5227390
8361694
6231010
7779335
532461
5540653
1345921
2450948
940168
4471189
6583745
1197637
9113249
7887755
3046806
3224452
4195638
6401807
211653
2046176
4176896
6455838
7431652
4146694
562210
3341684
7731523
1576393
8743264
3497163
7932697
6528400
5236327
5420101
2661059
707763
9220422
8739693
2049195
4249883
8073693
5013252
3334030
6046956
873884
3653881
1894626
3958850
7284024
5444433
252795
2807841
4632191
9809586
2007388
6640562
4078363
149819
704532
9748855
7973719
2600334
6231036
1501224
4172868
2645742
8387253
1533464
5677781
1007512
1002861
5964597
2582323
8998516
1801734
2111035
8184646
3903633
5314008
9367566
5827025
7360482
3237421
358242
6337912
6009054
2260431
4205985
662508
8142019
7340033
9378880
4944491
9105567
8222380
3183911
9507678
3131077
9120440
5832846
5430464
7858360
4619178
9303308
2690117
1155558
8911008
2600896
7539416
4960565
4418268
9086641
6159130
7618182
12077
8488563
6359296
3112749
314068
6108169
4006174
5380355
1062699
9042190
6501018
3185481
8792432
8347490
9252095
2585898
4750118
5412331
6875380
5402668
1853281
1614913
8777849
1118703
734461
2177251
2997062
524687
3390324
1796088
8143163
3214794
1656811
533804
9579995
6519607
8219320
8821819
9903606
4293937
823521
6146401
3703114
1189068
219549
3502045
8244417
1341453
7852730
1018381
6055335
9362021
6978537
6191945
978113
4459647
8875497
682047
1180917
5098673
1307539
3622202
8715517
1629391
1698276
3875839
8919793
6464783
3178619
3240007
8828038
4173552
9563478
3001409
9368792
9364063
6965642
1770235
9673134
6005629
7696055
7165130
1746549
2798596
3026552
9226890
6737012
8467340
5662527
2653761
8957364
7432511
5911018
5287424
9228834
5446793
6236419
6917973
7224070
5426606
4038655
9448001
9154090
3589119
6292515
9231474
4262909
6039942
7590071
7507801
6662075
3283
581547
4772819
9995242
273510
8684045
2266363
5064063
110207
5038768
3722642
3604129
5283224
364089
4629793
9288927
8577713
9333553
9574224
9590056
2595684
1581876
633111
7723724
5966914
2619043
2322105
4445764
6158629
9766953
4191904
3908994
4299059
5038239
1541913
9571187
6707502
9547326
3647993
1295228
5447429
8095564
2900823
8191919
9667577
1599944
9986323
5039763
626992
9668437
6401282
1316633
938228
5610128
5837301
7286419
6988075
2022335
3803692
191838
6417067
908117
5113417
8797693
690924
5357243
9058518
9477666
2509537
5483325
8428901
3704362
2570228
847582
6591478
7476200
9984662
9651175
8467954
1511342
3725979
7246679
4861753
6615633
2483237
2217765
5639967
1384878
7983517
9587183
827303
9196472
6697319
4404992
1427389
6686175
8419195
7289552
2187333
2262756
8068541
9383433
3323710
8184952
6632349
9585339
3290001
9414831
8795419
4131320
4065373
1201987
4467053
7215306
5425947
9663983
1503149
1887938
6938756
7105833
6128175
5843637
3195888
5381097
5780169
9963606
406124
5114012
2839633
5867268
7419055
2446429
7389751
752921
3917306
3350162
6271673
2617099
1439728
1885285
914997
4077674
2477611
4826555
230407
5759138
1866935
5119032
7550781
7905262
381651
5567968
3506599
9026234
3554678
3419220
9167478
8778945
4339562
9207338
8103838
2371417
308509
6318412
9781200
8838223
729508
4285847
2857490
1008480
4764957
3367122
4551348
890623
7800749
139825
1117326
6520384
4551833
6043475
1810118
320082
4907262
6484784
3878366
6387107
8531891
1671073
5292473
8131282
8918108
1476742
3127565
3336573
8399527
7683735
9406776
360517
666935
4150552
8882116
5115835
5596370
8219710
6600154
2634112
308235
5818002
5904122
5962256
5072193
3962859
8409605
4628470
1040351
4323143
6495645
494356
9310338
4700873
3784650
2545241
5734221
6590873
2302853
1472956
6412372
8736196
3815609
7001692
4032586
9611643
2562706
7154896
5240914
5524482
7535809
9097173
2210770
3468812
2324929
9748078
9082411
3394203
2317096
5184133
8787998
2269161
7215282
2435254
9476515
2651605
5326703
1137731
9350619
8941611
1986210
3089277
5328404
2441468
494649
5346689
6946442
6899660
5089337
7432382
4593538
2549417
3153003
1791328
2206974
3099532
439534
4477212
9513405
3874050
3895377
3874067
437626
6027406
1333377
7996059
2249601
8427609
7864547
6273998
3086614
6500505
8245089
7949833
2307081
2747880
3242362
3796233
540723
6854989
251898
4527478
6929729
3733841
3402983
3431983
1109584
2970880
7369983
8219878
5450845
7676331
4140346
7173195
6792538
701729
6381620
5249549
6612752
9595468
9962409
8995262
8811907
646124
8735043
1834024
7576752
7665518
711621
4122526
8702387
9023947
6637255
658533
9356670
6499458
8659169
827041
3185161
4885180
7374491
6678002
5109571
4796851
7740122
2793182
7087740
4939544
915142
8673312
2386385
7777565
7578237
1517345
8399644
1898705
3016064
9822183
9167191
2270070
6594566
6938374
5426774
7564610
417956
3001085
7611500
9903851
3387857
7628319
1512964
4195685
5437073
2751364
2072729
1529936
1915370
7539655
6089180
1431207
8788197
6443917
8584339
2682672
6353174
9233272
6385527
736622
2866975
5623608
9487375
2518088
2719991
2426110
3000887
860848
7039413
5168427
5192856
7486971
4844934
3031577
1972229
2207396
3403287
59273
4246498
204813
7694747
8348806
8365829
9118437
96479
8279000
3990937
3638540
9879471
7981123
7612469
6881199
7413439
1332194
110278
4105606
9182869
4665961
9354115
3483581
820722
3101101
2487326
923820
5855582
616078
2438978
544121
9698787
5007019
5555123
1471407
822610
1826832
6995377
2990512
2706756
4771114
9981924
9601309
9431769
2976602
7639302
9713443
6042963
601297
1562400
5021329
5416052
6183569
6357548
1135259
7169305
9235373
1089276
4912918
7898996
2257304
2047211
4603980
5523203
8842478
6941706
8802103
3520622
3507294
976176
1833788
9585949
8874252
1470855
8114519
4818204
7164771
5309797
4356373
8814603
9649294
5936674
2176226
9439438
8328159
8719217
8350711
8262854
3018343
3904422
4873581
3247322
26524
1983187
402432
7799487
1978466
3478435
6956373
6946458
763233
5600105
5866155
9402212
3562440
189537
3375361
4724913
4268418
1138101
5163567
5037930
8500842
9227362
5434541
102866
1909864
5591560
5727098
6644606
9544920
488509
2946568
3255042
5545119
5669640
8038103
7960797
596569
2277573
8078155
2606950
7727887
9008821
5622208
7758961
6944980
939898
8742159
5022155
9478165
5293260
9314328
8990667
314044
3494065
9687125
5565327
5932349
1110871
2504921
4705339
522999
5690034
6295496
8963617
2784506
9579483
6535838
3143697
9985663
1960328
5172104
5276425
530634
4554971
6943580
1456226
8339190
3986976
6234138
7581731
5077268
3626226
8809724
5072060
2936227
1882929
6278298
627385
3390649
1553640
7445294
8489183
418337
8097745
8389520
2584997
3191223
5706198
8111314
8785020
5206956
5491820
2404092
1648388
8659504
2226625
3442469
613250
7706924
6502652
8763493
1943406
68953
5217401
738701
9970492
1460892
5591675
7832878
774097
1729779
8733845
5242558
377157
9689847
5236889
3520627
5383480
3364764
3230380
4807803
4641410
8930107
5354445
7400693
1973854
4574379
2505187
2642345
4590866
1920327
255966
9388963
8624507
1717573
3465794
9102122
5877364
9216827
5343291
4547500
2374930
4752444
9631514
4107484
2873518
1195258
5224049
5683096
9069379
7443173
851045
2182280
486417
7897633
846512
1777159
6435735
902613
1444847
7154908
6575273
3002837
9944800
7479892
5966386
5241885
5575608
3324358
8950392
1317777
7813072
9525924
2211158
1558875
7856367
1631803
7643435
5207509
7808059
7894450
3887184
3754648
2411250
4329407
6097669
6577960
3076155
5541984
5448587
7604828
8179006
507748
1096647
7974788
1893931
5896199
8030450
7738352
2865575
4735493
5848797
9641502
2137317
8521982
1726916
6806282
1794849
5467187
9330647
1189908
5068702
8937988
7733875
6724585
9907550
6936405
4002630
4088458
9193060
2667918
8092904
6439372
1108302
5716236
3493657
9914835
7233472
7304024
9516225
5741178
9135646
3962013
2903893
1306852
9633281
8164302
1918020
9934849
7766315
5458939
9312827
1638361
7469489
2955710
5167982
6808089
1167823
1824433
6357072
5492999
8292897
1031501
1518892
3650920
2330637
9743669
3093
2461643
2503437
7599650
8912994
4890614
6542824
9696081
7502097
3282742
3450431
5311629
5028725
9567651
5109504
7293510
5775802
1497995
9776537
136219
8563492
6781308
2140030
4935600
1047076
6194533
9208765
891329
14149
9395749
6027125
1840433
4734686
523194
3946692
7242985
9901307
6614725
5337291
6422145
6812098
6401600
7301278
9145576
3543618
2909339
7967021
2333189
3157923
9318428
6452435
6044628
7000051
2588176
4839739
2106366
2252802
194662
1203699
263534
2415851
8165494
7327200
2277940
1420417
2302175
6976897
7650892
7142131
3016500
7623473
8546565
7115632
9261863
7550516
6454442
5961067
3787305
3117057
7126490
124655
9696200
8357687
3972006
8417613
4517273
6892715
9163150
9669588
6156736
561398
635270
9531969
8107894
6183723
1898584
9735295
8078782
1343237
2383833
8831662
4687896
7800338
8672975
1312559
8780470
1483884
4114299
7926423
1309998
9046229
9724552
5242876
885406
5763749
8976369
180916
7866314
7617440
8601060
7872414
9629540
5561882
7063479
5920924
4942869
4852113
2810321
592676
5101463
9457422
4369511
1030420
7938317
9699598
2836679
9610996
866038
4894807
457986
4811969
8132927
1384291
2127709
8482496
1289535
4661530
4228714
2223632
4713927
4617377
4311002
238287
1871489
2929535
9928256
2535635
7493597
6203658
2942714
4383092
3962710
8135583
3033475
8848117
555167
5752035
1416022
2433875
9991572
2586213
8320632
6928116
6428476
3992096
7385079
2806548
3537590
9693161
5789410
911436
4435821
1946063
881194
2811869
7784879
6689828
7989847
5056102
7990422
8934218
3920187
6372000
6544297
7962292
4406119
2435211
8899343
7293632
199029
4845130
7529961
6408966
5296377
8896177
688162
1633503
8913624
5936251
7244165
4573312
5619821
4535320
4480990
1648811
4283961
9800861
6562472
7736119
4056680
9877155
3270311
8723353
5660744
3018501
5255796
9187415
177470
142207
1140045
200680
6899610
1639114
8812473
1743275
7481669
5897467
3681196
4752936
4226116
3239338
571127
397628
1542519
954321
9967992
3637716
2043300
2012882
1449323
2179483
6307536
9497059
3099903
1859672
3091421
4250269
4942042
7834215
1270274
7607524
4636947
7163593
5425821
4317392
2717340
1241465
4652112
1046687
6422302
6519466
5581021
1007617
4332525
4440340
2985162
7391620
1164314
8249723
3366670
6587313
2993763
8255352
1819162
2413782
9070303
7235235
3663918
1782575
7408512
4345237
1732871
584869
1223387
1181323
9585572
4204310
7480660
314821
8350044
2497361
14557
634777
6551232
4470063
2543552
5533644
6565435
9640864
62139
8646692
8232236
8021849
7315834
6776532
1176078
9061857
3789082
55489
6449563
8087732
2033460
9516774
8980913
6021651
5594191
5080613
6721202
926013
1521140
6129646
8969541
5705307
1349841
7711469
4864700
3407797
2963164
9302555
659868
6445197
3204502
5014213
6544872
1791271
6027402
8162176
1423757
7348148
3178687
2347854
598918
3239559
425548
9947974
4001117
8207961
6522437
1056841
9068959
5162868
8383309
8958028
7538126
275454
621474
5692260
940438
5665978
718309
6803293
1982851
3551371
8776492
7690179
9002007
2499028
9719809
3908851
1208522
618705
2375494
8202293
319825
7905754
768425
4071538
2190060
241009
2889859
838157
5156265
1632293
7653508
2863693
9916048
1073031
1783942
1915618
8340684
9982065
3700593
1058812
3399755
7150642
5659679
6744586
5439760
2026729
9663123
9158428
2304006
5395383
3577437
764816
9950320
2909969
5628819
1060688
2025774
4595169
2369561
6965134
2819426
6206351
9284642
2768344
7359514
4087679
9764102
682815
2237593
1677183
6310432
2646668
262234
8169959
1354301
106529
121199
3010049
1495542
9961146
4760226
6983051
7986165
2128902
3458795
2400616
4545783
8775942
7556780
6912739
4014012
2928446
631180
3019907
8386723
1476751
5053294
5836015
7026062
76673
9356828
3953367
3219596
1971455
8895264
1605309
6071697
9055047
8515121
3678844
7788253
3491485
4637669
890351
3250066
1890442
2503453
7959327
8346914
2958223
2680322
723360
906433
6110146
4782590
3516333
7292581
4217487
5608534
7602556
726747
1751896
880076
9015416
2950905
2651566
487634
8137980
8638651
1947250
1188826
3947677
7462857
9943968
9726789
5468908
7030766
3334496
5464087
3859821
1847723
5471591
3821549
1645244
3978186
6922204
3354703
6300388
3702107
1233624
7901906
9816220
8127013
911664
7312603
2431712
3626650
7633481
2987364
6498325
6266040
2288490
7679607
3257380
6016145
4524724
3392536
5635322
2134260
538458
9540630
1000790
4707757
2290116
1864105
7810370
7693678
7016632
2872282
5764249
3688531
4951989
2630469
2851045
9699269
9273701
3853766
1450799
6907116
8753828
8207639
3631305
9925081
7943828
7763874
4683711
243335
7182501
4138171
4157922
5491115
7285485
9721844
3731364
9928281
2499297
9625102
85188
7009049
741959
672074
7896241
8459347
564060
7142022
8910744
6615595
8040806
1644154
7590707
8309505
4035114
1394045
9369857
208424
6821920
3657542
2226538
6013050
4962540
4010802
1522189
267264
8049423
5114310
2714602
7705488
9569402
9792192
409591
7630963
7780613
2325724
6800819
3102875
6214625
7789591
22879
1186126
6457203
5585239
8907366
548853
4975955
7145455
4526315
9100551
9650748
3475341
1358268
5632023
919588
8635846
6106748
865077
1861710
6424919
6133597
7807326
685758
6133267
6147726
2940500
9374949
1124173
9407962
3434508
2322065
5619188
4003593
9053554
1905182
8027789
9732789
3519759
3782210
5376491
5917520
4485521
8448436
7095574
4649728
913688
1063159
6254778
5791941
7590192
8157534
8412937
8836268
2058723
7888041
8923877
8939832
4903383
7582939
6176463
1101049
3160049
7681854
1464798
1345037
6554565
2999965
4838091
1290962
1834839
2764319
4629551
1879461
2482257
8327015
2524939
3426850
8735689
380680
4918568
6988326
9083772
2215052
7950806
5816665
7048612
7446736
360414
4890841
3171912
1056118
369714
3897819
8717786
5635088
6907042
9709053
5751104
5474514
8156217
9954883
8894714
9201779
7470162
7684084
5101656
9516904
2213825
5142133
2881271
4362202
3804770
8124252
6239486
4834293
793881
2488705
5924386
4771139
7649178
2791110
2697607
8981124
4785644
3058160
2942042
2575048
2705406
3991390
1961548
690407
5312101
9638933
2121874
7396884
4368908
6202070
3095340
3441936
9436970
581987
5317434
5768796
2482093
6256475
7523392
9057459
2727936
8953044
5059334
2038265
418176
6787430
8378826
2439137
7684649
5372366
2618140
72047
9162803
8512911
5557967
4958622
7950902
4862494
9625552
2467652
9483012
7417301
5682182
1884344
8035972
672447
2339135
9243575
1960856
5168762
416002
6738232
3697108
7482181
5996069
1551576
5475521
923312
3274070
9788356
8832095
3726956
4662845
3283565
378304
1402400
9033060
7473547
1465942
8586370
6617331
3262331
8228644
5331092
8582483
940323
6057664
6669917
2482121
7174617
6201362
6477895
6255069
204528
4775641
5786801
5894760
5168815
7475526
9412573
1469662
3618765
7452781
6972775
7423992
4842476
2747946
7110725
6949019
2341558
9851247
1444149
2409868
3486034
5087375
7962687
8813090
5627360
1109239
9909948
6304415
1483916
111047
6869610
4585698
6954392
2934218
9325009
7753087
9528055
2297255
3342988
3120670
6405030
4856387
9292346
8230661
708551
5066601
9818166
5098838
8289631
9383180
7775432
3766825
450301
41049
2584094
4406990
5036007
7927926
2083344
4826622
6998730
3009368
8252487
4106229
477188
2002439
4650931
8272011
1119457
6069318
9748666
8061216
9488768
7316016
4327038
7986638
2006282
6261295
8598758
9651324
294358
4354312
2732124
9758544
981642
2451775
5363360
7735035
2273270
5995934
2739868
887319
4574650
6059318
7038278
5972426
817301
4862981
4893312
8885421
1288938
8621250
3251674
3074383
1585593
2804076
9121980
5412445
5305131
5051156
4554326
6082122
1607818
8966086
9731568
5899362
2411180
216387
2297631
8693463
4721407
6258140
8135256
6912121
5709507
2735176
1718287
3655357
2593002
8445364
3709669
3161110
9372680
8818991
8927084
9246139
1912045
7001909
7725763
1281785
1955648
2201711
291578
8044981
5841993
5227336
6082892
2332268
7414488
8776516
5738566
2889157
5111754
482505
1989726
3730546
2159471
2388394
3801289
5157792
2102927
3520548
2184700
1318773
7127047
1874388
1304182
315520
8124449
7235133
713316
3294224
1808876
550171
8614752
9951845
994306
7869896
1995184
4244845
726144
1111447
5060777
172343
1619062
2076912
3446061
9858344
3355854
3100125
5897757
490887
1523025
2442041
4653592
9726614
5835729
5908991
2693706
8399252
4057109
8470972
9566962
1146506
1662718
9699474
234618
8872442
3640624
3213635
4728773
2881881
9011488
72628
1655672
3590583
8458993
7964405
6148230
9888166
3105896
7376369
1800607
3034135
5952932
6368884
7115081
3594922
8627701
3817727
6838024
1893233
5272749
2073923
7816534
1850799
8719582
2280232
8318413
6060777
4836390
9347126
681299
1379892
5504864
8283127
1941504
6455556
4758211
7666278
5234608
7448344
3789528
9293167
6833062
4875280
7180006
3167287
1167848
7980533
6164644
3008110
214511
8248491
1764492
6649982
7349400
8768820
1426163
2000144
2405309
6623838
6721361
9907907
1706615
2830706
1085661
6102042
3340116
5681297
3359864
9981787
6782845
2059608
3906905
7125355
8373679
4672763
9762975
9959794
4579724
6714838
5974322
7983041
6785438
8129113
8580112
4679009
2472528
7627506
1812555
2050010
4205878
8209787
8342870
3872548
2258354
498678
1671068
886717
1144688
8357317
448772
3004728
6419517
5485410
2562496
5079346
1616211
1283747
8723296
8257537
7818549
3387853
4925169
8353360
8225037
8469051
4390015
9100602
5764914
9068572
9170763
296460
530136
7221022
1998739
6436242
7551686
5277428
6313880
7424861
7711753
603664
551296
2967373
9339315
5084245
2753884
8245660
7225631
2256339
5242204
6527688
8178137
1835126
9543807
8230126
9290953
9049503
9600095
7882245
7984463
9433081
2622463
8500765
935114
6566348
4418968
8299540
9916092
6338394
5918394
4772071
5376809
1030524
472229
9906333
756963
2150807
6147342
5853182
9797341
451305
5725335
6384962
1633263
7183135
5790540
5995608
6911032
5893321
947062
4097481
4154273
3936306
5236162
9941032
1425086
1098912
5115583
1920510
5663892
2848424
330713
9033136
5471333
627093
7732777
7087922
9530288
8636237
7066105
4473123
342294
7880257
9864823
373066
5310230
6337386
9568945
6548161
5409333
9605605
1639565
8193299
1678673
3454569
5636599
8333770
8435057
5696527
2795541
5025127
6095739
7314718
3384949
8337467
1263680
8989804
3591669
4821027
4448565
797444
4988207
9622081
6744900
3789738
1542797
9700474
1589367
9929842
5651205
4586303
1128600
9503090
8909770
7973681
7165648
3518840
5827004
1286169
5064153
8466447
5031639
7263033
9058818
5257191
3356735
6951040
6749491
4215524
8646461
7603915
9186575
3029980
312112
8660804
3129605
9677825
8375248
3572756
7839915
4495220
8937548
7276690
9497858
1004648
8762230
3366316
6111515
7759240
2478728
4032806
2524513
5037790
7304612
6883026
5346114
1080915
3415138
6919568
4478423
4815810
2694158
4302461
3961602
6809301
4001088
1905197
2515950
3219817
464799
4120260
5210007
7787308
8143365
9392306
7317097
7080307
620820
3388839
2673592
4575348
2288927
488920
4335180
4660241
9239316
2952543
708542
8151076
334014
928238
1408105
5266449
4999261
1066724
6828442
6097415
1515089
6658794
2358209
3960114
1877914
9579344
8392778
2024048
8756995
9737828
8812403
4224639
8329068
1514124
3994267
2051465
5258153
5524501
9803368
6542287
3958385
7094565
3657574
2420582
1792042
2938601
3592147
4606140
7373174
6851405
4266546
9889850
938273
8226852
8950141
6286507
1895177
5309821
9156083
7109871
7966731
4133012
4659600
2431213
6090097
7972899
6169642
5170259
353567
584006
917250
4021094
4244349
9273236
6454031
5188665
6087699
2047723
8974313
3965831
7422288
6517463
131972
6593036
4287144
5048066
1514150
3950371
4989929
3529700
2688167
7362612
5321471
6816396
568441
4597570
1343764
8249221
7903601
6928342
5582153
7086126
1684359
2690115
4378352
8494884
1113458
5903170
7061036
9189347
5482264
7604471
458872
874074
3082640
7439101
2283249
51604
6721991
3356707
5126238
5263379
9660478
1379625
1859389
2647822
4187653
8663183
2182598
9965937
6883964
5358629
7574744
8025641
2239923
4373483
2910496
9949232
5495888
4727775
3333025
1415980
6954097
6167298
3051596
6601737
6330380
9569566
3766270
347870
385375
9370579
3837071
1492780
7758203
3326355
4391993
2831256
835220
6728250
7195805
4364724
2504020
1494201
6172676
2854189
9516757
1968816
236809
8822093
7300753
7611955
8290446
1988308
3766216
3408214
3196801
4466143
4831201
8290766
6410130
2184383
7236158
3466273
3616608
4747403
3176987
7018430
3026105
6853898
2448515
482733
4868630
4392267
3950794
7566134
4166085
6201493
9779491
7686719
1438457
173145
7866529
2234808
5423168
6669862
3560422
6433987
7101644
4298753
1225670
1598524
9344909
985701
874305
5584507
3939986
7900935
5944196
763563
89943
4255657
8464811
6391074
5075232
6621914
6222690
2218590
9387866
689963
9738955
3009367
4366970
2849887
8451468
8268481
5690442
7853161
2213243
1504044
5323703
8899035
7263355
2378938
4368888
1960285
5255792
740919
2145328
8375365
4714409
6049734
7215647
4746703
4416039
4425124
8673363
5251442
7311098
2767970
5293932
8242224
2537802
9322675
7381801
892921
3169551
2493444
915486
3856421
3072602
601669
7889445
4365834
2743997
7837189
7322079
1946561
8303226
684372
7407472
5981415
9409578
8140298
7679934
8270976
1887284
2483930
2074574
5865387
1569977
3418085
4766684
3030888
2823522
8535204
4576683
9449724
9826037
3563417
9790301
69219
8825075
9576231
3029443
6986352
1289086
4129837
8356913
1582180
5513963
435573
4769448
2046669
6613072
6267269
9904237
1779558
5428073
2579925
484434
1360016
7721432
8050633
7617788
4518414
9969094
97398
5526867
735631
7601791
5451177
9548895
2169633
3546148
816753
4747181
5421908
931724
1186554
9179759
6398679
1552749
6691736
4280940
2986526
4027877
6692722
1496332
344135
3493398
2733692
6517998
6751089
4780431
2585951
2023366
5008782
8235015
7253771
5202637
2202625
6023764
1612484
6164903
8600894
3353284
8214512
7473284
6511062
7993332
4504337
9446531
7097947
1513680
7088984
6177976
3126533
7283089
7147381
1559400
678439
8612441
5733528
7776657
3761959
2601638
8310129
8846269
8802633
1408785
4877188
7855415
7337609
1328473
8012990
5039763
2493204
2143957
5040021
4171714
8776029
7176149
4957360
9538447
800748
9244151
1284003
756567
8613667
1805769
8567312
7128866
6929316
1585185
7795643
9537482
4251017
5963590
4275845
9824199
1371866
8446399
272944
1911521
7765821
3012386
3056946
6592731
759316
1397384
6983543
4993697
5267146
9851722
7633603
7548874
4447211
5726641
3140557
3541140
3105252
1312323
4350629
1783933
7277939
8965342
300568
98098
6625891
1957537
223215
2881242
8004744
7720255
6796310
8165849
5080141
6052025
6626954
5077737
1470274
2098654
2266836
232800
3201128
1877581
266511
3157827
449887
3510289
8071808
2435284
4056399
7311318
9035916
3203014
1444411
5048565
7774991
2485808
7952218
7077959
366026
1953855
2786788
2557221
7470323
8137736
7910277
329300
7541632
9818468
4070651
3377899
4946451
9553458
6572196
854333
5601075
132109
1722409
7244200
6974053
8316520
9708326
9996529
9299687
4878388
621046
8178835
6705524
8155421
8612680
9915994
8185629
3890734
1018456
8863552
319097
7080062
9670444
5299087
9282091
1065531
4493759
6998406
7941294
1961941
8301179
5817737
7521652
7318726
349083
2706726
4832020
3224603
7872549
5768802
7350278
3894045
8516718
3685994
9859278
5690044
7859577
2200476
4922336
6549343
6993769
6044086
7924296
2718342
3476384
4738846
1446061
8101546
2165881
2907343
3346790
2622516
8257507
1692884
6979060
8283333
5094434
3937930
3513702
9342066
789357
304181
6019443
4375633
5990203
2660959
2931228
8446975
536368
1068132
5666249
7224613
1912088
3803232
2024810
9428485
3759701
8159856
4325538
5709693
5959955
783100
9345285
4487759
2536353
8646767
1747214
845942
7345514
7669464
1861111
1776571
1709063
9436729
704131
8511178
1768505
2802572
1980708
3445810
6067287
2634569
4901011
7407442
8487537
8361614
1665881
2588653
6102493
5613783
2311439
2063321
3387158
7367018
6975125
110522
4115721
7946753
5726401
4811006
8472876
2873297
1429987
4463002
6248446
6962690
6050593
4117990
2543615
8886058
7075325
3828259
2315161
7194454
6935860
6867071
7696600
8659649
6069567
499340
7425239
2442500
166912
8679671
1167379
1422343
5675794
5281545
6738584
2756911
7282525
1031268
6597914
622330
2532556
9639472
969888
8720434
4961433
7034776
6744489
9288042
5105694
5262933
5774003
132578
4693942
8854876
2463933
6776957
7485811
3441571
9133941
7417943
5792345
6786480
3310074
5058858
1414000
620257
9016638
5611861
6543006
2114024
8732033
9072955
4763520
3585871
1557254
8584426
9257431
5238727
8746565
5716147
2684814
392952
467938
9058567
9940561
4340102
4049010
5099303
7092499
8477101
1852908
1005723
6257548
4357991
8514427
5947076
2077238
800825
2092955
7528556
4998958
9603871
87467
7602548
5687146
3961056
9757526
9489147
8947099
9991653
3923149
5877682
5019771
4773714
9609415
2348332
6336180
8718560
4154598
1765415
5500360
8664624
9770532
3230542
6061064
7622051
1643964
2458756
7141929
6913102
1374846
1547675
1043437
7128417
2182101
7990201
3603485
7485392
1309843
6195729
8829104
6757086
9869021
9377935
8706453
6623351
4424047
9802991
8368934
7103846
7383317
8213137
6994797
2732049
2421728
8485680
2132787
8132998
7679147
2170724
8609824
8877515
1980688
3567550
7640888
7941589
547062
2631334
9378912
6196364
1992564
6855504
1851134
2027803
6200624
9592621
4858524
675823
8770752
2572023
1975387
6232189
5115786
6282393
5087860
4932188
8152478
469390
2396951
2384711
9892254
7075908
816230
5119802
4756044
3616857
3071525
8200597
34994
2052322
9186152
5849359
1133545
749648
7005749
8072801
9614337
5195936
9491945
7589584
5667734
6330139
7972996
2228176
2324019
8468533
7733226
7548563
7534224
2499514
5456224
1498457
6872423
6496728
3906110
6633664
5687441
9076381
768728
7433921
4653582
1485286
2778555
416144
9596481
5181611
9412763
2076711
9384384
1428615
3228385
9090472
9678031
887085
9567114
8753577
3177536
7983199
8432880
313132
2018017
8923121
3015594
318324
4613106
3452835
4115228
9723282
7452934
1420157
8951381
5375943
6741050
9879986
754701
8245550
390293
5703525
7331936
3028422
6961479
403609
8856722
5324794
6409081
4314728
1527148
1923418
1666542
9089548
2821190
4787408
2416494
3064677
4287494
1503718
2587506
5147153
6832965
2838555
988409
5457473
3044358
455857
981498
5000019
6542103
1656654
5369405
2390092
6926018
5439472
4327420
6300066
2029478
870371
3398384
4020207
9831937
3967663
8270823
8533249
8462785
6460045
1930746
4517896
1017236
5340800
7798445
9279832
6829610
1098207
8123051
484970
6836612
3921515
312440
4515752
9295841
9834346
1703046
4132499
9306447
2106738
5110556
9533580
6824065
7482341
1407749
8395863
3413441
2388523
6263023
9067075
2821732
4113128
9018352
7109387
9313910
7578974
701155
16795
7795568
4852801
2808199
9109
1009570
8089744
4585263
4209219
6377918
5895815
3569423
9817342
8561891
4719621
763108
2708117
8960532
9446942
1173319
5043875
1505170
6632116
2063212
2342943
9336170
4688533
7247128
3537479
8469479
5340254
5748466
4384903
7595350
4580401
4125992
5396195
5731598
3533683
7714153
5510599
266332
2243546
34352
7994830
71794
160703
2911452
6931726
9324620
8203668
6589941
9028348
1361451
1300623
9037037
519214
7468827
2070571
5922269
6314549
6005669
6488606
2972699
141456
2093191
7762693
6215634
3237850
7458776
157091
3716502
331882
4716654
6003241
3213033
1509388
5086492
3710243
3930197
8284735
6090116
617336
4710311
8268448
3507887
119713
3289791
6645224
1861374
4653120
9547952
8394072
8288135
2860132
9257420
3250926
9490990
9481480
2944886
1096570
9867765
2151618
1091347
2137936
4355776
9561391
3824621
8775826
4602460
3218735
387848
8941275
4243312
9397187
7615617
32799
7165792
870114
5419029
7256955
6826245
4597555
2042085
8695552
7828027
8314365
6064492
8678131
729217
3767294
787937
4662943
7047473
8932363
7530647
5305660
86559
6574302
3264983
5615432
1372526
9593542
425671
3785410
7110524
1248903
4194039
3303045
2759543
5523473
5214458
1054350
1622795
467628
8052501
7246901
403048
9941017
5608666
4201174
4146549
1809266
7945296
3999004
5717709
913232
5596686
8718701
3971900
1223241
7357304
1605089
7490292
9712909
2094240
1435035
1018158
559415
6331640
5255957
1090993
2139696
1040225
7414161
919205
5057846
7245057
1103778
1708384
936001
9382794
875824
4947883
6399762
6739124
1607765
6897248
3910971
177949
7606979
6441110
7788137
7182423
1699162
5697819
435740
7618144
8677393
5506177
9861872
3229301
1812050
1722847
206169
9985382
1133209
9946985
3248313
9616904
2113621
8537892
4299768
5962476
7063326
8076541
7459559
3119278
4079422
2309765
739386
1014874
2142128
5228903
9806657
7312319
8608822
6001943
5220873
9792290
9078885
2443177
2473114
7877302
5178698
5752913
4883243
6187941
135591
8685240
9838830
2425992
961631
3982699
8507859
9386013
916159
7081011
5768278
3278388
3361683
3376604
1147625
5730291
3176860
7981343
7841711
5555699
9704123
9497531
5631449
5026984
7024542
5513313
2722607
1759056
7621925
707867
8320337
3681020
62027
3741741
3863357
7827188
3575871
4010075
8065583
5561901
6306754
3444637
6716131
3091110
112834
6087062
165962
1237004
6004342
503612
9306181
1932556
2389109
4875060
7388823
3261549
9826188
6038276
736601
498042
3340728
3318953
4766422
2921696
3673289
4395612
2924010
5701192
9303050
4126596
2995429
3288126
360577
2954089
4392084
1697691
352217
2302565
6357269
1861752
5677130
3527198
5118266
7653828
4029048
6201542
6247001
2874941
8840364
7276582
1096853
1987989
2423171
2194371
3181651
3215879
8934786
6345069
6278963
5334343
7206489
4102863
775027
9853694
3172608
8983669
4935568
2492540
5497569
4146853
893538
4698851
2121623
8527347
9799274
8203902
3510424
1365795
7896487
1088390
2809069
8533124
6511504
8542263
6279144
8364915
8705570
7789113
3003097
5399297
6272645
8816019
8108380
8301233
7948343
4501922
9750695
6726759
9797603
614122
3476233
3683040
3405784
7584645
3932321
6642100
3667395
5133812
7130701
6326403
9586005
2637535
6276480
4270293
9236730
1422019
2253689
1409759
4950085
7457562
8704368
5898449
3861739
9797261
690264
7805652
8594332
5643419
7148812
7569062
7844204
7256241
6861090
6165828
8347388
5318721
4580507
6415120
414703
3012614
7410304
3922353
4456446
1273197
6024580
1382754
4941190
8418219
8603206
9171297
1311291
4637642
3820870
1651031
1989575
1197033
6043773
642256
9160798
3360588
5599528
3299178
5523753
4194701
5078725
4604752
3198450
2312993
9112137
4381126
143175
5024343
4728579
5815526
6774827
6807498
9730010
199494
7918913
8600789
2504522
6669033
3818134
3807192
3521119
7959754
3921225
8654114
9848287
9271346
7864125
7741027
5715320
1440758
5252525
3151543
7193953
7007640
3516249
7359843
7549277
9369183
505063
6286426
2331198
9688984
2153283
5126647
162423
8385257
5950249
5701272
3783106
7032126
7142386
6767405
9019499
5027079
5470707
9847473
389900
9522370
540378
2334294
2578512
5540685
9532662
9628088
6557977
6397464
3425985
6553788
1068864
8967264
6483285
3159799
7965448
1822650
5517043
9554877
7575506
5111103
1564333
2876012
1750085
9276237
2980240
537864
8197572
450276
3132174
3338645
1165867
6474229
4761670
3454300
3909753
4883941
8797900
1174061
7627991
963905
6184959
8699519
185340
2882758
5482326
6893108
6561658
2634618
1857976
2166571
9000189
7019809
8023723
1153652
6526218
3464155
2179902
3450688
5196864
7251125
7965488
2663908
9648433
5206201
9856480
3405320
8430132
7700012
4621133
3384011
124878
2393975
7478136
1073240
6698084
4141291
8822409
5517884
9550080
8236919
7720952
7762742
9665904
655734
1528450
4830359
7655555
5818034
4990362
6561408
2938132
6963430
4179789
3012821
7249043
7681082
6453608
3077685
9539782
1602798
6602696
732569
4021420
2649664
4593204
9021739
4897095
1119777
3644932
8279348
6900103
9274846
2033913
6186298
1284022
1765376
8462342
5469593
6880271
7565451
2765542
4240721
3479127
8490355
748854
7753884
448252
1228017
7749463
6394730
5765620
6699845
3261551
6655091
633754
180144
4204467
1924057
2289765
5488002
7788748
8132911
7740287
1144830
1384937
9201105
4065013
7343785
2353102
7898508
4683224
2707282
2862011
303100
1686364
2973537
4934929
2082915
8970003
6557367
2826179
1301666
188083
4584413
2575244
7393015
6007703
2985342
3635161
577889
8930493
3626673
7416505
801214
8772378
1724586
6553490
5172823
7448861
879383
78279
816459
6331647
3384603
4189268
6285496
4002043
3355204
1533210
269081
7074663
468826
244276
5655879
3223773
1059842
3700515
1620733
2816608
2802588
738408
6973954
8598325
1806635
5488524
5413665
9429704
3180080
3474886
9088263
6628073
7178641
2026755
3899162
3586634
1776461
5982359
5425212
2912887
251568
6746782
5305631
201015
6529469
3569654
7696983
3692602
1107570
4671744
6190457
737174
1129632
3666843
6897061
5058906
8381495
1708149
8995634
9549677
2876607
4226855
1589551
5441762
6519047
2230220
5570817
2941567
5334601
8088806
1132689
5622133
296098
9815291
7531487
6415128
8573596
3899453
8445987
9856087
222998
3902480
355902
2081318
5181621
3966073
7189002
4086020
1331938
1005342
2307799
6283464
8367242
4976370
3389196
2544611
6304005
3429017
635970
3994051
7444491
5514501
2252627
4666188
5327415
664504
8738797
6960757
4839474
397509
3842151
5557793
5750029
4064264
3453044
9048150
907211
4166422
3731992
6400272
8748848
5396174
3079383
7421585
101380
1084092
8248389
1174153
3229035
874209
2374514
3426244
2106565
1539468
2913797
9942693
9208127
3428816
3964627
8513172
1311383
7151118
7836206
5225482
2754128
3314109
4109159
7113822
2960097
4177014
5085187
4787428
9670754
7520743
3378949
4561068
8072705
1342446
6032784
6681434
6337048
2814648
7897262
7405062
7091684
8477403
7271757
2615207
8086631
332375
6399155
7170537
1396416
5037050
9985520
9012682
2563537
9275320
2947746
4316639
6382896
7778777
5131266
7610198
4751740
6293921
9431180
8067230
1206948
5590742
2292714
7872851
3283566
2595846
3181394
70139
215324
8400349
6279005
8245226
6787311
6976305
6621124
6260333
6443079
8213305
5164209
9870188
1195115
6858318
651408
2088387
6456310
9489338
2723989
3258609
7319865
4282526
5848180
8549810
8197715
6177045
968123
6464818
7114217
4140480
4066007
8014905
578941
6063526
474059
2481087
4384402
7641532
2472415
4266246
4150932
9702966
2708303
206988
1958416
1548635
6448285
6671744
9834141
1348022
8699608
3167929
7095838
2782059
7161715
4242476
5070403
8399460
8945634
6422128
9832787
5167028
6905653
1491049
1833315
9606831
5777953
2394335
4513430
3515256
6676833
5169067
107715
2825262
8249748
26485
1625221
1171746
7010186
8807401
6993454
4837547
7230135
2862768
2959523
6285608
3127274
2253719
3322234
8161634
3053191
8432460
1849491
7560834
9514228
3566390
3114490
3371229
989555
3065691
3219294
4351204
6858399
7394230
1831996
2787135
1338987
4917832
1437926
6337234
2091810
4643300
1078145
5740357
497724
9825517
3938957
8017784
8140211
1691297
159494
1024358
4464095
121244
9771814
702284
1624737
3541140
8763320
121836
6302627
8725396
4459985
8152489
7939512
5654425
7205037
5646376
6220743
5755885
5288578
4019772
6060109
6685240
6349098
960354
5973180
5540764
1680698
51753
7665834
6741226
2329736
430847
2061829
8902484
4688688
4169770
6181228
7581928
7972524
8638824
6931115
3153026
52498
5405344
279011
6043248
767630
5461407
7454221
3918464
8129168
6713658
1365150
5844075
7179244
7988001
1685368
6456855
4930203
3272849
2401851
8725066
9594767
8466398
532606
2145158
8353797
1461126
5055786
9206442
7831656
2819459
7487449
1940766
8089446
9070903
4041659
4082837
3550744
2859392
1500417
1769488
7296301
490261
2688302
5477775
6433892
4703625
3697297
4322290
7991027
2065244
2277615
8968149
8253699
1517361
5583477
3754846
9663209
1084933
5758374
6325184
6403033
9427117
7331011
3915257
3750561
4346876
1940956
4881776
1471033
1868689
1495512
5708244
9935476
3156741
1947940
9610644
6169604
2137711
5257515
6378616
9679059
28161
5214341
1038257
9899561
8985928
3185284
6512002
7108482
5362720
6124084
2119086
8719982
9911577
3726917
1788216
6632242
154158
9031057
7727633
5300363
2427677
4979873
3672604
8385801
7646796
2473388
4754543
2447305
576195
5371048
5182339
8428505
2071383
4587773
9629652
8024253
3618931
8305151
4890477
6320123
986712
5589239
2561919
3533502
3776078
881917
3003462
8178971
6573446
5018096
2670820
361815
9192957
6581460
5660803
7087325
7942697
5843625
6565977
6560951
1204994
8855761
4748622
4737284
3273104
9194083
6606406
1632752
2196150
5426064
9737223
908039
5101516
7676122
2746338
9683095
2307890
7413579
8094029
4883539
2429725
3519296
3659723
3282548
153219
6077141
9658343
1710401
2476409
6317558
7165735
2822313
945086
1611414
5965708
7950316
3013740
880337
1968754
8647568
5678850
9955473
7278316
2492563
6777895
4110435
570306
1993176
4040884
6654596
8197783
5078289
2893852
6297692
1503426
7779156
6410590
4617359
7467846
6162659
194657
2013273
1956688
1386419
2047686
8207724
8552161
3773784
386325
9845718
9613042
9607147
8044648
4592341
1586341
9946860
3038297
6441778
8123385
7275549
5005707
9586889
2101119
1668348
5456437
1065325
9017940
3101937
6800318
331290
6606810
9329142
8999581
8893396
8196732
1072596
8705717
9810000
9042614
2081874
3480665
1968405
3031042
3018852
89322
9306687
7503323
5273014
2064358
656714
2161174
9648259
3459964
2704660
1473391
9437121
4307727
587292
1419526
2092407
8491760
5009307
6099519
9133972
2879024
7097624
1436
4166405
5043231
774542
8714809
4922382
8960752
7464524
2346379
9681653
8228266
5250196
8768885
5907546
9029657
8566285
3520523
1661098
750539
3977884
616294
3155353
2376784
5028287
3610674
2251637
9262209
3624550
9928474
6024114
4653928
2155740
7080238
1247549
9224929
4277643
4373392
6405245
2740045
6711883
7651548
1396772
4264423
7136078
2403235
8990983
3418575
1183768
4519777
3231752
6243512
9456347
8580329
2752187
7041171
2575159
5307646
7275057
6357591
434696
4152323
1300647
4531950
2090798
8916590
1845329
9200102
6824658
1106615
5525703
1492739
6087101
5595493
4584425
2455004
3787717
4591032
165480
1643276
6327628
3728327
6352397
1761654
2072045
2948284
8832797
5143049
9878879
8214438
1602905
8874479
5853575
9599220
4731120
9253344
4547531
1662055
804691
2864667
5335095
6535789
3031182
5791041
8920147
9255516
9976018
6755368
8000415
9937315
2140307
4346323
159342
8616198
2608711
2120110
2393608
6355221
9522090
4485723
886922
6210099
4179400
7016966
7680385
3071985
7364527
5939159
7862908
8426009
4812036
4627542
7176708
8734130
3838025
5120196
1458650
5128150
6820187
5246855
1512309
1333368
1286699
4027149
1570912
2770139
9652213
963206
1419103
4795782
9297259
8268660
179427
7113265
8534274
2288889
8047292
8351786
8640459
8932347
2091978
6802683
233208
3190759
122311
7129963
8964483
5789157
4097437
8860240
710616
7527133
2827504
8783148
3776025
2932896
1260345
6158093
2236719
8618196
5927249
854071
7092103
8313243
6360155
2860247
6262662
1899744
5670005
4190366
9044927
1977454
4866479
5019374
8105488
4924869
4441782
3574654
37486
9543585
6603873
3648427
5114028
8649142
594403
7768807
8191752
964636
5968396
98837
7723457
5512185
5005494
5937336
1797915
86477
5867357
3123209
6745584
5948066
148709
1700166
7227689
8255165
3314246
1421765
8876768
8628835
2578838
6890723
2077735
8177420
115939
2611045
4196565
3793249
7897014
6633021
6279871
5021169
6115224
7186378
3056508
8999759
4521153
1823600
7358019
7371183
2715130
2346704
5934736
7280644
97480
6026993
3329684
1856662
3180408
4779825
675389
2242784
6619384
7064144
5556841
530270
2689598
3338531
8041236
4459378
1993005
7064808
8205197
9229544
8314245
2137988
5450712
6708807
8419790
6523796
2204823
1841011
1809920
354876
2116003
2609562
5773385
8388624
228992
3967895
873084
5740174
7208584
134703
7286824
8056302
4856445
4734923
8152540
1386048
7196620
4156510
2558454
8577182
3134995
4185359
4716727
1929716
4421312
4149918
7200093
3328809
7950603
1729142
8427766
3039835
3165341
9918627
2495210
3848429
2021004
2219556
6732415
643682
4594636
3224202
2452983
7152178
296309
3349463
1525644
854890
6381259
6833313
8807555
5141310
3882712
3720772
5640129
7148367
8039563
1029278
8554094
7165094
866636
5105139
1846416
4517200
6099796
4706948
5889215
7014122
4143447
5366040
797864
3049287
686006
8992
874607
5396218
3556394
4786825
7919822
4700294
1690501
7229429
3101101
4232272
8242418
6099882
5608324
5106259
1871140
1625498
229204
9257135
2186207
5556811
6049340
6063034
9880289
8872834
6234285
3997209
4629622
3523775
9803384
6443280
1463497
1784518
2189182
2019211
688520
9840869
3194946
3236787
7478777
1654862
1256272
9170075
5752874
5057935
7955731
3388983
8951611
2578195
735029
2144665
3216306
7016443
9235785
4236675
9401047
5827391
6140663
7524284
1970131
7316977
1135961
8100386
7029724
8787281
8453527
367000
2800707
4599451
2163158
4859628
762445
9498837
1019944
3190875
6668840
8305157
8933362
8614894
1258049
2776935
7344142
8544274
6444975
9437161
6547257
6725130
4554917
3471619
3088121
60408
2684406
9594856
3654208
9934004
148669
8603284
7641032
8452660
8809267
4342525
5090378
3696631
4972158
4504929
9263556
1998224
2870735
3756913
765251
8951749
3996615
4896319
655833
2485368
4659981
2230890
4537144
864362
4177663
3522753
8969015
1949259
23488
5829444
6192641
5445245
1396639
9215307
4429826
2241631
6850857
4947523
5446474
960721
174621
5964018
3678902
4692417
2965126
4294753
262371
9015887
9785500
1785813
6408578
4317536
9242196
3458775
7418632
3701709
5440231
4509607
3421187
9758700
6634776
2611231
7483577
3887670
7279694
6184754
2488635
8036403
1571876
8320848
3045292
7707288
3104256
2954645
3168544
9557276
8229533
3026722
4731918
353116
5203626
2733322
2981887
6613534
3151567
1165247
2407906
1208777
7153722
4114677
7634039
6752902
1681645
8837878
2303366
197779
1673191
6339693
6442293
347556
1846090
227366
733837
2217597
4166504
1402501
4490531
2393029
226441
157642
1784072
9099462
5677241
1425480
3394394
2335894
8060202
9443077
7454557
2737110
5157065
5565948
8034750
2592304
4090434
937436
9118861
4487178
9120312
2064865
355810
747020
1724955
9137579
4978446
1720774
8582258
6967321
2379597
20308
3763344
402668
3802978
7166144
6465655
2472568
5927557
4812481
3789712
6454930
1885905
8251381
2844729
1847770
3766862
1706852
4728059
5994632
1279933
5598973
1985600
6048078
1422781
727240
2535088
2987482
7191192
8899989
5617752
3042808
7134420
2520274
5059401
4815155
5844942
1743532
4548191
8376039
6192681
4452690
1281268
36554
2493815
2459357
5373005
2479341
6553174
7494306
8026758
1129336
1898578
9694595
7171474
4672055
2427124
1517450
5419937
2139695
3051312
6459521
5915794
5357230
8291409
7110723
8074682
6944834
5594617
2318969
4125654
6428782
7023944
9216384
8339993
9038679
8955186
8264481
8933439
8996154
3860681
6452975
1402873
9746958
7077314
8840686
9695158
3679814
1463816
3945885
6068478
48086
3410467
287808
6080037
9367970
7951165
2241314
1848117
999543
5861080
6054202
2337893
4944201
7724036
2418272
9252642
7064500
4068432
3535587
3767948
937271
2311923
1966891
2400427
6332742
442028
7125431
6235827
907368
1778550
9757748
1237661
7999823
9964419
2653706
506433
2464350
6127782
2370244
1325288
4111187
1292942
209342
9549309
6987625
2511839
3060576
7881345
2350696
8849144
5024906
7888387
6904202
5659576
7448642
221618
4811187
1866745
2615356
1006647
538870
2912193
8443897
2690207
182328
6650333
7107178
7621831
9297194
4329434
9597661
8420023
5134398
3813711
7108008
2630679
4560511
1542439
8749336
6334411
2099390
3554493
6717638
939471
3672641
6581551
3081871
9383402
1295357
7859054
8009716
5254451
6796449
6383229
2765294
917239
6232369
7117263
3267038
4528499
1818666
1751543
1305412
6085124
5628281
470582
4018646
4734647
2730667
9086002
1786179
1095874
3555259
184164
5186175
3149819
9255846
3384400
543025
4032155
4515890
1426724
9565073
9475719
752870
9457977
8116935
766394
806127
5277782
1563820
5177531
142250
5983580
4737923
6679621
8392234
3269607
5275973
6553874
5969960
2172933
1633763
5558597
6833135
8448644
1694548
8425134
2519715
397374
9851171
6410772
8001945
9837459
627607
4867396
2704874
2542383
7769634
1321254
1565161
3885102
3617960
2363283
2701921
8415786
8662090
8779301
5727999
7507473
2201131
5687824
4879513
6045106
7229327
671306
6503424
4011611
3503429
1258263
2556872
9511019
8347048
1634203
250682
2392809
5193259
9179420
1462432
8370359
1578971
7630410
5263327
2847390
4959483
2709059
1143566
4699589
9672261
6095637
5928540
1497019
1193430
3006247
7729954
4327584
7940002
4295409
7416291
2356314
2079809
9541764
8191627
664255
6098051
4808771
6726644
6862439
2163997
7395862
6152747
8597976
5262097
6269363
1400739
6932249
8488306
7551296
4409513
715978
957286
4107345
9408670
133261
2593124
1766608
4876476
6305242
2654253
9565257
6698814
1224380
3742180
6513302
7755748
1568723
5854208
7816130
7859937
8977753
7798940
1830714
1439864
3024486
1817784
6659630
7266454
3346569
6736396
5515018
1081653
5323157
5744914
8158677
3567427
7989637
1918080
4670359
7626565
642272
9144946
2612903
7884748
2441317
3581435
5371841
9532925
525517
6380121
1046903
6064843
7216044
7942496
3580608
907271
3548262
384916
7095427
4527301
4229055
2954563
1402430
2377968
1161975
4595369
6795922
1370852
5005261
7573587
7041765
8804313
3592085
4352803
3088322
901646
1550907
7189613
5738130
4981240
2760411
3332045
5859884
7031350
8080331
7977557
8984305
2695917
7328020
5950751
9568330
6528652
166624
9410483
3331284
1305414
9705441
2426275
5431332
5310246
238015
2525077
7695023
2474415
8379308
5308443
1906008
6818037
4409098
8735758
61688
7559126
2109185
7538484
9703557
1634874
612134
3667882
3148362
7049386
9161807
2786713
6334349
3626182
5839907
3519241
3207116
9677710
241106
6211872
6103459
271645
5065788
5150026
8423592
2092880
8374023
7650369
6946669
6885149
5901034
5909124
9101087
7144564
8777334
5634236
1902201
2949667
7697783
7187085
6259940
2967809
9273667
9980629
2728934
9106051
7312789
6401571
4781976
7339926
4752119
1664721
1470023
1741678
1503876
275591
6900128
1739383
8328293
9139116
1672724
7450818
8445005
9751482
547534
4863790
7057183
3554608
3739296
7627424
9254110
6393459
1921010
3280957
7878149
2087767
5882322
7783742
6927896
6640566
127593
6285480
3757033
8515458
4758093
4489737
4437559
5157261
6957789
4052612
69753
6955107
548190
260552
440349
2573212
6281486
8706759
5326279
5621877
2859018
9599713
7214534
4057253
9323763
6565972
3232306
6598777
865386
9694775
7199145
2162088
6550022
2914493
6763215
5337251
8678470
2658244
7338381
3875026
1670641
2119471
8460030
1985965
9679343
6576873
4365937
9276216
2668470
5409053
3418569
1564550
1564734
430172
7338708
193578
9953725
2567730
466715
9121311
1321584
9593109
6415689
424294
2190233
7611928
6008280
3129877
4021866
3720436
4981534
3251910
8982811
4114687
6343583
4370125
868202
4613145
1391895
2412053
388239
9719957
1735087
1861123
7702885
9997450
2058302
1796449
2379603
4738944
4395542
3030430
1556543
1298245
8292056
6063241
3489199
6556540
1688992
8238234
368377
6941492
1234400
8162406
1280315
3528181
7044873
6295724
5261083
7564487
2702871
3016652
5012277
170126
2997704
9517612
527652
1966410
5751405
5818066
8118680
9168460
84131
2657315
8753489
4269819
2040003
3235407
495855
8991820
386517
8690513
8585652
2555943
3629022
6121850
1925831
3639948
494888
5495205
2324736
3686980
1399938
2123665
4489425
4591362
8079486
3342652
1542998
5847756
9252587
4937885
7835694
8318173
7315907
8600950
6709916
3238913
4195867
2901780
3319816
4715787
6590526
1726285
9791993
9857938
5227532
2779199
3453285
8184460
7272448
7485285
7109133
4557933
5347716
1804543
6426443
7202677
3350759
9515065
5920940
6274016
1078209
7539738
2805974
566399
8579144
4245704
9846033
6875442
4923670
8900283
5909831
6682478
502310
1923508
3018293
5413692
7203916
3119135
6001958
4115756
1218703
3610192
6235426
6240526
2433362
5275645
2051915
161615
5345039
182889
5517513
3586507
7807725
9520555
5394903
3903199
9422766
1111242
6469142
4758258
3559709
8845995
3648431
1726715
9411326
4664880
1255342
9629257
7075794
7301538
5331519
5370747
3324413
3307180
833153
8286842
8365976
785037
4603928
7067189
2000835
2081930
7596474
2871249
5484049
9918206
6423284
3966502
9670620
356830
4782126
299244
9659629
77964
7747247
4770867
2198790
6758044
620895
8950092
8850212
656329
5660463
273004
1165247
7883503
1595846
6963868
5049914
4608258
5321560
5801972
6716664
1338272
9335686
5254199
8284902
789751
6598941
5007057
7626617
8276816
2036972
6273104
1723752
491375
3758338
802526
174417
2327578
1763885
5416676
7309539
3797377
2855339
1476676
3207128
6188772
9018733
82903
880653
4356837
722699
1858976
805364
5105141
1258999
4424608
5525224
6367901
4528373
2857808
2311286
9788721
7729159
2011613
2118773
5357514
2483053
9800081
6933922
7495721
2053084
8753743
8851474
4035314
9695297
8018282
8222578
4706708
5400777
8098469
3788808
1540138
4426032
4969985
1389058
5922520
9370331
4066399
3454282
1308904
1260714
8298108
1011112
3564747
220254
3626152
7854261
6460239
3152732
8181336
1753802
5711806
3500759
9907334
8852409
8622270
5257293
5231563
7617225
2583674
8464297
1772689
2182054
3670601
6100931
6468888
7590548
8614498
3406123
6714325
3153337
1151577
4661356
7098340
2754758
5153068
9684519
1712356
2471112
7733527
1798072
1848836
4035969
278300
7731727
3137839
4475435
479598
7989989
8906780
7594055
5904856
4455672
1985185
9232574
1410407
5946296
7238927
3557878
2526986
6659347
8425357
7228438
8521599
5599220
891828
7404467
4573283
6203891
1641025
824339
6417664
7089857
3253633
4932601
3178438
6756053
2963614
9966492
4629266
8884589
8281507
8700974
7274020
1831813
836705
4176592
1863661
3683938
1932533
891504
598745
9650767
4465730
4005848
1104736
8927689
1695036
4621444
3799453
6787381
6575127
6591524
1699604
3689114
4500773
8307602
3451164
2869393
3415430
5832316
4831714
4831480
52125
1581128
3105108
8442969
7998678
5122490
4003371
2856029
5286711
1165256
2795847
3143118
5572642
7637263
2379574
213655
7962479
7179350
5604499
349417
2978209
4426370
1291461
2864293
163308
9965753
5907990
7949551
9783783
16886
8192438
4152536
7928380
1835193
757937
291770
9517157
4876442
3830032
8812555
8441398
2806908
2459254
1575551
1677596
5110379
5631732
7593643
8231940
5885130
9155580
4317441
8162004
4253643
6111761
7696561
227517
5916089
5052191
5599210
8687764
9994919
8126126
1891817
4528799
8712558
347747
2481357
6884010
3695276
2376210
5992728
8352239
518495
4099812
9690255
7226292
6030066
3461266
1497769
3252131
6338068
1810793
4595681
9142181
7537489
8840031
2935212
4451152
5852649
5556542
6560332
9884261
7001037
4634658
5189584
3197279
689544
9722680
8725457
5759190
2062948
7272246
7634098
9507018
5821658
4838693
1848692
139837
8370607
2468451
7823509
2520404
8777608
4861732
9364050
2728090
5094328
8167565
4836200
1084085
4944695
261598
7614477
687079
3646114
4748243
9950091
2070909
892436
8193430
5130834
85401
7219620
5909867
10767
837218
4218354
2310538
5875687
4752408
8422049
9407810
2601090
1442899
4541071
2393174
3300539
7248610
9818444
1354223
4878849
3671825
539165
7938606
5949742
4172972
6480046
7089436
6696016
1646495
4383231
5067100
5213282
2907525
9460800
7311784
5410315
9700040
2334992
3347167
4194648
2276514
6984562
9299339
3347444
5050987
5116986
1436095
4988440
9507063
7736887
9157520
3076475
6307662
7329846
1611323
2325488
8834403
7413875
5255639
8452616
5998845
7858094
5942387
7175099
7827454
7054915
6882998
7739062
464275
9376939
443290
7061843
1483593
2358635
5073263
4070919
9736195
8593405
6259767
2135318
9114551
9488768
4921483
898186
6587731
2112853
6760248
99873
7764627
8690737
7721223
911779
1420344
917593
4532782
1795983
5594924
9971366
1634086
4875072
9486567
8077691
5558420
1021142
2037471
9808254
8570153
889533
3440411
8661474
2418468
9429622
8309834
2288459
3750439
2596702
5048134
5215883
108227
8136198
3367186
1924496
1126457
600
2567285
2030621
8721176
1625103
4147430
3427479
1738238
7948079
413666
8485992
7445995
6555092
933706
2043657
5031886
6787346
8115467
3087745
3941436
9172427
4366632
7367377
2066895
7253692
2453607
363359
3100562
2377100
4037973
2865138
8581798
9171786
3361333
7988613
8060890
4866000
4856149
1678052
9877818
8270566
6162933
4616777
6563067
6472999
1800797
7784020
6994363
7127515
2485822
469270
4755036
7668569
2015389
9465858
6533542
184879
9739813
5079497
571827
7457127
715243
5951330
2337126
7850179
7689840
4645679
153010
2656078
6002010
8399319
8442390
3536304
5852465
8808973
6553589
8607470
1053035
2927572
2540117
5903349
9448052
5692360
7708825
2349470
4669773
5082321
6609028
1144376
8115889
6317004
7914691
3026183
9664330
8505717
8815319
4349091
2171341
5437104
9879299
9742945
5840069
9806170
6774202
1133637
753786
495295
2670592
3887354
1619680
1782084
8379111
7992884
5430104
3884506
3969778
1768853
2919202
6443852
7047373
1079948
1038957
4202422
1920552
627775
1222752
7407619
6280083
494248
2920364
5388158
1806252
7541521
6335563
2235005
9626426
9335988
3350988
3283603
4236163
8239342
7340282
4799783
3783205
3375455
2719412
7282369
8867253
3226189
1443148
9766151
406731
1614071
3414829
557662
2358249
87851
6032433
6845564
9534409
9170105
1207375
5716188
3108892
8860963
8324444
3189968
3480850
9569222
7947919
8402874
5907360
5980830
9373386
2313135
1126669
7363153
7172457
6310217
1188962
9548794
1311036
2133935
8677963
5003419
1693040
1978496
8367004
3868382
863675
9068724
5551913
378201
3758453
4863656
4217488
6550269
6004653
1140060
2648502
4832996
1254552
8966144
9652870
4049994
8686568
8389397
5238507
6697795
950400
9159381
1860165
9777301
7901712
4413299
502948
541481
5671459
7070015
4376859
3364021
5612671
996432
2336876
3426467
9178603
5529925
1045699
3953001
8280481
1223259
9459938
593278
5802326
1187208
6983352
1352135
9251381
8032453
2172056
4538378
700298
1745858
597271
8331511
8516187
3778985
5876349
7239630
8012675
5090516
3821098
359759
928729
442144
3291259
8962152
6365081
303582
9269345
8089527
874772
6494877
6328833
2101135
7209483
7161080
9219834
2311405
1939165
7347630
1979587
6169128
5902042
3248835
5756693
7323672
971779
3995834
3892875
1543350
9875363
168606
3810541
6930089
8996239
9530275
768057
249957
4193003
954350
1285331
950507
2125940
7357747
3029856
4741174
733491
5270158
5866447
4097741
4905872
2176278
6674290
8031277
2053135
1288555
1281409
4197641
9120870
3453774
8303535
5988767
3695808
7441398
5078781
6156125
9251055
4910413
4097094
8838979
4488497
5349566
9083507
8446413
1751176
905929
5815578
6892649
8157212
4693995
1316107
3415086
2300685
8740845
3867752
5116031
9277225
3536128
2059371
6247668
2381715
601760
3944412
7386630
7612880
1916607
357182
8370279
566335
4534858
4663518
9869033
6445415
5040092
1417563
1001937
4682395
6441382
8310720
316225
6418765
6453579
7449416
745170
3765621
3451579
6364051
3094169
7232406
8933733
876772
5119536
525230
9085688
5835192
436076
5640807
4404569
9914641
3633008
458776
5720098
7282587
7173086
958291
1832244
9282736
6511415
4822082
8971808
7776283
7110772
9606677
9534544
8705914
4363766
2727118
6397003
7840538
3996785
2212457
254736
4709367
4603548
1435071
4193174
9106750
4963119
5662854
9581177
6620310
647705
4601486
6068233
4508833
4202916
207017
2085516
5148847
9536859
5385309
4437868
2999505
7445875
7763226
289687
7380454
148826
7825557
620821
6018385
8056552
9338340
3654791
6855354
982891
9723577
1334576
4637989
9251761
5268491
1074472
7389349
3016610
4328639
4632934
4354373
8303530
2134440
3815457
2927546
2464603
831809
3903597
1920095
645953
3091295
8501338
7387158
9728952
5323989
703898
9284641
3824408
1020271
4346218
4319212
270419
5927979
9067102
750497
3937560
5867490
1831460
1299885
8505008
7445942
1898889
8573754
1299400
3975844
3423256
5465834
9569152
6230377
6978814
1197779
7155069
4749369
2400476
414307
5478442
6044612
5620129
6847412
6286685
7896785
4933560
522735
2689603
6179081
748442
4880033
2517644
9919151
428412
1782279
3548040
5253044
8569738
8525884
9755725
5772248
3604899
6355876
9775854
546930
2517836
6393624
1316089
1297071
3767845
9485878
8447260
9637492
9197824
7014221
9042373
2034110
8854284
862878
7924369
8798779
8729790
7399045
5317361
4516137
3271953
9650989
4916820
4094128
5514411
4078094
6072765
3873704
7647411
5281743
1936375
4044089
7465987
6877414
6071359
1336978
5905322
9402911
8483290
1282514
6078335
8122765
3864629
7532434
7027141
3854789
9551978
2101871
9019699
4109478
6838686
9810567
2317608
4366757
4813135
5730624
5265435
1979108
1367444
6853540
7063587
8472930
2489715
9663874
8291305
3323638
3018485
7618017
260253
2797953
2026501
7023373
4418719
9304288
7882948
1694422
2120606
571695
7238025
401504
2800716
1224984
2220931
8638540
8880343
6511475
7086003
5945305
2138307
6749768
9343916
4050606
4922300
1996987
5650706
5647891
9923355
1808111
758963
1237363
5955201
7531215
6859780
7545616
7309668
4853500
8004512
2258307
3077794
9891145
8545878
1405755
2554439
130590
9958172
9949700
6205455
7608924
6364850
5376039
7358270
2964908
8534020
9866360
4685870
1625689
3896736
4988681
8276092
5722998
810138
9464554
8685190
8811288
9727904
8526650
7158663
4785822
5415687
6443588
5344857
2993321
2402440
703543
3534636
7223224
8709640
4668365
9649212
5274210
1668772
5827493
4778000
2778182
1988958
4829207
4594416
8164393
7363802
3751946
2840732
4839872
4352497
1780389
3886855
4674615
2365640
1610211
3470252
9263766
8534540
2832874
458859
666812
9056841
9024732
3273783
111822
8193421
432472
6199862
3408140
4728449
9582562
7155526
7462920
8739150
2116928
7614330
4948299
1839033
2012270
7455880
7252220
8275455
4413357
1457334
2295426
4671670
1953919
5934457
1326526
3731954
1247392
5488092
2629446
8507059
5626025
4632325
7607865
8604097
1242999
5281635
643522
7270871
1685084
8745910
5327223
3194360
9364544
597876
133725
4125748
2296376
9837210
6311741
3694504
3282938
4450762
7887228
2540626
8128682
3139099
8333687
4741236
2211102
3331502
1488336
8662182
3593497
53649
7286661
1128457
8232432
9357277
3498838
2988275
651170
7015550
4413647
6380212
9796199
3937878
5850279
8124083
8899662
3020979
5034853
3890525
4900892
8137956
8224560
6580193
5991612
9116963
8069154
4956279
1619559
3673045
1885213
4819614
7039620
7502317
5459257
4150621
7128057
1943124
2956053
7796976
5350355
1904823
5831401
6678831
2148455
8115790
8206985
6912262
3940298
485911
4881000
4495017
8514226
3608883
6861980
1020110
9433113
5422263
4389008
5328752
6899280
6566240
7414717
7133661
6688733
4373810
916596
4501617
8145429
3673342
5701596
765520
5175950
7510092
6875497
3712967
9605052
2793997
8992808
3459476
1850789
5531183
2167874
9055793
334201
354297
6361722
1514190
5591647
5917335
9276026
1064763
825695
8701487
3530990
6074993
8983741
3329268
2633904
8987535
6635830
3847594
4868539
2707913
6272665
5561683
6935622
3617422
9276982
4172557
228857
605238
336021
8834134
1720013
8413763
6676282
8135272
709428
2633109
4749458
5057768
406753
3858848
4149153
566702
4571091
2074383
6339385
6723486
2201057
4529826
1424665
1283912
1239673
8464268
6968921
338132
247327
9088184
2547580
1603175
9868288
6561971
3259546
5237675
5431234
7132879
8595902
393123
5069303
4597792
7699160
3400183
1672340
4433715
9667052
7908786
6317977
4886174
7206395
1561328
3728786
6817099
9411956
4673427
8109260
4771826
8945678
8499229
4103943
6415748
288779
8338862
6604271
6253501
9170115
1817045
7587838
3759118
9695209
417617
6666404
3894253
7500847
6204578
7999483
9448145
1827852
5211169
5577342
2412082
1403155
1600363
9410096
2839640
3484323
8217673
9955760
4193785
1407421
2371134
6764491
7944258
8781290
9506629
3899525
988731
8278177
4228259
6909841
5225348
5668493
2526850
612532
5392919
9484368
6820514
93479
4498725
3510200
9435666
8199477
9153461
8385513
5251540
3955050
5399545
7740539
8103334
8630722
9308121
1366241
1762344
7142095
1300309
6302967
2135446
228582
2719472
8723130
2038058
2788323
3311280
7341731
1906976
655351
7116597
8307818
2864242
8801145
8173749
2346552
9178565
7015349
6700916
155333
4978657
1972721
7306132
4936254
4548432
8765762
5408742
6234948
9459169
2784107
2374272
4868695
8778700
3430301
6228597
8713747
4215098
7920693
7765841
3533570
5539454
2270616
2755460
8797611
7950227
164773
5329921
6984405
3006910
2522439
7893571
1124879
93994
5231816
3148655
3343157
1574506
9021638
7693924
5553848
1589047
1025219
7863383
9973291
2624847
1120249
5879623
9381083
3792146
5787426
237054
3231975
4606699
4767877
7149874
9805753
5129640
6161849
6765721
4273986
9413903
9076759
3398865
1299834
9942835
2557214
1727656
3631286
4697378
2991802
4411362
9456642
1716681
2125742
8763039
9853546
6424777
5539169
9657901
9934964
4651274
7942449
3511584
2820240
44809
3889480
3631319
1532402
2457723
2404735
2765194
7976963
4142
5424710
1305057
875590
2298058
8584990
7376758
7137124
7913630
5487649
5076087
8394902
1967909
4039499
9397676
6597585
6330204
6468118
7960420
5955772
5230496
8757467
5317907
8903426
1311973
3588636
2786970
4659650
2397196
7335725
9403393
7409605
8222405
4203348
2017290
9360095
7305025
5841500
2986553
424389
6135213
7819456
5804776
7114848
3586633
9391786
3204181
6416571
6278133
3003216
179054
3285585
7416882
6056431
8824860
3269689
94197
9834610
5207492
5510503
1578879
6188569
4257392
8435473
218012
4580647
562510
4612920
8031839
6682265
736812
4245273
4599874
960110
9599603
510472
7898870
7624922
8225878
2915394
7943147
9153437
1742940
640783
6199750
483805
2570132
2968019
2208691
1389567
7039260
2003649
940330
7438649
1045648
5272015
1635367
9128207
4655312
3257840
279751
5581193
5309659
2838933
9845668
6144766
8662756
237754
6764122
6985676
1031521
1089763
3236995
8414205
2474874
4473409
1408762
2895500
7438999
746728
4622551
3333355
8480310
6866102
2901926
54097
5220475
4592984
9404626
5883515
1974923
5728623
7822416
9532366
1444439
9499080
7767942
1479113
1950548
1519374
3061859
1449848
3114840
5326788
9917827
337346
2840984
175133
3649479
6283564
7723377
1363568
4139479
5163731
3205893
2226921
5209109
894818
6363774
4816346
2986413
4680230
2355959
9479798
5293900
6945479
3790987
3158232
4576815
3342435
2971448
4948144
4351240
7375237
4438332
1550418
8218918
5958481
9708911
6100418
5852887
8775201
7544264
2860090
616246
9818413
6470649
2612284
9025283
9541393
3534336
7278853
5820378
4843398
3480383
5740848
8451779
9254501
4512235
1522659
8611283
3535329
4332110
3661710
7846506
4376269
527611
1934383
8674321
3127702
7972698
2345712
7839102
9845219
5418890
6245869
9458482
6340281
9871560
567906
5408506
1755115
6021077
132512
2663392
7070050
7977498
5615544
5648417
1681207
3139211
6006320
5138453
2730419
7832297
9173415
3123259
364904
7365344
7657888
9958532
9663093
7297561
6699705
7945221
4086741
4237502
6261505
5668657
8095973
6730233
5036073
673253
3930953
8505391
1809512
7062973
7145320
4519128
9688641
6723472
9950166
479077
2751900
8593364
2791473
5042942
8792695
3329643
9529262
2341248
2179207
5589282
902616
1516638
5188749
2373321
5806636
7695936
6643675
2773980
7727380
14147
2474489
3362264
2886830
5054679
5159443
1348474
3096968
3962503
3411177
7324075
1512750
4105931
2586006
9317198
6279005
82960
8008505
2673111
5783306
1676270
7898725
9224602
6611017
3565023
7923979
6313126
7775971
4072536
1607675
6502412
2155913
5341140
2240200
6708933
5488026
4751217
7123480
6607713
8960966
1202202
5819466
8192472
9838646
451245
3719409
2989030
3945290
6193017
6078058
5701753
8413035
26702
6680365
1296370
3859993
2316597
8387764
3153623
742357
3543891
5065678
7304811
1557771
5697319
6443568
3017813
7142251
2529125
4780905
5219259
6489688
8064004
584295
4379181
7075571
3011812
2743795
6680959
8679669
1785609
7800109
1386478
5809730
1701296
6785941
205093
2699182
5352365
2159891
9641568
8505553
6442288
7628468
194426
8156066
6739465
7087654
914548
5082734
7130002
4339411
1945460
7554277
8423196
6254971
7944806
5621433
8976216
6121366
1873548
3000430
7114633
8920641
6433590
1342331
2523079
116715
5655863
9901125
4325780
3315397
8638527
7633455
7296211
814427
7797433
4726376
668479
2039295
8214485
7721726
6158986
840095
6195766
4233342
7142104
5661669
4968480
394774
9105809
4483469
2998562
4919746
5987543
6997110
293920
7495560
5446431
4994298
597522
9995512
1873735
5993568
614254
8913207
6647378
4171265
2939933
1410073
8975563
1586665
2114846
2426729
8278723
7232667
4608639
5794621
7684483
4095331
8783859
9547382
7691005
681843
1284064
5479246
6254468
642356
2462064
1696558
6407437
8600543
1321456
5666887
5066484
7088876
6723295
375533
3085840
4309363
1330153
7271838
1953295
3215247
9578031
4378447
5086876
8624153
9045564
4089487
819252
6278645
9618983
7934255
3610613
7330732
4610157
3115756
4644837
8414833
767427
6688584
3041046
4780039
4574802
84743
6831394
3475172
314052
6951218
2177129
4609854
4480411
7758477
5337829
1629868
3713196
3771934
303214
5446033
3708734
1069086
4829009
7728327
9863563
7059262
9986316
5515544
9084157
6527000
7979293
9355935
210844
5753759
5714253
5362717
5811063
7455511
2546423
7750194
8371406
3533910
8929512
2852352
6544142
4289810
6760182
541343
9585047
1318833
8162762
9417484
5793160
1394053
3482132
8885076
6194005
5100823
4895979
5290496
7574900
7841338
496012
2615577
9813613
2797338
5899312
9477323
7239886
6969138
392727
4762845
9335506
8233535
3937925
6296227
9019310
2209516
6348983
2071886
1627052
6639579
3662557
3545113
1856110
9575513
4854471
2996788
2669549
6729619
9228650
6853765
5905994
3653283
7015897
4678826
5358702
6093061
1772325
5331382
8427274
8986331
8934009
6579578
3776539
6777425
8301924
7783185
4803039
7540620
2633483
2980081
6711799
4838681
55992
8936648
5604511
7784989
2890223
1649588
6431604
9733434
7014553
7017400
6883588
3168796
487228
3761328
2324854
8445001
1350664
9572823
6858111
383085
5452936
4193311
2792717
9551373
7917396
1526164
6212535
381171
6532031
9261986
8578786
3238533
2707495
7680088
6191872
4015045
2939553
7921680
3351842
5414414
2225499
4915421
1087379
518245
3473006
9690558
7737310
7703979
4111206
7443266
4058135
2967519
7741112
8392215
1864910
5557608
2672050
4108128
7754635
1171759
115483
542283
6817367
8720252
7888802
6464523
1180540
6997603
4362567
9015094
2029741
8961900
397958
7357164
8066613
1003048
4915105
6683989
669520
6096392
6701314
8582548
7382744
7190523
2081329
1738506
2449201
4404005
9727631
1875420
2834569
6148255
6927196
5701479
2381528
4078016
8096534
3524642
4437703
1629499
5536913
1242681
7688026
8247293
4105862
4362069
5745239
4954179
7460360
5547575
7556059
4327210
9533338
4618751
9972850
599696
2349163
2483431
8754004
4839060
435210
3708127
6221850
9454623
6085503
4885833
5144947
2655875
9523418
5112712
7973957
7379666
4947260
2591095
2156763
2458301
4904532
6446254
4316875
3823831
469841
3551100
9784982
5082768
2489125
9801834
202446
4352366
6109622
8532751
8670767
6808944
8002302
2859008
5774945
2615180
9850498
8406984
5273016
8780145
6280762
6341431
8141074
2837378
8812013
8087499
2942512
8120147
6373201
238784
1086369
5743966
3771941
5189332
3463309
3763298
2518068
4669361
2006412
3304142
5981103
8368312
7706140
9553081
204696
8793247
3831435
3397890
6099531
550973
6685574
1658261
5528346
8513037
1127391
4554571
9282574
8971682
9021598
1332905
939102
7493256
9507685
8773625
4160279
4105255
4296177
3064940
4111879
3830909
7651519
2976793
674995
4458769
9260615
4655285
1532753
3187909
1068188
2223803
8767064
5079485
1021148
3485166
3818264
4092645
9826037
9752100
8007469
7789180
1648701
9008252
857028
5349556
1225652
3295479
8024527
1952976
7413820
1398989
7986556
3311760
1675640
9099440
9888087
3607000
8174375
5032510
9551761
161103
9759534
7210104
1871061
7426298
3268181
9880733
7654680
8307
4223627
6831161
4542318
8264543
2961714
5513655
8510964
8108088
8626849
4760631
5027080
4432539
8928668
4177896
5723418
4618573
9416453
8439985
5180872
7382710
1870158
3056478
8180243
109342
5355414
8548796
7893787
8317942
2736882
2999686
1099906
7248008
5111028
1586588
7435635
5745051
9036043
3064454
3247994
1823880
3889006
3577179
5153967
8418466
5123491
5368976
8898628
7916760
1726663
5034196
3528114
9579932
2593719
5431883
2623751
3219616
6647804
2881945
2649847
2636249
5464025
8664867
7948629
9986297
6994576
4519500
3837346
4409983
7918539
5093867
6220843
2432471
5137727
5598929
5938020
5290639
7544847
5167666
7135315
9450378
6602543
6998174
95170
6779357
927905
6858321
5932625
2347641
7665338
4600436
326814
3392573
3499879
4293782
4945872
6265874
397268
5399677
7172233
6415714
5464090
9362831
9394776
3346252
3606764
8437991
7383706
4596337
1792387
1248677
4079176
2691367
5460700
8047741
9947887
7883140
771752
6544172
8171198
4191723
4700014
9833368
6291775
995172
1701880
941447
5749417
4631288
9024393
6198323
7350508
4768678
1862788
7916177
2252924
1241326
5444971
6942033
2546322
2523622
9895342
5013966
9631601
3355348
9426051
1476482
7352803
4114221
5500278
9608869
9170178
4374142
9339448
8909163
4889206
366613
2356655
1140917
5267396
6060428
7479961
3603962
3089358
5389969
7857214
3819875
7731004
6076772
5587016
3338418
4345733
4284193
388197
2353340
1999684
6891728
7169424
6648945
8159726
805828
8865038
1011438
8594325
6265861
271813
9491116
7335115
538281
8459267
5487325
9039722
8254550
4742021
9643804
5599439
1125911
1267562
9484275
1545912
9366563
1884668
8921494
2654557
8615107
1471870
9628868
7859234
3202561
1226139
7230087
4645023
7813404
7571367
2553582
5543687
1225170
3047981
9650654
5701062
7617646
8853572
7254421
360434
6735483
9642501
4929378
106602
6542234
316614
143243
3778732
5408712
7166382
2524886
4342832
3739474
9804211
5479763
8931591
7679827
3361006
9637478
5949961
9678040
2560284
3168334
2487790
3458526
5175464
3046520
1692763
439974
8949337
661905
2136135
9060976
5847189
1162106
5493885
5290465
3860503
3503205
3383989
5082314
2739534
7118299
4547934
3908737
3644613
5961696
457959
2303716
7375952
2065445
6293368
426543
7448287
3499465
6382331
825679
7496268
7357596
6697099
3332589
3449937
6383813
9902202
2091269
1557795
2937637
8501072
9702324
8665369
2041851
2732724
3517142
2019278
8205878
6012793
5316358
6964690
3204132
3528710
1523220
8504542
6037424
8019157
4282964
8535162
1878920
7666412
270876
121729
6375831
7046665
6716060
1678830
5950562
6046382
5200631
1095647
7283810
5044816
3848003
1416861
6537850
7908134
265920
4608972
5423587
761174
2361156
4177496
2975580
9472069
155592
2146617
8701034
2613191
2352508
7882150
654158
1026455
3520290
4917144
6236159
6960471
2642122
7033666
2892728
2929931
8700659
2539744
3046989
6124825
1835287
2724179
502984
8347595
3423843
5134916
6772196
6260991
4449005
5386707
477785
433357
5563024
478099
7893720
574163
2421637
6839305
780132
9050888
6325628
8811472
2847769
2653696
1679656
250626
5849652
3736281
1545583
7044466
1112762
1885937
7980744
7791899
6963834
9004789
7388952
2254949
12107
5224944
7990040
7876685
4309423
2150816
5416969
9059464
6133461
1617295
8015984
8267841
9583810
3293152
2111128
3679431
8635805
2177811
2392357
3784132
1378903
1590299
6775287
4736205
1765437
4190593
3795399
4205557
3097523
5051757
5513426
7753577
9911722
8722759
8672217
9683258
4474918
2209679
5501988
7080337
6287609
2436405
9720192
574206
6459732
805616
3320147
3056347
240279
2398378
572339
3990115
2715984
6656589
5411196
196504
9598023
8066090
8117570
5769715
3149894
9683834
6805793
7585049
3604354
7603327
4409131
9158338
7379677
1976677
4685964
8631726
5659800
5658194
3125921
4282962
5720746
8176463
9209028
7655713
1619059
5744100
8708599
4410116
1058941
6130768
7155727
426376
9115377
2117758
1586849
3810527
7674460
1864569
2017926
9235267
4961249
2118950
5832168
5151116
7592778
7317620
9282810
1391960
8467859
3063728
6669919
8571558
3269511
2377473
3722145
280503
3333249
5938070
8817681
2546299
9443610
8901346
8808798
788449
8944878
6084361
9050591
3865866
8906522
2797659
6282600
2663380
1680039
2778903
3795971
2550994
9073481
7113804
3392289
4671136
820611
6725531
4974385
6539296
8753489
7067640
7995113
7851807
5400943
2283713
5033051
5933
1256119
4216605
9324062
5227871
3502325
9965414
1120967
993585
6884959
2353899
2412423
8068703
2688599
4067856
6563889
2675010
7029810
6559886
9922321
3244233
4170368
5878860
1183325
3796769
4634167
2356198
6735055
2071507
9830270
2547557
3453273
7438705
2389218
4621625
5494026
180675
1967834
8734559
5220409
8795304
1721548
7903904
3895354
7352984
5013405
2094879
9080828
7623021
2578266
1181162
5727359
4565128
687390
6400537
4285780
1893101
7827003
7145594
9814312
2826223
8175607
4883964
3768724
8771789
1728895
1486008
6082570
4048218
8296867
7255766
7074518
950472
1764797
4701036
4628258
4222336
8519866
5516847
7040481
4215260
5983784
1394076
216865
1696697
8146157
4072573
9827827
8304321
3714277
9916752
7277404
4458616
1744251
8184966
9406495
9489531
6305253
8706818
6418749
706342
1808545
9904313
1653844
9657394
1592386
1970876
4003284
6051556
9732834
7077122
6605947
668823
5826802
7386087
7729985
9619132
8770548
625392
6688955
7244358
430178
3624542
9511508
3032276
405077
5519071
1657660
4903592
6914628
476047
7660866
4253263
6016124
5772197
5911930
4172512
4641123
7482756
801937
5444415
7687398
4415322
2694289
3512831
9369703
9181797
5400270
6733047
5847517
2886655
8385864
1490983
5599619
5902304
9030081
3818007
5310562
5131063
1699502
1517206
6812645
5250000
8341510
3123786
6420580
3391500
4440601
8144343
5881990
5653943
7344547
6064347
2671225
2827686
5415011
267217
1870335
3184144
9761771
5209789
8491273
9403383
4969474
9393920
9030410
2984803
6676850
1273984
3332285
1566383
1519047
6788684
4418617
2445539
5707005
8939367
5935774
6656474
2231912
6463258
1738557
4931030
9564805
1379282
5433072
3771936
7424523
684055
4125578
9193700
2600667
4593406
442234
8296215
3765959
3673794
4116320
3788844
7387947
3623344
2439017
208346
4979363
4088276
348530
8107981
7364358
6954590
9333541
9248041
9530897
3225238
6917642
3121536
8700185
9745812
6704458
9654565
6494524
4387113
6106386
4421759
7236260
6211404
6115539
3937711
5371305
9065890
5990711
1292525
2256415
5396603
4142217
9030764
9713312
2160313
1621039
8513663
7981555
8981849
5259402
1758381
3822260
5844223
9295800
3757490
7806212
4515310
9634470
892573
7721527
7346256
8340507
9916391
7317958
1084778
2874629
371032
9394549
7524050
9378398
965458
5831813
7996465
2481017
1069998
5946052
1097444
4632028
9558880
4228061
462665
8234423
7228129
2237356
6647906
3610527
7585177
5198006
9032781
5111365
5545428
3901783
9560621
8522070
6830710
2419830
9053198
9846087
5275740
113672
888705
6012108
9855737
2007954
1191408
1067514
8888099
6940927
2704609
3265165
4174164
3008840
3040671
494720
8304304
2004879
5566515
1494947
1579767
6770535
9630171
6500352
6837961
6396997
7959239
2323804
5759541
3070057
1608320
5220993
5958545
2976462
7220258
4228096
8383270
1522273
3096511
4370559
6734841
3365632
3802392
5892170
1368491
5699559
7578730
1577527
8789035
4324627
342268
1021748
9347064
992309
6260368
1602062
2827181
29007
8877177
211032
78200
5483796
6455093
5138256
463950
9530779
9451692
6288705
1164159
2892274
3162205
8358432
3049875
8979401
3663706
5792300
1626816
2594952
6277503
9629871
2968365
7393679
2977822
8511564
2497285
7467648
509049
650525
9019261
2018016
5228877
4889400
1808164
5856155
3026891
9900342
8698800
2808260
1673051
8349200
3240682
2604707
5660578
7628048
9193587
6523751
7515112
1952560
9302327
1098297
5676470
4130923
6135320
2371986
4017328
8233724
3159824
6782772
697771
6011636
983551
8060168
9917570
1657260
8721532
1525947
5377988
8847255
9445518
9648356
8924233
8752218
6613326
9166755
3371082
4740597
5374018
2272905
7514592
3322586
4915039
7152450
6781990
7300419
6326134
1382257
8228644
399871
8241630
1750175
5394119
9416263
8121926
6523127
5132110
8348588
4818315
924686
8850823
698479
3155441
1496318
5152616
9856109
9584403
9106456
2908478
5262235
804569
8963935
469144
792012
5082590
6457574
3158127
5901648
9022178
879718
7278025
8529115
8791001
2991212
8535335
6221394
750289
3598599
1655085
7671110
3115620
3717280
5373919
1224125
3415980
8309340
3468471
9582229
261603
758899
6400319
3456608
1951711
4872803
79504
4033032
5549076
2970537
6541702
3831444
6237497
6743749
750895
2616055
2376819
4130101
4331631
7094089
9572069
5196563
3437254
4573720
6865294
171588
6977433
6939726
6327222
4665521
3179224
8190914
4251775
174982
6634861
701277
7535121
2162386
3740893
1183203
1918985
1934051
2666300
8196288
1115691
3076247
9008354
5492501
2807948
4303342
6680764
4778265
8996952
4805649
4776555
9564831
4387229
1820195
2003212
6625428
3391114
1451281
9307161
8354504
3368667
2132637
8694383
598866
7867793
8033264
1834487
1869094
3836028
638059
6510632
3095033
1402710
1130791
4055923
7314005
6222702
7350242
2395094
7415930
688737
8449330
3170381
3530453
5333835
734136
9542904
238424
2562058
5726861
4207763
2944889
5873993
7751669
3366337
946708
6565124
6375919
2568551
4895686
8482470
1067860
3778827
3086390
3260469
5635277
7363044
424626
7390876
1164052
4123440
8867709
4828593
9342446
2702776
2405240
9179207
5327665
951489
1868409
1092723
6877387
8691392
8963627
292961
2850705
5396497
6213814
644749
2407304
1741351
3920198
99013
6395700
57395
9440736
980084
6501629
9511923
2007262
3766789
590478
9456290
9153357
1240240
332078
7993140
9588043
6476924
4739035
6488876
7544231
3987425
8230271
4195014
5790594
7633370
8038453
2569228
7620601
9000216
6042066
3755410
2422755
4812772
2925161
6517140
4315284
2689668
6175326
351267
7243338
5030777
2415647
713953
7716380
6884891
9084838
3808187
6748316
2097559
5921374
3491355
6808067
7065568
7008274
7727276
7588533
7447287
6516990
7776528
6099530
5667366
5469557
6692148
2233294
8890864
3454682
4127315
3639974
3203863
9535945
3264879
6097091
7774159
9197363
6848596
6288380
5148911
3582166
6590587
2371149
7889192
1822848
9107155
7588668
5038539
6914191
853721
3345541
3643645
5665384
9255874
2629315
6447325
8682224
7244131
3025188
7431977
399892
3463712
6475514
9519274
2891399
4585549
9451680
2614825
6742369
9648060
3318697
2528046
6900297
5309833
7861464
4122137
2190351
8165220
5305201
8901792
592264
1628474
1096543
1438648
360141
145437
885044
5561792
1509060
5256200
5984372
3405894
2526698
3573746
5160032
1107684
6089124
5293213
9788642
7492991
7970643
5681114
2939671
4861049
5087532
1702879
9426909
2681208
2550421
2738994
6965664
1987102
8930599
6873289
2655505
9423160
9266413
7878039
4718334
4184067
1901873
2460317
7464249
1628547
660660
2274970
6391267
7932488
6364769
8000720
2859810
334775
9834391
6079799
7397688
9812847
9595062
3050663
7505010
333140
8250482
9509041
5768491
5700507
1426240
6207036
1155783
2973518
2263975
5034919
6603777
2507959
1861799
3307324
5380430
4904811
1393729
5951078
8300526
267690
9903973
7008492
2836359
6127308
4239868
3221614
8613806
4701745
8731394
393331
8214277
5344677
2799815
872601
4006466
5144501
4414311
7531814
7263691
5662610
678735
4577438
7685434
1346275
5585452
9248845
526366
2191941
179146
9624294
322327
5078639
6386602
3349444
7887322
6375627
6516223
603698
4534608
6293838
5631020
6153781
8599737
7122167
6831600
5739967
2220299
5808929
4388718
9267444
3236383
8201214
4725155
4474023
1397645
7547637
1422630
5345455
8536102
1904639
386002
2156306
1795995
4076210
1248471
2971367
6264417
1089835
2583795
9595038
3975283
1466112
1265196
161821
225607
5723293
1180828
2621336
9777006
7730321
5551592
1775579
2046458
942317
2327251
3347413
1361566
3113429
1538536
1536557
64444
7264021
3910363
3526891
838838
1332312
6491121
5375504
8880743
3231940
7986695
3310141
8309762
3121651
7872046
4832904
9928959
1027879
7424193
3102575
8515854
105922
1334767
2950289
3317200
4416797
2414121
9093225
9654182
3176692
2080548
1271374
3157448
3138146
5392289
3820433
2725016
6621430
9937283
4978128
6916944
8500252
4788269
3661766
7155874
4210239
5784097
4039462
8901167
117157
4222292
4721933
2705564
1084704
1033805
1053324
8286654
5775108
1013411
7215794
1341366
7481498
201309
1480283
5341833
9867329
6064625
1105264
9549611
4402968
5353006
7562951
6008132
8060594
6215009
8383490
5037312
8205526
5259233
9158966
3192454
3827079
9852070
2861404
716379
5920596
6874169
7800480
7745038
5441989
6765273
7778318
7791215
7586262
2561627
2383756
6468694
7039673
410704
2339282
5313739
6399793
2506247
6701127
6135597
234045
7287709
2898767
2534009
9947835
3085492
3640552
1591256
274968
6564785
7923682
2514902
4544782
5659211
3317804
363742
8343686
6580560
2656108
5092257
9216206
4658523
3820832
3186767
8162699
8374128
7262123
7299894
2681346
8176245
1002614
5928555
1778578
1122498
5423781
7997704
4854016
2373604
3945203
8703394
8291831
3630655
6985117
8229340
217561
5167512
2660907
5680439
5211204
7197383
2044260
2171443
8885830
4729449
5722663
6263853
2149724
6200315
9484625
7944399
1059062
297121
7500728
6207713
6996109
4129039
3514089
5472739
3916446
5243502
7989104
4706535
9311284
5716960
9684142
5554278
3261118
2132936
5399458
9601181
3840753
9946118
3976501
4179189
8197146
9450573
7881140
325433
5258987
8572495
1603611
6444856
2488992
5396475
1364117
8879100
8236615
7762638
4462863
1122823
7541106
6536009
3241052
4634041
2400541
6103257
990213
7948155
4137021
3746912
51225
5489747
5975521
8095898
9426747
2451491
4576113
5369308
8131879
5270870
8997792
3356422
3157390
2019347
4959674
1016078
3270603
8782910
8457886
4738830
4164550
6308383
7096617
183107
5002581
4378651
3426580
2416920
4967791
424191
483541
7070309
1320530
6184613
7800391
2476565
7494133
6409223
9315791
2633661
9963067
7451421
5269506
1807659
4589442
7649459
4629664
3318210
7605674
4777527
2733027
9839508
2156471
5415748
284479
2078948
879521
5478400
9270673
8004436
6187807
2378219
5289332
6291944
9229602
427237
7285668
5433876
6636022
2986319
5479615
579385
4746425
5436056
9489477
9538345
660712
8585042
937162
2212358
8332851
1071694
1139084
2347325
2542922
1715525
8770803
2741091
3942874
1541146
6045115
5990826
5673351
1361618
6922981
5764201
1167301
8262036
6720280
9145452
1042712
8802659
6985243
6643613
2600201
9195551
1501120
3477155
7524551
2668592
1933560
4374738
3815075
4014207
948151
9356395
406432
880521
3783596
8031140
711268
707594
3674226
3903482
2560719
2309772
8398404
5359633
5418207
6501596
6640570
323058
8560524
4859343
8258204
394485
6961517
9227991
1140206
673271
3357531
9892999
604074
3503697
3850472
9776742
8245416
119997
5861650
1352704
9757348
6176000
8542097
2754470
6663600
3569829
2554430
8996447
123312
4721397
4456813
9332540
6279722
8571138
6516603
2682062
3382051
4299636
5611740
3284517
5487125
4367812
6587280
1999302
4787911
7577426
483478
7474979
8586665
6806363
3432452
3100968
1890684
698941
6500367
1790626
3449114
3357837
9566486
5009841
3596070
9953221
5089715
6055541
7780934
912137
3855573
9510108
4233439
3637403
8574825
399508
5199286
207373
3630985
3035320
5602450
3462024
8381775
6519152
5492170
7682025
6555771
2772558
8249060
8056010
9409164
4787253
4169448
1303156
1799551
4543
523449
839332
188105
4600839
160
5090989
7466879
6399182
9531320
2675752
1631294
898216
6174851
3612280
3200849
7099542
6254898
1276738
4697263
7004271
375718
4990718
587081
2014550
5067561
2379649
4407806
7665974
3433726
2018719
509484
7994425
2928989
240654
1888893
1444439
3939338
7637737
9727045
9352373
4582438
4530970
378477
9449443
8048450
1061727
2571861
3615081
1093166
6669597
6332142
501608
623461
8345381
7255937
7813177
6919331
2936397
222618
9676439
738764
1057137
4711427
4723938
8039159
3400719
4484289
409581
4562773
3155288
3939601
7516011
32692
740263
9449129
7303869
9377531
8196134
3884276
793471
4806960
6107491
1483375
6162224
7654731
7926819
9136717
2749698
6262389
6228916
9244650
9072566
2444369
5380642
5818133
6828355
2918611
9734339
6740737
6242969
7843083
5829028
4906490
2476874
8296513
9097758
6842182
6045315
7242915
1450316
4247997
2309242
5583526
6017463
7827497
7562645
9046473
2756097
717323
5762198
8495192
2433544
5731934
9063238
2674758
9624965
2340779
3452966
6649653
1371427
7029252
1877035
8411822
9126751
704282
8716919
1741732
9654694
67789
4273445
9234995
2763240
3804777
5618686
8207079
1961615
5460771
6263306
9201476
6626338
8776515
6590086
3675409
9680780
5891057
6845079
1785543
3788544
7611053
2612233
3159673
10002
8464292
1808599
8308127
2421885
1211427
5143156
4057291
6813561
5081108
3510533
9092696
1620465
3204559
394359
272127
521729
4962434
2031311
3474351
3115766
1196823
1124441
4251916
7593358
1995700
7078602
5998095
6761232
177310
5036780
5757431
6505321
6290046
3497184
5096694
7189438
9893370
8026883
9954530
702544
8243208
528785
8388522
5362533
5897141
520771
4291313
7945648
6438346
9043210
1644282
7091758
9850319
5889725
8226011
458490
6374794
648802
8178028
1456743
7967027
4230483
9122359
1544324
1391917
4116953
1577153
7628369
6372845
5660343
4049662
7873204
576166
5416902
5197810
9271522
7569863
3633196
6888844
1593060
172704
2153929
9956088
473718
8494213
7456298
1159300
8423381
3040590
7770871
4609392
9479966
6512548
8986933
817301
4248064
9825763
1974151
8669397
8239275
2917872
7578704
4922259
2730428
668010
4870202
5560232
7159369
1840034
2597050
1288837
3340731
8089071
8157879
4178243
95505
6497878
2963387
6320307
736095
5071361
3064825
3748411
5705435
9790677
8277058
3837495
7460265
1947660
1703521
2758733
2335478
2214576
9441727
397255
7350053
8323943
6151797
7213758
344564
8810979
6178853
9118160
1783890
7023356
7946663
562656
4679203
7319751
9349634
7084268
1123043
1093461
1463694
4408643
6000247
7962895
6733150
8507954
4080756
2307325
2030226
404487
2717831
1449175
9570071
3133829
3297009
7484352
9159000
6263218
9351092
4412520
8017492
1121035
3112345
9766362
6933282
1943638
9389648
666992
3896480
3396502
2472748
5038922
2234974
6555023
187798
6238752
1006533
8559669
204102
1891675
8800709
4460853
9824283
8900637
148605
5089271
2299516
5360811
4088208
8059593
3582960
3165308
7965144
8024131
8031830
3592380
1661734
2892694
6507170
9278347
9083233
1189816
2451360
2129962
8554164
2439452
1140751
8014282
8613165
1217860
9498546
2763757
4145111
6937524
6068697
3780613
4403490
6818118
1001148
7245594
719892
5376890
6620774
464146
3231388
6269348
6556138
7546868
3770194
2136182
8042424
8548785
6820473
2638807
4049024
8745267
4825592
8340516
1259221
7260199
518652
7001409
1112900
9423539
1423424
2442156
670226
6199536
4653823
6597932
4711604
7793136
5729128
5091833
8980692
5487623
5169763
7883814
8580539
8183717
6477580
9891194
9398390
9629923
2302964
7874019
5655185
1526521
8215393
5744687
8937880
8673781
1055864
4221030
4499845
4550840
4847726
9972945
8615401
3822559
5252135
5438576
4016714
9496155
3208921
5847082
5139661
3218651
5620342
8685091
6904483
4672827
4427678
7110992
3160036
2336692
4949536
3187102
6064745
9106269
9276177
5387877
3430345
7762658
9760130
8726043
2909432
1966471
4889907
4144428
3451641
5660165
3071537
8337533
6291433
4121052
6570466
8125933
4542272
9532637
7702072
9016221
5727733
2455177
4273589
1208803
4236846
2087577
6317663
9238935
6594805
54813
1116464
3169688
4275017
8305655
7629617
9238277
9790909
4648827
8575144
9520293
7054706
3341854
4457727
855522
7175738
8213448
9987004
1813268
7992132
7334533
6490849
5253651
2003951
2344237
3038434
2062199
6062195
914395
688447
1179103
4653262
1802907
9202147
8979546
4503245
2137789
1608778
7101190
3437530
670039
9505423
1004618
165358
1869520
5664087
4650205
4767886
7210892
4037945
3866953
3698330
9573367
4475084
9271355
5931609
3965502
2545153
385106
9289717
9799908
5313643
3688846
2883036
6430238
3408144
9088408
292605
2690995
1529709
9583822
4525305
8158041
2089826
1605306
4130433
6818298
3707320
4060498
7709242
2779021
2911571
3696719
4688741
1801654
53157
4005909
5175675
7301332
9724705
6487805
7485411
3580054
3895347
1683873
1375684
6854074
7451317
7424381
2523051
6450429
6378071
386323
9080914
4558761
3441490
8246335
7325777
8790178
5742653
5403607
347554
8372371
8515433
6507894
7418709
3447208
6257249
2424572
1297835
6336156
2824976
6778102
3475081
3656232
5271599
5926812
6796489
4599336
4173596
4876782
3873784
6366015
7880477
407284
9450759
4094864
1085402
7587426
367074
6524154
9590805
5791230
6031755
6391632
343835
8236900
7319763
7471357
7115852
1500905
7337723
4276945
5842331
3834548
4515112
6150440
4359713
8028414
2652448
2827660
3676505
9822970
8676670
8907638
3283507
608901
6399570
6116501
804947
3834940
1509489
2663445
1549826
9274849
839953
4200866
1329685
8812298
4280629
7601771
2500298
4918289
2376225
7313084
4672681
3120899
3843471
6869673
5227753
2795568
8732675
1120365
3889221
1548051
874874
9606786
2951850
4835915
9192884
7889459
7101192
2817335
3963538
288263
3278017
1292643
1130485
1703061
4513812
2998602
8958251
2082678
7760086
9285160
6189629
3001847
2562194
8953285
3134097
4121266
146742
5460613
2882235
4569065
8610838
347590
8403928
8464269
953786
6606963
2264071
2801817
811086
7869637
2615726
2219475
4058838
6160441
9627849
4685492
7757873
4123654
7632697
2938446
1843417
4164354
2719367
709233
1125316
6332143
2280096
9620
4818459
7730484
8873353
8220107
6627285
9232767
9084342
6776292
8808891
7828589
8718384
5938053
9688371
6798105
4218293
8782377
6839707
2800043
8441499
8384023
2117954
610971
3471089
1231735
6165649
5007029
1938376
6919143
6418498
6307298
5025078
6268361
400571
5277193
8174222
3333681
269133
3616672
7307108
2469106
7548748
9905771
2346212
5066252
6649831
4101892
2387656
274778
3809628
7365635
4243293
8166744
6698123
7824039
7804840
6233862
3434169
7772873
2187986
6975967
861448
4116559
2441714
1699278
4956294
6275277
891195
5881339
7802906
6485348
7270950
1310695
4931681
5952127
8599356
9254426
8004546
679887
8043980
1136752
5913674
5560849
3246045
5206671
8501310
2784102
185492
1699578
2448451
9421919
4523282
1004737
414121
8548105
3669074
8742457
6228818
405000
7522211
6768132
5604277
7722402
5820449
5478511
4780285
6173471
854235
8673780
9825093
2068594
7355096
8179176
7271383
8623014
606596
9193743
9501786
8488395
1128926
2572451
6340530
5539033
7379651
4481293
2415106
2385909
3293943
1563463
6440598
4626483
6616925
3694973
702826
738423
5081992
203252
2230398
3263059
7019183
9551184
3249148
7005982
2544206
7162387
9178077
9532594
4280672
3533550
9513
1111126
2741254
628492
4454480
8097768
1108791
3675795
7856882
2778373
8279259
1916580
1341667
7710914
5750175
6243077
7867278
4329921
9681183
9371226
9192663
5546546
5478316
8836714
2610507
9894860
8724963
4680250
9963156
4115394
3794988
372877
7279188
8110039
4566566
5505505
8536836
5042711
8369724
6789892
860446
9926959
5038911
4322521
1786720
2482558
9311592
3751809
3673415
4173132
7790460
2571247
1654188
9096763
8486649
6090011
6923035
6708382
7034545
9505516
5556835
5017806
1361123
4068378
2725383
8072755
1112675
5267325
954675
7308549
6810287
7250572
2584463
6949508
7938545
513308
5599998
6213947
1983510
5167507
3954094
8162451
8252055
6649561
9872104
3590804
6800103
7215976
3944514
4806129
4080821
2766470
5639012
2670799
5488548
9956373
6322455
1390469
1688792
1377324
1380937
142437
2517359
9065912
7189753
8265270
1548790
2548253
861641
35019
7905561
2979182
548358
2239479
4889268
6153329
5993669
9596522
1468346
678301
2771958
5197035
5538860
1677241
653343
9778827
1381534
662931
3576
3225389
2851026
6557613
8226878
1804197
4485059
9955100
4889358
8826284
1202647
4772193
2325591
1089555
7756721
4361778
2640634
8638446
1612630
8328471
3754606
4759647
537437
6600048
5681732
2731441
7929925
7591833
6018859
8537521
5140519
4926685
6729242
7012367
3944745
5189631
5479601
3532398
4037962
7739108
2495123
2604145
617363
1333003
985630
9859687
1974983
2477659
1806479
7531632
2115771
2505289
1232155
4739149
5582254
5367877
9718544
4014017
8079853
7303707
6876655
2057198
9263041
9859480
5075880
3519389
7939454
567677
6110419
2626154
6556441
3212646
5789577
1108225
820611
526461
4230912
6535717
3130000
8348627
7776306
6668770
5428765
7543242
2229747
5484610
7085831
5281273
9505447
3086369
124801
2754469
4204377
6975984
1563911
8168730
5612923
2485843
705071
2354532
4026925
8603095
8310723
4661756
3393283
3028505
7010699
645069
154773
6052004
5753965
6258303
5656939
45925
1754851
8100013
8406676
3384187
3541029
2479771
5578725
8472178
4587664
8906506
6554694
8870704
9906742
3299425
7297044
661446
7632837
9914918
9179204
4868636
9039434
7657732
746816
4772878
5580193
300563
6833970
9887154
1053584
7961084
7000212
7776963
9594851
3874619
5287836
9913551
3739634
7537523
4440938
5037905
649454
3849917
9723466
4263794
6623856
4452102
71891
8904387
3845688
680218
3721203
7537164
4009419
6660223
37756
7214384
801343
1276842
4590829
8980133
9169520
6991990
274197
8417999
5137253
858922
8332163
9733743
3580503
8960544
9267051
4824409
1944004
3939851
6526782
9407903
5512782
2973539
9144644
3359757
238427
7205823
1336757
5515927
4120423
8050791
347136
1668661
2178983
4331764
2835730
4904260
4313297
6972203
2715585
7154634
3424118
2749909
6063783
1637529
4844900
5192422
9098613
9205335
1150746
1278857
2610009
2037440
55839
4019006
1106999
4530706
3002627
1902046
7571417
5662812
2037410
8396378
8968964
7806393
8569460
2048457
8073899
4669109
1397007
5977036
1544009
5926387
2959477
6507558
3175930
9148691
4198934
305808
1449958
1064229
2722811
2446336
5739506
2690056
8759162
8972610
3257640
8031092
5895222
499779
5707287
6531005
7254495
1737606
8596977
6752149
3562810
2810570
3190082
8110495
9837396
1122406
3804254
8294240
9352590
7681502
6497407
5405854
6188626
3340564
704050
610347
7598560
3155468
62441
9578772
5962983
287249
6250141
5682873
6971499
124786
5287679
7775926
1429843
2249483
1610233
9976547
8732779
9418936
1954444
9946969
2277848
7942835
8293740
9287617
9254390
5716054
2009123
544926
5319501
4127826
5235468
9010733
7141065
4923297
653285
1788020
921288
5036607
2297128
4333243
6368316
2567531
4708830
5703267
6912714
1248179
8908070
6103304
1260165
8359870
5173844
5030148
6826161
381384
438687
4784111
5498798
3100030
1561561
2305605
8807273
1679779
6082281
1902104
1596474
4432538
5599986
5340385
2075795
3063838
9670578
3561979
9768169
1322697
3884251
823405
4639151
5225911
9230965
9081614
1336526
9209627
9686525
9161445
4986296
9267177
4991995
1685032
6772120
683461
5232683
7049303
1559736
5591285
4513880
873313
2296661
1153393
1582343
9870108
67268
1792289
8002348
713449
7872258
6058726
6811360
9092655
1793333
4433921
2664339
9912883
9415214
4153633
1375881
5604645
2824945
3105953
9546492
1742714
282621
7890588
3664444
2125027
2841551
8551087
4002818
6843603
88693
8774067
4585455
9675266
3146567
8265343
9186596
3991497
996092
7209558
3540119
6516961
3229141
8854699
4910797
5775857
2285234
6786730
9911479
6904547
9702796
4826181
4519115
4178042
2091260
7050192
4278179
8349639
24372
1922849
6803916
9910929
3207216
4243566
2150689
9674012
3093013
9734210
2012884
4173839
2222119
674549
3873116
4194237
781218
1211303
6622283
2230734
3659710
4639724
1889342
9639765
47273
3526655
1858485
230854
6934961
1794385
5727020
3461701
7500666
2422357
2466042
2067694
6186713
5454468
6897564
6353946
8705126
4614819
7439216
3381431
2448056
3469218
6529878
5925347
3154129
4072980
8219382
8202608
4595237
7339207
820967
4229726
51295
7269457
7777624
2660953
1030199
999794
7696508
8795993
4849839
3419866
6935775
1852482
4818584
2360519
4755438
4686348
2970576
7149649
230983
7939549
8885086
1095469
9839577
7624055
5835837
5086780
3763394
7538726
3370946
4624062
7999968
6553096
4523801
2692044
8058941
3700478
7350590
2239536
287659
3932932
8152093
6452210
3672078
9256772
8551309
2427532
1842548
4490855
6221564
8758181
4275023
1658170
4560251
8665106
5204581
6773210
340571
1056424
9515297
1797162
4047097
4744821
4229516
4098577
9327432
9637063
8890571
3069346
8338892
8863870
56554
2501421
328331
5492470
9292437
7041837
9528638
5726002
24504
8070164
3245035
3143579
1819762
5139500
7127779
4213895
4562423
9834676
3346497
6743664
9482746
9462720
5987579
1612122
6374026
7916405
3292844
4108473
5447815
768455
5639628
5987464
7908509
4046114
8933633
5594014
8273694
3818120
7228014
9436099
275673
1279570
1731282
9481794
2298408
3880645
6890995
736130
3438648
7836351
6918251
8975487
1218093
1721597
9203445
7403470
2277025
3703272
3599279
3665327
6222284
1624978
614313
4302627
196257
9856609
6864200
2017921
4704515
9875510
7547011
3507855
1568384
5717915
3971327
1992783
1568841
4199617
9007538
4046833
741059
7986164
4648657
9077735
2802429
106647
8213277
3629895
6909009
5548966
1679292
1488310
8450692
9779091
3847506
9658221
4658529
1559
7165645
5854558
5987783
7589272
9332945
2756402
451297
1635967
9591606
358385
4618062
3230363
2886826
2633254
3929553
758401
3009692
3285920
3507629
3315928
2225132
4949279
7731866
1028027
7540806
3785363
2256788
528330
1977635
3425297
6151239
5026348
7244780
2582509
1061461
2668733
7947872
6343233
127890
2875198
6283666
589376
8942754
2937620
7052415
1820738
1423167
2642988
3553166
1228311
2579325
6963432
1819317
7291688
3846297
2788192
4465090
8728546
9311311
8906451
9926793
9825082
5537309
7601005
2640687
9970190
8939703
9517608
3616960
7533953
7128410
2887947
7467133
4683786
5297074
4365913
3592793
336010
3292859
6808466
4958242
6300283
8983323
7799198
1527142
9754316
1935211
2126998
902484
3854362
8951365
1898592
9396329
8041684
6620408
9741898
2268585
886369
8689834
3016420
9043346
3888966
2121095
4034634
851581
8529805
9121278
1244416
4051610
9042968
9265676
1402037
5689355
8809312
9018869
1569283
4356343
4381206
5571309
9209139
2284721
2991547
738509
7175963
8229365
3444369
2343986
3699508
1499600
8689845
2480046
7421363
1198485
7082039
9172545
1344810
5399620
7732606
2762111
4635734
5665356
502648
555429
193435
458384
406130
509146
1403143
5410596
2766965
9828774
1360015
1386346
3194752
8066148
1648540
7364847
9043446
6233399
960455
433545
2512812
5928009
5248652
6359321
1932024
8456054
4863074
4901262
4375567
2672182
1426742
9156589
2482082
9670136
9059921
7999014
4818145
8239949
8761434
1285200
2526268
2948176
4848233
8412355
712358
5269953
6366036
7866407
677518
8508460
7292887
7840208
440425
740654
819620
46903
4383640
4120700
6340039
5794048
5729238
1487948
6064406
8655210
4615066
8892516
2515888
6797849
6337110
9445598
2062631
3956098
6928528
2504387
4519938
8584610
3822601
5396231
6200294
822049
6143996
5203058
2856081
9677521
6296918
702515
9270139
660620
7881420
889809
6823830
3488261
4033073
6881737
9366089
7717917
5957205
285119
8821827
3099867
2110015
1082375
1018575
4493118
788305
2053707
6571243
4241534
8868031
2084812
9324667
8880007
83412
4389051
4339622
2977035
9185152
7946391
8362557
4177785
8651396
3252368
6343263
3148816
8863761
1076526
6706000
4492930
4063898
2598136
1099421
2373993
6712273
4951814
2866742
8753068
9586844
5158937
6839085
4992677
2660747
347446
4072103
7043071
2189601
6178320
8863757
7229119
3588216
1746389
5193975
4225341
1378555
7750492
684156
6546203
4892661
6541116
2628521
5950478
6269058
4875659
709999
3130446
6765902
3843309
6191592
5703092
9117901
3136590
4929702
3215724
390307
1419468
7882474
6329560
5162844
6898651
4694058
4875472
8606379
9658802
8897880
8476124
377353
3789410
1828133
6180254
4050748
9329648
8404880
8703129
2993972
4621003
5562507
2252406
7812860
1032304
5703063
629834
4860296
965083
4888483
4006687
3433288
3626118
3505385
5956977
3260299
8828382
4323776
9850266
5286062
2049848
6622303
3722509
2372569
1714224
1510917
1586704
7629337
8828363
7825733
2076664
9133146
810849
3332272
4044926
9954220
1533752
3321724
8264139
3637003
2260008
6794681
5419380
3786914
657854
6822404
583134
1289172
1407027
8470589
8332680
5493550
6532053
1599000
7746261
8400076
6831641
9270248
8799215
140626
179046
3100913
3501465
445759
493221
9832964
1790898
5613464
6962926
1879294
9223115
2145924
8789076
220121
4100114
6329895
5601107
7923427
8344177
4427292
4758844
2008249
6971117
51575
3585321
6572666
6172420
5801437
2246911
972157
1279296
5221537
1189718
2066511
8824169
9647373
4812313
1826303
9046767
4903033
3789036
3881401
6660591
8890055
8008552
5753752
442519
9840795
2336960
6833009
3266624
2862205
2645400
3616927
8486799
2481054
1233152
4028921
7571423
4614065
5623577
5665577
7017390
1287562
1547275
4280662
612081
4931636
2181919
8718788
8994350
6832487
718962
6154487
356587
5662174
3987083
8260691
6635332
7191882
7304318
777765
8713067
1610367
1954758
2160679
7155751
301467
707303
3236973
929248
8728457
3408832
6061979
6553009
6674486
1482767
457507
6480773
2583554
7644183
1219359
5375055
3571089
1676812
2944539
3667568
4261865
5713203
5969256
873289
7210738
8540875
9232358
3077007
7318901
9597264
1824920
8143428
8141483
7121485
9418241
2392361
3537621
8799518
4425546
4872118
676824
1943281
4061766
5100378
9303482
83199
8855181
7506630
3255941
5748030
5006997
3983342
8000835
9232305
8868570
2290011
6835999
773775
3556112
3921632
6279756
2082676
895910
1719241
6217013
7575482
302899
796772
8512751
6178090
9470098
9744939
1087834
4854481
4794332
9631590
3049730
264632
7601890
4282284
9779425
2778325
6758787
9609778
7058811
9608568
6306019
4972963
9272744
7653804
1504156
8761271
4958465
2435734
8980250
6143490
9718699
6444110
9542230
4164119
2465108
5542418
9484830
1727114
4939339
356908
8395963
5194114
9554315
3262347
2938088
3193975
1817894
3103024
3741788
4939744
2370491
7212099
6781555
9460927
9392704
918931
6842070
385217
9360153
7935247
2600483
6677228
1974958
7670233
7007905
512047
7415351
2917804
3622316
5192578
9423086
3827057
8724048
3697654
5465650
6070026
4093000
8727651
2324032
9414590
293590
4776498
51544
5782820
6836249
1976445
2390020
9500398
7283799
5726731
502309
9214923
2470318
6815425
9907150
6018360
9135202
2459746
7283755
4463387
1568626
9237770
6416176
9611890
6346756
5783399
6827068
1221452
3634484
250536
9425341
8085429
7146320
1648409
2444735
3192480
8866837
5262924
9588297
5651447
2016386
4226694
3221912
4480307
6688581
9084328
2499001
4036612
9858481
5213398
8540128
4561750
680519
494158
2755582
8026511
3753646
16412
109276
8621788
7285475
6554405
6531141
1050337
925279
1959310
6495928
8454028
3389983
1259244
1362547
3243588
5617700
427573
803900
1111029
6294668
8855223
939294
4684989
1343930
4916305
1227469
5392077
911398
7602376
6841599
2972742
8754481
3286649
9772099
7437569
6897701
2410016
843881
6180074
3699557
4694269
4531887
282158
8309232
7392873
7427189
4722803
6555496
2723149
976132
7533391
2344289
6764897
6906276
2181521
2301719
5780598
326527
9319148
1544671
8255970
7954739
6450390
800192
2700659
9486197
1120620
4421567
381432
6665234
8790950
8951250
4409037
1126726
3276063
3329259
3400179
7614616
3894212
1496307
2225761
5271404
6004213
2873073
3399376
5783797
6732904
1823907
7838195
9138305
1327931
7788908
178533
3437938
2756042
1705515
1318599
2741109
7793
6372483
1889451
3672048
7078301
3992525
8611652
5331061
2220570
7847169
8317273
9162253
9620654
5787557
6307917
2034476
3194168
3661690
7507626
1247152
9146751
4978273
5152254
4439230
9941424
825175
2830209
9710763
5419422
801710
2363090
6636875
4932779
8560887
721442
1585720
7233661
4620308
4777491
887517
3967938
7578917
3437490
4196417
1704825
6683365
7891970
8962084
1816681
2378561
7771292
8382876
8613269
2857466
3131440
1261288
235108
2709134
1548010
8247266
9881665
8996682
3060031
1716947
3244469
4380504
8714497
7044212
2879300
9605289
9162459
5706562
8242745
7347264
3923596
7147438
3886087
9048958
4077357
1929136
8645305
2973202
9118615
5342565
6852238
489173
5678606
3840444
9603704
7543763
384512
8268250
9875264
9136845
7192212
6757551
1996405
7609705
8024899
1024903
6755503
8329291
3958583
6796194
8695252
2458604
259407
6125132
37774
6310194
9070110
2409703
1415201
2867902
3027432
3756557
5860346
5501092
2671221
1446014
6599432
6141141
248843
5621224
9044170
7504153
1759946
4444429
6793677
9553481
2522296
1222425
8771757
2922839
1220598
9573386
2327740
5492736
9527228
6676165
7662587
9968538
661607
9353742
9909173
8963388
4504976
3946324
7213550
9090863
4845329
9172543
271226
2656454
2128594
633980
5551273
568933
3855389
9097988
7267066
4207245
8512109
4896726
2180840
5001914
5666018
8593385
9286875
1107586
1409524
4757447
5817993
7581015
9155200
8515023
7682044
600616
7405557
1537896
5988424
3003832
3947359
9126284
6738625
7509133
6551439
8012823
3288146
9047451
3133331
439864
7583410
4612058
6382864
1308487
1065036
7741108
8303015
8928790
8262296
6450411
9092862
2515192
9640069
7322661
8486009
8342070
2582271
2172441
5370660
8659005
9677170
3290912
8286388
640553
8927839
5339414
8797751
10983
6687292
3124542
3984281
6185440
870269
4518561
501602
6045792
6545706
6391100
5567971
7661072
9549483
642833
513956
2094225
2817225
4690861
9089394
2951234
5748403
6283560
4501704
4214533
3062783
8784297
6596355
7729026
9958871
6611348
3290134
2354753
5922692
4935251
3115343
4137678
2233013
8937276
9664569
4517307
6566357
3727850
3264307
9163415
9606542
1729775
5707376
6793113
2758536
4374297
1335583
5500925
3130659
8942932
5668819
8108477
2984643
5760469
6527622
2813193
9654343
2883286
6772147
9883865
3718706
3729080
5760039
8887578
6208441
1714980
3750608
8463791
1781919
9394126
6563571
6194676
6137177
430492
8214664
8706285
4409881
6480688
9373178
5442133
262269
5376115
8183396
4820174
4390716
3761565
127546
3257457
5144219
2012894
8595139
9679860
1250065
1899129
8073488
8124352
2765136
786681
3341146
8750033
5597134
9763954
3959726
4515316
632343
1443012
6110660
3526334
6619128
5160345
1479873
5456723
4926630
7611433
1803931
5482255
5499004
3393984
1798891
3633876
2911010
6142309
3598170
7037769
7983533
8800066
1633730
3995475
7151290
7504900
5323751
768266
269388
4458620
2511323
1830474
4755986
1461917
590427
5936778
2975016
7661031
6424540
8878706
2047051
9927663
8786581
7933740
9420166
1009021
2208459
8019742
112853
4558069
6056351
2177279
3942813
8627781
8837954
9358412
5843778
6747690
2731155
2295959
5551468
9351731
7183195
6980717
979272
5443455
9790632
8496644
6971146
7546051
9041492
7418910
4689871
5010519
2811692
2318932
8266334
5668863
8559876
5658709
4691141
9082337
5696473
9870393
7079392
6102038
5323869
4832386
2982572
8422686
2162531
5109363
1990748
1392138
7182449
5574982
426070
2283804
104985
661060
719323
2616292
5147943
6249574
3851603
9837008
3893817
1220512
3966491
2199962
1941687
5469015
5324702
1161698
3495432
93445
5435426
5703076
8061943
566891
8754132
3424084
7141773
9320517
3055954
1683919
4763211
5087900
4770819
8720949
8804547
6426808
6473081
9838722
8231396
2417134
8381637
3725977
7097976
7533044
7399824
4910158
6933679
2511628
106794
2176619
6145396
8645535
2813690
6188014
4830384
3508969
1167581
8821925
3664793
2900343
9116148
1776057
2243547
3194780
1055549
2118886
3358482
2402709
118855
5114861
1553639
989596
6327634
136145
1507450
8717284
4106199
6968719
4402180
8213083
2686885
3421832
9273539
7770974
5788259
406435
8934088
2769233
7913155
6778421
8702029
1461160
7650872
2968581
3031060
5873498
8054399
7789015
5382951
4367792
6093274
9429489
4456538
8117377
2276109
6357049
2596357
9583462
548511
5459881
2389844
1513877
8571953
7609697
6415822
9291219
4044802
1715470
6584983
890811
9216968
3047624
7374200
2028865
7864698
2945224
1062366
7669986
3608252
3327278
7430601
3645185
9470485
9773642
3123053
491012
5466397
3049918
2894806
2603684
9674550
9510578
3591977
6911211
2872135
1691312
7165550
5485390
9817637
1264380
5086828
3963988
9280089
9238524
2413788
3967052
2794478
5454316
6101745
4102385
9690607
9062441
3408904
5372127
9327195
5168413
4475797
7010786
2049447
8205791
7768312
8272876
3671963
2710556
6594819
4862756
4146243
328168
9580524
5580508
4379490
4259673
9690670
8357023
1954192
3027625
7496509
9768799
7361776
45099
3133896
9580516
2924782
7384353
1172434
2719412
930088
5555100
4135406
9997473
7860311
8841594
8350036
1887657
3594304
8226331
5484083
2319876
9723715
9366926
8706451
4077320
2192251
2503825
471077
1653503
2260165
6112062
6662765
910846
9193571
3161507
2906927
631782
746010
4451190
9298102
8203144
7811506
8701067
8446670
8487852
9544916
7354628
5860499
3533043
6244361
8629102
5995578
3098018
3972776
8975636
6616025
1021414
678434
3388918
290867
4666251
5068457
3964244
6507062
1375898
9607740
9627645
5381026
1836784
7721123
1114149
5819806
2734766
3524078
9571673
1569832
383202
2503419
9683616
2809850
9846205
5842625
403156
1551475
5079985
3335974
8018985
4650379
8579550
3235508
951078
3293915
82418
9672891
6972350
7886913
1386601
3530214
9957026
8386348
1559094
1932235
2435785
6674304
812294
2532215
2546570
1938769
3477005
2640811
1981041
7723304
6880530
7827458
2342688
897640
1932164
1497142
1945049
1890954
6418662
6756123
1753312
2172692
3031761
702146
2029319
535485
7490877
2281480
5753561
8877752
7342330
4172055
3321073
3591822
621144
4925996
9594619
3228685
7238506
6380101
5659177
3496404
8995079
224967
3000399
7639393
5057747
8740808
1738616
2510405
4731930
2955092
1685417
1511635
4772287
381002
9368173
6623372
8804958
2359065
5656533
146670
9670884
5480098
2258788
2518732
4810246
6301136
2161030
287141
9922066
3248974
6152662
5871612
6383658
1107592
20738
3600696
9544057
5792146
2150895
9788816
8330862
286699
1630210
3839688
7612399
1990623
2380335
4621485
3200362
7111227
6023291
9222352
5480093
9053646
6152048
6498970
5149686
2186636
3556982
453693
4351293
1257436
2620108
430261
2363001
8084143
902873
7087700
2065491
6070376
2717135
8041496
3872296
9353775
8302325
4662905
1011817
2790921
1032111
7434229
1432332
7234703
7150431
9912192
375481
6917937
3828582
2180831
2122029
4721089
8909494
1795828
5744357
5359233
4379892
2660841
127129
3721806
4789154
543297
4189228
983947
2092030
282867
6093263
6803833
8327993
9469536
7574471
6183514
7099936
5171734
1088546
6222469
7429158
9900620
5839011
6240618
4782239
7133171
2893777
4128832
4215800
8045875
1785516
2296116
4212752
7746811
7284414
45836
1854893
740272
9310372
996542
1988261
8626560
2057505
649789
3476566
447036
6921822
9291950
3856259
1684050
7538436
6688042
4633364
1509626
8203794
2715802
7110273
8661740
715103
9133058
220269
8671337
1634577
6144553
7512187
1801910
2485245
9944651
511404
1814987
5749871
1020096
7775491
1416585
3279707
8528918
712204
6854950
7599461
1705680
4135635
904009
7750171
3845154
5572373
1337272
801924
4827230
6058608
8903571
4622925
8254947
5037134
3346963
6721241
2935688
1916057
3297623
415910
292421
9481329
7299702
3048855
5854134
8920307
8860423
5961508
7496393
7145558
7205562
4257398
8324421
498016
3431980
2021594
9416345
91716
5599610
3338076
3361578
6754170
2627052
7373188
4265123
7339611
6603917
7328437
2498355
1324283
5926279
9817141
1074993
8801595
4035723
2318981
7969235
318442
538291
966047
4462813
6760956
6959257
7139772
1680527
5211025
5542048
9887052
418313
1137684
1954203
848551
7498265
9873632
8147917
7840977
2085801
4233171
626642
329637
4407278
9824144
3958618
9124759
9261605
1139923
9444244
4522404
9632955
50783
5285612
4182401
1103586
5312773
2887705
709625
4286943
8419412
635820
9892614
4993384
8336697
6627004
8878300
8268222
3752740
1092510
3333026
7772008
9903879
7365489
2017929
6955436
6412609
9337226
4909283
1712206
6893544
6408964
1670621
2490408
3628637
8136202
4809274
823832
8137309
8051250
9580091
4465661
4164807
3914106
2922515
5407625
7329861
3070488
3538910
8646778
9914917
9984480
4850392
9778835
9537219
1911570
7483779
245963
1124000
4431093
2770636
7227407
2341539
441358
3596067
7839465
855316
8649851
7729965
9068930
2877766
1773204
1493556
6891106
921447
2656815
460190
4353545
1595145
9156127
1404058
3946182
6197118
9589227
8605961
9990395
8463381
9809856
7525928
2459639
1878322
1400911
7456748
376031
9017785
8449837
9859088
4861478
8526475
512306
1184629
9170731
6694137
4362676
5102188
8977555
2319294
2696373
2017341
7571413
5973543
8756806
8609151
3911404
9581261
7387908
8503499
6271312
7342848
193509
9044594
2895329
1035398
431057
4353699
9061291
785549
7026090
7957562
5372034
7940242
1571976
3017047
3169457
6379535
9452772
1428212
5025711
9993859
6765069
1535178
1409832
2647965
8571451
8383313
9905771
4536830
2774104
7104724
9390022
8467238
2523915
7773876
6578423
9707230
8005009
839287
4481773
723681
9879125
5949893
3847641
1978269
4339452
1483727
9747139
7105534
1887320
5949370
7166383
738554
8293909
9258474
4162621
2970059
8179007
4766701
9281347
9364835
3760290
5591963
6331501
5939849
1795312
7721538
9748129
6679986
3048844
4913206
757787
7073820
4748623
6313512
6437933
9173756
4171738
4443134
7202598
429850
4456779
7601082
8584912
5241097
2544926
1086492
7448186
194872
2566063
9409219
5671000
1714794
6474919
2388064
2681121
5965498
9730742
4079516
6822136
4617379
9103648
9172304
2098121
5760
8431103
9627947
3724586
4461368
8969471
6713077
8937281
8418955
3824401
689342
7313327
2306186
4337441
6630164
8045072
2539042
8845105
7468786
9659487
1143365
7128882
370019
1063843
1496224
5031482
1239049
3597905
1894923
9839803
4165534
6002001
2738799
3432134
6834694
1811277
3903201
3579315
7971030
6838939
7121
5733262
3130300
4171242
734689
4270012
5389137
9333061
8573889
1583695
6721092
5577598
367939
2777861
6045103
4671057
5068199
8314654
2426734
4398697
2089927
1633455
7196046
5333204
529587
3242174
4851169
4590248
474040
9516362
6985880
6745528
1059978
7886067
8124193
1096116
8653474
2126970
4340130
9974847
9030172
9617281
9170782
701807
9172178
9077176
47842
6722709
7746462
9246813
2440418
1625681
4554991
1335793
7429807
4544446
6940726
8673345
1754667
3799606
5476890
3098886
6618942
6317155
4446407
9158935
7083091
9032917
4177121
9760475
6640885
9219955
7387791
5228046
8501405
6394845
9516396
5240369
1514914
5491630
5709035
9870912
4382526
5260592
827126
1856332
2082335
2261027
3029654
982945
8015428
6061878
4133848
6400339
746393
5893183
1902344
1180842
7960468
1318796
7088075
1037959
3809590
9999331
9023080
9315372
6625084
3475259
7067383
5274556
4170026
6891906
2109954
1677862
8634693
9718519
4360489
5497120
6247641
936360
6358279
8145475
128822
824630
415626
9967636
9603276
5052170
2279802
5011579
8897845
9736891
4197958
3001907
787830
4921049
6313863
6292206
4596483
9340755
7296546
7236685
8346723
6886382
838901
5484044
7311578
4397826
2715045
240839
5213388
5280589
7106673
6110053
8221328
7433919
5702857
9018055
489630
9583317
7560171
5176131
5350796
3703280
3226050
8496349
484717
7132858
2195397
4068754
6199680
4330008
6785320
6396489
2194563
3092467
7025191
5645657
4851811
909198
1818629
6652005
5603626
5822088
3840341
900921
153614
7138633
2688787
3132945
1986663
2934468
2552752
4934387
3037414
7582066
7183702
8025632
7951536
5211277
6731625
2253794
5301689
1129649
6545523
465550
1739065
1326492
2967513
4713234
1676291
1548540
6249669
8444988
4214455
8949117
8674987
6513669
1006107
102665
9006856
251894
1817776
7962221
9878592
8661580
6645136
8073203
8296908
9375602
2145004
3286385
1327618
2900599
9694540
9991242
6012366
7450566
228506
4583488
7484574
2263415
6854310
4414459
2753308
7130119
1277413
2470861
1860723
2761931
897099
3420723
8871153
4214916
3838754
8031620
5740330
3824802
7215608
5800207
9877456
6473816
8930344
806879
7737724
9296384
5877972
2832055
6182334
4441384
8624431
2933135
5196960
2146087
2070408
9353166
3901722
8446703
5440833
4248290
6073842
4502246
791031
527401
7201407
4269209
5125492
6164407
4784979
7838719
5679746
2443468
3301913
1286877
1869044
2347866
3247215
2586440
7506956
4789325
9013843
8241866
1423829
7562333
7354937
6679748
3460804
4075123
4923607
2791019
8208844
2847447
515147
3214987
9312846
9041174
6367071
2847362
1220979
7964695
5932931
211655
9108384
1019690
1128630
6493200
4142932
699653
4277015
5518888
3260852
557006
6486290
3851117
5452591
9148930
8439633
2429783
4475580
3849319
5553663
3850680
5126844
198228
600019
1742096
8635271
1159702
6649466
7391062
7955264
8475120
4808447
8626653
1123417
7130060
5793851
2889876
4678397
4263135
4268012
6030813
4389805
4393745
7172218
897367
8921067
3527679
8977157
6067175
1106582
7971048
3648084
7555392
9268927
1797732
261215
5377074
4042027
9995135
2069182
2467653
9003173
7658688
8427854
8598195
4285854
9040683
6475948
9527757
9718702
7140131
9836916
8853233
8631752
2600529
1022083
5135088
5276470
8073882
9710237
2228768
8042013
1755805
4600998
7539919
2307376
4257942
6322363
3901562
611181
1502261
9067197
6397799
4238483
2936509
4492933
2217968
3418108
9340666
3798096
9938704
7541870
2730225
8748706
3950462
3997460
9529680
1731465
2532486
1891290
9222531
8388091
504719
6574944
2635976
9505656
3524730
2892434
8675182
8634964
828394
9698474
9345679
3558299
2814936
2444536
2032167
751319
1962481
250029
3105703
3859086
2948246
35444
273091
1057481
8758069
6474996
7739483
7280818
6365317
1922910
760170
499970
8521537
9363506
8067265
6479929
2041833
187974
9189570
1402767
4957193
3176780
6252388
6437685
1559283
4844655
1035353
3946535
9278347
4854706
5357380
4093115
1426943
9892395
8561997
794648
8096481
4636612
7065560
9233030
2319496
3271346
5282506
5189697
6856312
9876774
5308181
1638432
585009
61236
3331213
283564
7667927
6782655
3059820
58860
6208548
4679966
5526818
9870478
6361743
7340618
1250455
5560095
327914
773048
7313385
7262032
6542008
7081358
4507578
1543966
1238591
218807
6593235
6223818
5017912
1451930
1514921
3771442
4734406
26603
7499767
9087444
5434661
1687312
6691145
9923410
4510799
7875792
703933
8771007
252404
6162008
9423726
3265641
7212467
7041237
9197854
3394066
4935876
9293925
2362681
6340457
8963997
9520535
9472445
6799075
2672705
6516511
7702644
258816
8857607
3927209
9058617
7272069
9362191
9318415
8724807
9491756
1984968
7926873
8877473
8141901
1218829
6108323
513968
6224276
9921407
7193304
3030135
6090488
7609043
1300811
9552103
7624753
6325926
392145
9977438
3971965
2122389
373746
1459207
2226355
7241264
6014745
7626120
8757315
9685692
9379602
3133514
6377699
246500
5078894
1319685
9282767
98053
9590523
6183139
2335392
1222047
7734054
6060047
5630676
8564715
5273995
1975997
7727094
8164765
7665815
4878602
1513512
2314749
8191942
4979442
6460849
3101742
1252055
1620210
9090075
9251391
2426882
4703172
1541861
9935814
6758080
2311411
7310546
4467289
2970007
2729969
2364133
8011590
5608077
8593740
9858878
1249033
7537653
895813
4434786
6147866
4469468
2212753
1765564
9287064
5815176
4926604
6255359
8155515
761207
5351269
7300063
8485876
2120960
48422
9696860
2374580
2119442
6160072
8337353
1022
9638891
303027
835188
1063161
6699117
3683561
5740680
6878806
4615563
886528
7706752
2880264
3544558
2281910
4671551
7885337
2980059
8440596
2733932
9395074
5504577
4697597
84841
979971
1492492
8144916
8727016
8668958
3066342
2699753
4392570
7593771
4032748
1511451
2285891
7041151
1216147
6534492
9097361
6260278
104808
8077732
1105805
988471
5896056
9436484
989887
1534559
1948987
9636178
6237795
17209
2986349
7781640
1832195
1445754
5284545
3119385
7170644
1356788
731816
6085555
3815354
7391856
893221
9554824
2284458
3348893
735684
550764
7757373
1189172
7217357
9959769
5266538
246724
77234
8117940
4302110
1453305
8458737
9630164
5238827
9425011
5489989
4916322
3808485
2363059
9520852
8756079
7857194
6932419
9950535
9316941
9614760
3579227
6914311
5781660
2206289
9985429
4313269
4681323
7922494
1938894
6936030
1477918
8634737
2369794
7954665
3392095
5215276
9033186
1386511
3577195
1186540
595955
4325451
5574904
761752
2579146
5902141
9420077
6765945
3720835
3073182
1152943
7856302
4978974
3579180
6038843
7345911
4295531
8791562
4059358
5660551
2539801
7057787
8890913
1014611
6805369
4580323
9154824
7305165
652933
7201904
7512916
3250689
9869802
9193138
3674704
4217305
5026047
9092279
8445313
3275449
9179863
5094230
2967500
5333804
3822714
6419384
4998190
6809741
2313574
9062920
795792
5550714
5603465
890417
7474520
7454680
4642260
840891
6601391
6041578
7532730
5629823
5912949
1343212
6110633
6661661
2675224
3455939
9471931
3066410
163296
9966785
570666
9073826
5591956
5445087
1797514
713119
8277619
5192101
462319
1706523
3918672
1673190
1398124
1679686
7762814
8514612
6507887
1589721
320388
2387805
5511886
4948137
7468969
6527430
905692
2972044
2821762
399181
6813612
6223493
3922645
5286955
4497121
1395157
2971690
10906
1387359
2268837
3057495
7344015
5263802
9494064
5995245
998598
177431
2649268
7007521
851845
1324392
5360448
1862167
5658294
3600371
3071788
5822106
9868368
4355864
7384568
5700635
536714
7349456
4739892
735277
8259637
1675928
7431338
3208858
2166529
7779522
9981781
9239961
830766
5936880
9896665
6143104
470607
3868820
1103318
807731
163121
6587917
4829249
3627768
5101322
204763
3410195
9713643
1988394
50403
4654573
5841992
2114878
527354
3598931
7187498
765161
8497363
4768276
1080612
1208105
9106020
5031352
1573624
3714164
5650747
2923639
9151022
6025943
5806732
4087450
6271321
9514061
5712099
2457996
766797
6062380
6508258
1185507
557972
995307
6837674
8168706
9552855
9690672
218913
322485
6673700
9583028
7188587
9185493
986330
1236276
9172697
6490390
7369096
8011132
4408515
739688
4053978
8035985
8404611
4480455
2102293
3654145
3252187
9567644
4848214
5146525
9748455
6290930
3775349
344121
46626
6587247
8233864
7691956
6324624
2636968
5606515
5504466
135056
3656867
2695765
5837446
185459
1222699
8275031
3565437
6366668
5253007
4279933
2181171
6562627
3081051
4796088
1774491
7707093
9013374
4274351
3083154
9766235
1025899
3133484
9608013
2507383
3671445
3713174
5162606
5553762
1598012
1170111
255574
536004
9585121
668301
7075873
778377
5975533
4098428
94265
9076707
9324540
6945844
8563708
4249281
4076457
233950
2541192
1957034
1482876
6442889
6586435
7450289
3690049
2283062
108972
4724295
5612176
7659446
5604983
9438406
9336245
9110538
7569001
5423699
9489087
3121704
1471813
2868769
9955921
9958900
7105113
5229205
2809968
6631050
778903
3874617
4031052
7031001
3006158
142127
2373394
7676804
6208309
5934490
8735238
3129599
1304222
4292191
7750130
7774014
413796
9996499
2115311
18411
7464480
1921570
1523944
5775595
2719632
3785775
9239730
102664
3035545
3171651
7238515
2822742
1660520
2867508
1132885
5915171
8798525
2088645
8761968
9610841
8201257
71739
6141167
9488244
1584832
7276864
1785365
1880132
8441170
7323767
3547308
8984712
6231535
5575334
9231464
9237554
1368233
9874084
5250386
9545818
7780434
7892761
2809838
1580353
6404195
9328350
8669862
745866
844631
5698707
3965013
8032096
8975442
3622994
1126905
9185340
6298800
2593309
8531556
9762402
8046217
2892028
8540686
4632374
5564984
5217576
896247
1610185
8622041
2316969
2820609
7998908
2726526
20455
905540
2980175
9247599
3586155
4941655
9003570
2138438
3835917
2269459
2608641
992534
4227222
1487813
4654408
4676559
8175113
4676836
3547082
2209209
8806372
1840566
1107951
7070929
6038146
9685057
3293084
171260
2122872
218872
2140449
605921
3487273
850734
4647259
2504297
3674505
2201180
2190845
7363633
8355507
6025961
2133930
1732003
4088596
6256740
3254165
695061
2191823
8444613
1569292
7011680
5628172
789114
6830978
4252449
6641645
3305808
48417
963703
5778650
9980276
3872335
7381478
7665813
7710790
5970323
6675381
9807327
1609838
9013880
3762207
2214915
1191815
384497
2716217
1504226
6974467
1241976
7879864
5008637
6343803
685797
2669614
9765016
8906788
3660282
2002053
489419
4423660
4159768
9080035
4628930
1122075
6494450
6574690
2721305
2530605
9520888
1361637
3406179
1988360
7043068
8167953
234749
8406849
937462
6155435
6809248
9347930
6183653
7007576
6597745
7725985
680809
6428438
3923652
6610244
2566439
1411177
9568516
8592368
6605465
6074205
6067825
1014092
5086797
9751145
4814050
4273757
5041606
606962
7398338
7239121
6568553
3294159
5136673
3163588
3770172
9521958
6993285
5767838
143213
5071767
6323817
2806406
7610403
3183859
2172243
2834399
6464939
2259718
7278626
1970839
1484107
4957965
2463870
4290378
3631297
6894357
2305952
5763354
9308088
5378129
4472052
2538487
1701409
8635017
8610707
659191
8955694
8271039
9967656
1645612
6837788
2474957
4028245
5219978
1419947
9578006
6379810
4423644
3701107
3372442
9390303
5684716
4016834
2247777
4726704
7733174
3131619
6134309
966422
6118156
8919251
3956911
3773412
4119186
4374526
3394147
582748
4041391
1301046
1320125
6137850
8875181
8380358
6805977
469585
6272365
4480795
6204130
7833358
6549898
9457577
4505740
8378198
5550326
7608995
6733983
9845316
4500508
5628816
3344846
6048063
4025344
7324700
6219630
9467680
7922003
4544185
6593907
6487066
9976526
8435413
6414060
1066732
7229437
3500092
4703614
2121868
1326720
2970964
5758907
4790746
6206549
371213
8983972
132865
9608086
5570714
5139692
8523591
1468650
5732616
3109905
6695803
9998291
2392354
5420660
6227967
9658922
6396932
6661812
5068180
7494119
3048821
1893170
4018632
227269
7603440
4633597
2293595
4019777
6173055
9873414
1990843
4457624
3046620
6455973
2055877
4796862
883139
4442136
9134553
9789862
3278492
4157602
2640955
6970197
1951928
5049899
5313930
5183259
3581785
936782
7596811
9505489
6923106
3691168
7682250
3791743
1749022
303198
503110
8961683
2046518
8316171
8905854
5977183
2802000
2383854
2017415
1332125
6180061
9210403
7493278
1549848
9344598
4711904
5340786
2624266
3508372
6085904
4686886
2956451
7263622
8480647
7728503
4358077
4480512
8355982
815531
1886240
8341969
3254706
2744764
424717
8875765
6894130
5728365
2476115
3734011
7460989
7764481
7599515
2215547
9685566
7213779
6716004
5434372
6823926
3159155
3271209
7852251
57132
1870243
4675095
1039272
782512
5991311
2558537
7370708
9009532
1054982
412495
6165420
5460710
8709791
765550
610130
424753
2549853
8117571
2989388
2147880
1102475
5187327
3125740
5365163
7769776
3269336
2011842
7137408
444089
5052022
3803549
9624490
2070609
3651003
6677266
8876601
1457011
8294272
2759490
588584
3329598
2040498
3323829
6343188
5802622
5889884
2586623
8692234
6555956
2952963
449445
3128734
9657192
8130905
4129398
5770849
2144473
6266776
5909756
3577048
3936460
2489045
2834947
2529607
7427172
3805735
3189418
8761272
2924376
23894
4820588
6100038
7947056
3725541
5939786
3783294
2167661
3802341
7100569
7160877
1461424
8510678
5872161
583150
7877615
6662166
1537432
821328
9248056
7702667
764399
8580719
3144681
6527847
8352272
2026574
8483675
2657426
3353821
6394351
647171
1655413
237557
8244194
2091805
2616758
6650921
1673975
5942839
9288237
3728928
9366315
9398944
3068302
1503920
8271086
7293758
4397953
8961255
4333063
6753454
8027502
3360546
5441050
7425868
4406630
2198221
2435190
3520199
3635471
2562993
2376231
2707605
8528837
283323
1780576
4899567
4257325
2583166
5806698
9398817
9497138
2588440
3089230
2997052
5934755
6795232
958985
6325463
3070910
5662879
3541059
6234257
827267
6536594
4064166
8032738
4104414
1118522
1925024
8918310
929825
4555955
6657531
8250638
4626816
1753914
3964704
105914
8146460
5289107
3843915
9376627
5115214
2047235
9423505
5435128
2491369
227366
1203549
3686820
6465382
2927873
6732574
961871
8534872
4812105
6699084
3845986
9578290
7944458
6129976
6477957
1061286
5265210
4644753
7988370
755528
6065503
5342209
4218247
9540817
1220064
2923932
1128986
6178838
1450860
7182646
4490727
1208310
1300120
9499704
5741515
5535615
7185098
4557014
283653
9555891
1532163
9667569
6307819
9939244
3548717
9914238
5386167
7564164
9179180
8332424
6002095
3101483
1009957
8005423
8858
2299953
304677
4255054
2830774
7291325
2655762
250131
1193207
8323688
1612190
2280951
1506685
2511066
5158676
1229630
3385397
9589415
4087784
7214144
6770172
7763782
8925149
9504788
7615233
6811272
609612
9502527
8778173
7961905
3617494
1244758
2767800
7153175
8230055
8118038
3880977
1340549
3110065
2212103
7345890
6533106
475104
7723933
5689471
9676690
8898936
8971871
7971767
9138493
7052414
5912575
3980083
3489743
9590961
5180258
3406032
1934214
1538396
6412777
5516612
5180246
3160427
518034
8598226
9700896
5618206
3048236
3912026
2091938
2428196
766395
2659853
2030906
9833018
1161874
5905125
394583
5857018
8158592
6344069
4568226
4744401
9446250
7652002
4766280
8052023
115556
837883
19976
2353516
7060942
9416421
7789112
6637792
5136687
5187295
9139482
7302425
8328409
6726216
4995314
9603209
7513275
9950330
7552078
5192708
1493624
7042901
3377360
6470250
5831068
7157671
566646
4310597
5546982
554089
386776
6823396
4098069
5922414
5280373
3700900
7889650
3341684
631412
9879487
6478035
4570108
9479904
7157574
3128473
7791391
7405119
1326712
1843984
9486386
6007811
2304405
9551433
6377975
3736960
5387101
3454239
831234
6223706
9958360
7817372
133497
3007254
6174131
5868076
1847540
2709722
8875420
2702848
7762358
6937807
3462316
7156598
5028294
3938800
1314716
5268274
4865072
8799990
9388381
9561617
5627065
6601347
5849896
4726024
6944887
7291790
4160980
5008622
5543320
4391021
4901630
3714588
5157175
4318420
1224635
5122966
2035283
6635757
9552704
9883262
4103509
4067772
4336553
4626954
9702589
7564686
4782998
3798613
9645556
4523796
6877281
4425735
288169
8821872
9418012
2874564
2451221
3766968
801016
9954275
5506082
8397069
7048583
2152579
8003203
3666263
9657293
8945253
8764166
9775026
4523284
1673678
4180501
2645656
1738310
133817
9579907
7474973
2165751
1026832
2908114
1931788
8031878
727322
8035116
5483189
5055959
8700197
5834238
3233245
4816159
6925611
6216698
5648522
7929209
9824824
2213111
2108241
625662
4100920
170468
719923
5062882
4666376
9507397
7261805
5106761
6400533
1075224
2489432
3748803
9505527
916165
459458
2372888
5968856
1789057
2287749
1926004
3423226
7742198
5592156
6601538
5976700
8871205
9980860
6570064
3192949
5549356
9770217
5660328
7907997
38870
9317684
7218299
1323409
9624487
3664159
1154010
4380388
6048123
9270259
5005393
3173454
4351589
5490446
6652985
6507653
3712585
1420059
1215996
3738338
9093919
9239718
6224123
806279
3434356
4976515
3079747
3195954
6834966
2643609
2277203
561793
4171840
3269927
5201397
7675901
4911616
3072103
4448029
6821239
3488190
1808273
314012
5054268
3892159
7562536
9721484
6974041
8463010
6647889
9064265
470105
548104
9263858
5264566
2363378
9547593
4707348
6399319
9773848
840926
2566757
1504423
8175463
7351008
4799062
1080643
7815100
4420729
3159547
629815
5068365
3486966
5344164
980551
2603250
3831596
9002009
6150741
787383
2740886
2717692
9379883
4703173
7082071
6557265
5676411
3039596
7523838
5650132
2675682
3338169
3372923
2239366
8729420
2572250
3922063
156352
2286604
272491
2255564
5539654
6732239
9623695
1808704
3615931
3429451
167115
3854093
368538
3681921
3309618
4255355
6849995
7859221
7398303
1136167
2061178
7176896
7655348
6127041
179620
7340697
7161660
2382272
8026021
5827960
5287989
4179599
950690
2911867
4663966
6210844
3533440
940364
1312682
2903156
3872691
9759663
9330290
4333809
8181179
2862652
3942442
487268
3637046
4544164
2211405
782938
2131643
9062780
4966142
7691560
1142552
9756416
274904
1524495
7620529
2735429
2741508
2221350
4910257
874415
6262933
981295
7371013
6938841
4344352
9168154
7760636
1704403
7990771
8307948
5387415
4369628
6944425
1776219
3068163
4424314
839640
6481330
6035784
9086943
3814972
9006395
7393824
2585137
7871215
2488698
5695503
8485736
1075236
3017865
2609727
5312638
672821
9813552
5758648
6463882
6613628
8955284
4726938
4273534
8508284
2473514
4150775
8144798
4179268
3147851
7572724
9620114
1280255
3125711
1673187
2180883
1418285
1442047
790984
2000278
8907290
7682113
8615315
704033
3954494
5815917
9274427
6978125
838805
1240406
7623812
830200
8132442
4888010
604881
3783855
2534209
5914335
1737600
9860926
4224825
5955235
2989747
5340850
1835293
8287807
1711674
2896813
2944450
2384126
8258249
6506380
4270258
4190502
3696223
9354243
7623626
3049895
2743910
360107
6051820
4853001
2510770
2421657
1895606
6302873
2955266
6323068
5377144
4373369
9917057
6417288
3227226
3276569
25296
9052625
3279980
3394982
4863661
4939677
5067423
7429264
310743
5112576
8425575
8700076
8373438
8532466
9732641
5546441
197025
4545991
7795113
349127
2788543
173215
6277884
6333788
8514217
5861303
1197415
5254990
3178721
7519466
8335512
4318098
3047738
6664933
7166198
3509846
2683656
5310533
6947695
3911968
4496420
3103559
7589183
8355191
7955174
5350368
2860455
2684657
6017866
9516687
2577165
294220
7018931
1351462
6700275
5860109
9105616
1404504
2378337
2245148
466021
6188871
9608390
2645229
2531840
9940990
4795559
1963365
1196818
5412000
6887261
3663579
705340
2544010
9922254
5330896
5298323
9757053
6748186
3902236
7313049
4099744
7772421
2586533
6855264
2891729
4977112
3017977
717149
7238773
6324729
1275032
5624134
4348805
8629732
454124
9248019
5698255
1629002
3263702
3435349
1794645
3741912
9031340
678597
731645
4573660
9628388
8966293
3765639
2634593
1077640
1404387
2965880
2547453
1583119
2900710
1279589
6243024
4967273
8579228
1890000
6249337
9031619
2577882
7305475
9117409
6998723
8988989
8380279
6735439
4998843
141535
1744515
9778586
1841053
8905989
5481396
4398045
9332696
9013287
981260
6534112
5189259
5127029
2240853
16107
714378
6514042
2980664
9563303
8430151
8352169
7419626
8798265
8060472
4102901
5262650
8737255
5491053
6504809
6739855
4727299
6699072
5214229
1992328
9995754
7303868
2169314
3652594
4969316
3024808
1875577
2364067
7316858
2429854
3003889
1260032
3243170
3070596
287021
5127760
1073136
762896
4770134
2736283
4243556
8923760
3639954
1891932
4721185
8146975
8574498
9535364
1877650
1510749
7903066
7491254
2574032
6815766
9867143
9966698
4658783
9653062
8839009
1619590
2699180
8618243
3341393
1860487
9219966
333907
956521
3679918
7247607
7084152
6875662
351261
2820108
35752
1046697
90306
5835712
3300221
2706059
9046969
5648227
3244576
9126333
6644276
3163379
1616673
64573
5398329
778686
5480068
3010847
4532412
4098201
8882868
3941695
9224673
32062
5960577
9280330
2715205
7011700
2867497
9471666
1047700
1000615
7568234
6679137
8958730
7251039
2751700
7673708
7317345
4094742
3810751
2974775
9324945
3469682
8415480
6465344
3419980
3598548
8114338
6836868
1397573
8483537
5640878
1913353
9098805
6752670
2970124
6671450
7631550
1757495
4157934
7282209
9263540
5112065
1823016
13766
1247984
3185523
2601350
8486612
2631528
3374319
3785089
2556086
1663451
9069164
8524534
3754838
5860745
3134571
7735750
1062010
8864326
8000564
5458750
331935
6812567
8091291
8271308
6470012
1593365
728950
7088239
6211497
9764360
2802603
105260
9029939
8768557
1685291
4469468
4150051
1259304
2138016
7836452
7459061
6874491
1959225
7728330
8441758
1856718
5911340
9955950
7029641
9723327
8946300
4143131
9076773
5014854
5871078
8346306
2989618
279111
2527912
6556356
6322836
6184744
6698367
8956795
6450374
2865799
5937489
9642641
1580428
2321394
5430329
7519840
3424902
5168187
8509904
9951853
9487590
2726426
5761776
5471894
3749972
4577307
7300695
151540
7454749
4997288
2290152
9719571
377065
7466731
4498259
7972190
2394434
6912310
7097625
9903015
5108878
1055776
7346286
9631705
6649772
8127408
362282
9436109
64546
9281925
9987293
7671958
5150497
8355566
4276682
9380980
5904630
9579431
4768532
6805311
4627150
1262787
8540592
3247084
8456864
5071232
1888185
6894656
7751801
4069010
4848201
7689595
8707167
5760670
3460434
6688540
9756371
8999883
8945914
1792106
6389111
4915176
9802590
8954071
468997
4449672
4865658
5302223
165698
2796180
8636402
6618587
166309
5480564
2867249
1984201
526789
2751907
6685244
2341110
7695390
655730
6655650
6714490
4863346
9275736
1026876
303302
9132916
3005496
4539237
8969793
4238977
6015794
8725553
1751117
3715139
9140
9332863
9053388
9615600
9320491
3186898
690366
5534469
8094464
5119086
9074077
9245341
3975550
9982518
7947818
4394146
1778156
9283375
5832314
6979222
3968859
244426
2506136
7500728
6216932
213497
792612
10602
3571099
770482
5786687
6549445
6766202
1708299
9935029
5970860
3410905
290035
5996788
6499537
4912098
1628924
9360985
4379848
9484719
3214211
7353033
9082553
4935685
7247644
7530043
9554327
868831
8433129
8050587
327251
1984999
8905674
7920593
2717834
6953240
585852
523953
1895802
3423306
7176065
6247185
2061505
798687
3874299
4553057
4959789
5083767
4228950
2206652
9987578
725881
6600068
8119300
4601299
5753648
7078970
9372191
6725471
6278458
2765468
5047988
647926
6338933
2378395
2114702
1960068
5429230
5774601
7318020
8014255
2297255
5291977
7138206
2990714
3090981
3033322
2095209
132782
5566433
3957944
3614733
4947521
7374876
493243
4338921
8370220
5155692
8059780
6522942
5093127
9079559
4841464
5464009
6247256
3738591
7332875
5473695
2864248
1617138
3888292
8965368
3778635
5243549
102453
8205719
1372975
2301497
4822944
5587098
5833408
3660141
1705025
2788779
9998081
945507
55773
4179823
6616707
2142884
3101015
1533515
1140674
7923904
3973324
2402269
7773127
8298909
2634912
7140362
4541592
8993791
9153277
4133584
5813391
9322849
5385235
5389327
9296992
5447965
2868388
3035748
9805544
5121646
2857348
5809537
2347856
5245025
1701263
6812896
1940389
8428154
5497756
8208313
6178099
1409847
7526707
1116694
918371
5636948
876198
8876708
791275
6094707
5176004
1556023
4333998
7520167
7618669
5154906
4517182
7912403
3864147
6142500
3604148
5983125
2368039
4992281
7354468
8873879
4962644
1881313
7738392
1997873
5979520
9740533
5037867
9581067
7708499
3346028
4361363
4855074
3408704
614836
5593022
3881712
8192825
8565526
8964329
508101
3728662
3275512
2093994
8889428
3653629
7067995
1394957
1151717
3372879
4020592
8743709
3057142
7165952
628048
8606374
7959687
8489735
8974937
2937399
9341829
1146176
5916089
2920717
8051706
9115147
7972833
3293356
161778
4785551
9308871
7294649
3086245
5301092
1050168
5259002
3045724
2050632
7468719
5129291
6855065
5481364
3568630
5493492
3798802
8097204
8587551
838904
1703344
8587990
9471159
1801537
5976723
7127898
8025653
3153975
4907963
4684473
6400776
8330962
1470059
8039488
7427158
6356886
2727729
9940331
6668784
9879270
1095627
5207508
3766215
3521541
6644680
2290958
9859312
9656828
4310949
6309418
7214398
4395516
5728666
883460
9857318
9648839
9828718
486425
619603
1881826
809069
8929942
9992131
9296316
5709024
8047873
3823109
9687827
284574
8913596
3925073
5710640
2746864
1597186
1425802
9064774
9973233
6871927
8758835
4873939
4823280
2855503
4946076
6540807
4646205
8633552
8668835
4991907
7680965
9778415
6219518
7349099
2863814
9412690
6223261
8225505
5512883
9580037
5847355
8722463
2120949
8695845
1864987
9937746
861379
3005641
2406847
1198852
7400554
9794656
7763838
9039785
1241157
2309535
5020410
8872065
9067212
3146256
7580839
1374881
7753123
241403
5505716
9740844
8877176
5020561
4407243
5515199
1658957
4460658
3457964
7137935
8327200
2682274
8775697
6563560
8780693
1758440
1392512
3057232
3651357
498031
3521874
8861107
8435207
5733094
7288315
8998898
1913894
1374323
9699282
4123197
8249091
9039071
1338594
4615450
5646530
9671021
190531
380238
9610974
2800520
1767751
7470809
7851911
9682001
788430
6214391
5295274
2479790
9399839
7134100
7096066
9818046
3485062
3707952
6269123
1500391
5252628
8465659
9033878
346744
7796028
199460
5342150
3274223
2122931
6619683
335129
2039068
2044481
9658195
4045509
9806166
1339162
175075
4171148
8936188
2108061
9621822
7957611
5156877
2254877
5287325
5864673
2034449
4082724
7157025
709048
9629582
991044
8910695
5504439
8976004
1695579
8427003
2063882
716664
4754782
5498570
1023353
2275478
5022040
3559747
7734944
3465906
6718620
1169017
5758797
8907522
8324676
3450094
6360489
6745397
2346477
7379808
1323151
3641209
5849863
8550626
6726712
9535330
4116224
3506200
5926214
4059994
1012567
119360
5601299
9136078
5398189
7217589
1515781
6152508
4897249
7555834
4132401
1441972
5608829
6473221
6301079
4016613
9811034
8176266
9531134
3119512
5990613
5816952
1940959
1698895
6372505
4868368
4128862
6591557
714497
2248549
8523801
4026267
7911075
8156396
3048601
7666110
472666
2657645
9138588
9974078
7077036
6345317
6876297
78618
5756522
4183802
4949032
2971064
8744957
1379202
6336939
4276302
4302094
1152394
6915714
1284186
586564
1758976
7748175
5424575
3434929
5616377
8982744
5026674
6871860
4456046
718966
6263019
2087753
628700
3169374
9398874
9174838
20509
2271114
8227798
3590211
138791
4430171
2394276
8163901
7041372
3498564
7083688
2253531
8541451
1718803
4417393
4348035
4539717
7604905
1947151
8872942
9714203
3857363
9931738
5318185
3546949
362518
9652679
6908211
9649126
753358
7019405
8309707
6746655
4364220
60294
9557440
2914210
2904694
8483506
9002337
4667751
8542078
7622640
4523514
5367050
5882176
1877133
3978373
5513854
9020062
7611396
2278091
8236942
2068394
7608682
4460761
3297495
356902
7127268
9274375
9394414
2010215
1772653
6438214
4546443
589129
3407370
5118173
3494100
9909423
8453650
8769744
1090616
8510363
8278175
3448497
9200235
7883502
7435452
6025441
8589420
3732003
3926480
3597859
6789790
4764137
7967439
7541479
233616
4212238
1581976
3901511
141411
208984
1891079
5857038
3238026
8600858
7031854
389099
3125423
9142763
2142724
6642067
2235401
5849894
4437698
2799426
663023
4395062
1137833
2858598
3903115
1425938
584690
5974358
7553275
7748143
2247317
122857
4505202
4689207
1112074
330181
949542
8300493
9924817
4565272
1672769
9479566
3608637
2676990
4541972
6228230
4029855
9241534
1263046
998198
8098718
5193663
1657433
2423350
2419248
4648092
9126573
7811742
472468
9854630
9362038
7963632
2533752
6539333
4290930
9635764
6826211
3434063
3075805
2977219
6261162
1310781
8321649
5008793
2418488
3112546
4858894
234693
4446210
3590072
2892247
7033278
1672333
1809965
8951810
866002
594686
3228254
5125084
6418492
8822140
7241402
1664582
6400215
3608985
843232
7967352
201314
2504995
9162967
6700087
7527112
2849363
941044
2540850
589685
533475
9975009
5624078
3966901
6558612
6947522
2274017
1175722
9583838
6046358
3298298
6866414
9121796
9787701
523068
167377
5686875
7798828
7982534
5251076
503738
1005501
1606917
8303595
4083491
2291122
5595845
9447013
206767
436155
7740922
3627031
7742336
1501146
3179393
580614
7574427
2880064
2688511
1569076
1831352
3425805
9068687
6386663
9502140
692169
8544907
7929148
1267863
6540557
8315028
2391342
3114487
2012433
418621
4259498
5305180
4686342
6836929
1876946
8321130
1861589
9554280
2804880
9179783
1147607
7951746
105507
7630080
4308982
5140426
4108378
6829373
902507
2427659
3784653
5058908
4918002
2210309
3081424
6048957
2419689
1557647
6665780
258315
2417106
5743198
3038081
3601630
9860191
4527804
1380466
2380957
285509
9786839
4556645
5118577
7483941
7960124
3024841
6305342
379232
3493757
3064050
7057609
5924409
5298351
1583323
3768990
2190266
7890741
6861467
1323770
7811786
5034976
9348120
404439
2247083
4535694
5787241
6024536
9803702
9060534
5884703
1878155
6413342
621687
2204749
1774505
1783429
9646438
1852878
5363159
9009769
9754982
1525365
2864367
7211973
9067962
6788119
4790496
8990250
6939458
4283211
8035775
9328176
7179976
8618375
7068259
2129058
3588545
7778068
6364759
986290
162263
8391962
8816745
4517002
5233847
7653540
4342244
396540
8576041
3870861
7353823
9353135
1485971
9471664
1837701
9594673
545747
8232508
4891833
9516940
2191600
1438714
7334718
5046177
731690
844765
6772357
9584499
8876599
3382287
6594086
2145094
3311496
5469966
3866498
4674175
9065275
4513332
8554057
7332420
4536879
7533765
655532
8458564
2646109
1967437
3758121
9631536
8854748
6882324
5344569
4602344
7242615
3145589
2483602
163215
2821468
1105922
2793402
3343731
8248820
2489478
244022
6027712
5517246
25000
3491965
3654145
33192
1022731
345967
304905
9203037
8707328
6323390
4171937
4893760
6766354
7607412
4014330
9961367
1866128
81022
56350
8659694
8742478
9592160
9531609
1509636
2035380
4229915
1998351
6814801
44462
388270
9724831
1549297
6450556
9524718
2554636
3944273
2329747
8295866
3381306
7662932
9763875
8924348
9683301
7714687
750436
6512993
149425
9089511
5651211
5036547
9115509
1379096
9187425
7134636
8053549
4328744
6518081
4109476
681667
849971
386844
9889942
8641105
4652826
3676192
4178218
7290742
1992139
1623717
4098985
7477089
1383818
1612648
8781051
1428798
5340872
1551338
9316321
6197169
4347613
5531886
8409555
2374339
9618900
5184931
2517946
304861
3172783
4358289
201970
1147790
6090446
3413380
5434844
4012666
4659605
6926859
6897379
502836
7490653
5396420
6292494
9642775
4200728
4754388
9764418
4585855
6785075
7246792
7409100
2487556
900409
1602066
982477
9236469
2314387
4479459
268972
2336717
9044176
1536830
8505976
2553619
2311444
3732800
8612399
7495026
4848380
18935
2504701
6561268
2361199
565069
8906663
5815833
8401982
1174872
8336275
4396972
5448597
2280749
7844506
3815165
6014817
3232188
6905265
5227329
2680487
3729059
5778758
7624135
291871
141286
4943562
1462805
2675469
1588824
9395471
2340241
9255327
5570297
1798231
9209888
1949435
7024166
1165066
2964357
5492257
5804105
9470082
300295
4812791
6670332
1919687
531958
1020596
7795505
2900664
3675272
929146
4437611
7154989
6851791
394796
902315
1430309
2143908
9421374
4065169
8763942
2404583
7688684
1454013
497021
1505438
2949117
3363897
2133262
9526075
7167491
1151652
5886245
1502758
2098720
492665
4437439
8931378
6279063
193414
8351002
7203856
7301884
5454312
3764612
4337730
5235441
6406140
771811
5124794
2981385
2421398
7378721
7029015
3670235
5030578
6422643
422001
1796353
1478284
5585074
3969453
114817
6139639
8375532
3438622
5186302
8251339
2498141
4353235
3940607
5867368
9367295
7077566
1393754
8240449
6875846
8971752
2836641
2737738
5332644
1703841
2117580
7698181
3074809
6614268
7601140
63642
8546112
6576411
7018003
6499944
5890186
6714064
2560921
2181408
4631551
1284941
7414352
6858019
9156629
7415494
8567063
4522509
4923305
7940740
7836328
1350895
2678377
9700270
1008135
3484519
6066736
252409
612359
6925316
1826252
8560741
5088665
8398650
9489618
8109647
5055599
2442334
2106448
3947570
5254742
4561310
3514406
5160664
900057
5154608
7034287
6348561
9188609
2556183
1853260
2530271
1457616
5641816
7261576
4240909
5977393
2745205
5988078
4308019
9644082
2886815
288433
6705341
4637429
4748874
1475413
2075758
1695763
8272135
3281033
9172138
9234704
1347343
8911998
2462086
7777906
4178830
42303
7198005
3917509
5145959
3780701
5660015
9844189
4823454
8396037
8433743
2999265
1086709
8862315
8670754
4651105
9842966
7042664
9006687
389217
6797320
6797317
4356546
306798
5827008
1649865
1690414
733876
3049173
1528540
2701096
6225521
5217750
3289565
4680272
1380123
3128752
4146230
491700
1987494
6735190
854929
5216966
8856568
7111593
70319
4021792
8332762
2387023
1685777
8476461
6460077
887035
980699
3399664
2737298
1048274
3383033
1762188
9976983
7494749
9240200
9935915
830450
1345230
1500982
4630889
544148
221566
3520810
4996491
7966559
1959184
4038308
1794119
8327908
1659291
9893424
7828833
9307595
6961553
764826
1760975
6508784
2610335
5952197
854440
8511531
4334738
1652928
9761562
4779751
7829245
8789307
5513946
6117956
158136
2021325
1292539
3456661
7340863
5716436
3748985
5665618
8893756
2779121
2002862
379733
7928044
2792866
9363561
8866500
7443054
8767543
58102
7913375
2308576
7851436
943519
3803355
7850870
1878228
6970963
1774755
7159711
461212
9269829
8589695
1863416
7884984
2594240
2177322
3402464
9994555
9866323
6445761
4216353
8071884
8227715
2023575
8983761
3321310
8139713
5684927
3803144
676431
7506273
7033434
9389507
1779096
117007
3054480
4811638
9177639
250390
9211380
6146105
5903869
7810165
8397019
528111
247137
2847370
4309953
4918413
3257375
2264144
3578367
6631386
3124303
2722427
2039131
6554910
9816017
638398
6450031
6416056
9252401
5912486
7648614
4355057
6684224
7921528
334255
6525223
7423650
5981201
1112216
7330481
1986325
4125649
9698308
6118267
2382995
1500600
5399816
921384
1936764
6821152
5002829
2435912
6516191
1219698
74019
8058814
161837
3650481
3315597
6106549
778810
8769145
4328986
2626318
4732338
3554779
1887542
9029391
3726747
9695341
2297700
4841207
9090388
4912955
8445470
1106599
3697542
395693
171445
5057119
1797460
7131767
1251484
259549
5308191
3835828
786025
2472293
1693392
6179065
1195683
6325967
7990505
6119128
9228300
6511821
4878843
6782691
4111560
3877020
5536395
3903598
5198558
9226641
1521949
1568207
52685
5466884
286488
1987959
4632815
8366277
7056684
4354974
2608322
8230634
8481963
9818158
7121699
2051510
5369671
7926541
4140314
9257828
5653252
5384675
1865075
2295388
9160506
1281109
7533643
8265787
5528358
1652230
2247919
3929396
9936732
6243071
9442003
8350869
8500842
1651925
5727174
6078060
4355321
2596518
6314618
765284
7748722
2697377
3809817
6431586
316432
2575442
4959946
4911007
7300299
6204412
4700701
7094271
7760738
7861197
2371400
615363
6007973
1084779
7407862
1707009
458295
7729139
3415409
1025862
8389284
7782033
2055261
6067544
6447050
4422046
8064546
8918075
3856749
8072432
1026790
3632486
1639179
8165069
5335997
5148855
3829751
8893205
267526
3115737
7420571
4974560
1222992
5061923
8443216
5441147
7701057
3037816
6431087
835683
2717870
9439240
2898404
5575586
4354697
6617391
8859668
6758310
2474649
7564315
3119497
9311364
8660306
5037483
766606
7527851
6989715
7190896
4205573
2283493
172564
7471223
6329154
3470777
2412847
8023449
1134103
3464952
5675016
3493786
9202133
6725764
7984076
7005645
2321349
6008501
2103534
3655556
8875380
7234963
8454873
7972256
874399
6818881
506833
4416540
8674030
8779778
6599894
9920734
3921775
2958913
965267
5613806
6216233
3947965
4357182
101107
5819230
426131
8805125
2429178
7956853
3355692
9692374
7014891
1406065
5492389
7539212
7198505
4317992
148220
5272586
3218744
5396711
6903722
7553637
969271
7947200
8391823
9988798
7774116
8385445
5687492
5775757
4273007
2663974
7320473
1291417
9843135
463408
4047337
8841069
4356573
2468979
3035463
8000331
3524187
6751843
2185030
7641044
3460168
3024301
1000532
2953860
2943415
2470027
8089057
1732876
1785379
1258481
7797858
6224209
8222443
7145859
2024876
8251368
1788585
7095662
2757867
959761
4941360
2644335
9113306
6240268
1912939
4847779
4499731
9269197
6780484
9682543
9285501
3903873
543279
6288049
2948117
1737539
7127486
9707043
131930
3478426
9806520
3005994
3140367
496404
3022967
6932492
9540178
9220642
233442
1604831
4465107
3093463
6669291
4506992
8312367
1299097
1015861
7085067
9166521
424016
1198781
7559427
7793908
324250
3624511
1348638
6711929
3255085
7476737
659977
5745079
180864
551940
4885615
9786193
3326663
3501046
3099585
6933501
7698025
3079288
4258145
4691967
6320567
9690052
3756029
1898048
7391532
2682840
9448952
4674755
7442395
7268415
4054483
9314829
89413
9058544
3729448
9442581
545450
6672275
5454213
4363915
1021155
2621839
5868571
9228169
5453434
1824115
3673939
3772632
2134407
7751365
2650862
8275468
3022959
9075101
1459730
2685451
9606499
1977580
6503130
3728043
5839506
801247
5007415
9449134
7201419
998240
2104512
7221704
7042762
7592739
6629230
5555401
2879734
7610436
2788448
9277210
5095617
5970973
3446191
9866884
8208287
4442188
9837894
6268551
392502
7594099
9573
8483660
9162568
7295557
5055859
46796
7024551
8307435
6096638
6925355
364073
2846191
748178
9154326
171624
1732797
9479878
2881611
9982811
779427
2783407
3123428
1304502
6231120
5021305
3996276
546509
4689112
4346106
9096840
9603653
580405
9811007
3777736
2908377
2631967
5846792
3228415
4148439
3460972
2907713
110068
2814760
4105025
5998206
1128028
683454
2583092
6278698
5559714
5772243
996224
1904585
3795713
5664737
4759360
5512336
560196
3792261
6791755
9745806
8460644
9301021
9399639
4778773
3492199
3248758
4120539
3233777
2721285
4941616
4132057
6612140
2738233
9933715
7159757
2219000
121509
9016137
447152
5818668
9467898
9032280
3867005
2054351
2119392
4520886
4533587
1517766
2712747
9727221
965231
7454638
5592514
6590457
5252224
2246424
946937
1978108
2393152
4072281
8328428
6735860
3323364
1262552
8071890
7713925
5183993
9864972
6236012
4661637
2685246
1100024
249771
6441290
3057687
9987436
4499678
1558717
9501898
3408283
7518487
5736094
1640626
9830725
2221960
3033514
6635779
7488319
1275296
3843325
1675618
8080203
6247451
3894313
6724011
2149310
7106027
4598123
7943216
5343576
2535789
8534502
6688100
4225754
6427270
1726135
2380134
426223
7142455
2021077
7525737
3834746
443753
75657
9581165
9950425
2656491
8943030
4506020
5291619
2305669
4537937
1024827
3205319
2788631
1776619
1053519
5936331
3863319
5567770
5949633
166650
5331717
1578521
4545045
3521265
2341664
1683888
9762439
1762740
5024990
3988998
828281
8680947
7409098
8138871
9920028
7734221
2343066
4377651
7820494
2128187
6280748
4216522
2202720
2572374
1567400
8417438
9147881
3963903
4267660
5391125
9054674
1836457
9910315
3025481
124549
5075295
9105525
8105116
8265098
695372
7238062
8266291
6412316
9639872
3326491
3505929
3933891
2854737
9880299
9891306
9364875
7214176
5944003
1598450
6005714
958983
2783830
5709175
7839489
9108380
4862644
7269417
4612680
961839
8720216
5595932
8446594
6027673
8846487
8898717
3222995
9084626
2882263
5379430
7335723
8016590
2264517
6786901
2884022
301814
8521407
4464845
6675631
8090897
2102677
9806301
2823300
6080275
5119460
3635732
5349955
6261797
1344746
9824776
6573148
2831542
9318891
2667980
2895975
3079742
5878117
144668
1783243
8947015
3076120
5916800
6807104
2818617
5031080
7503143
2887415
9268920
6898610
3165911
9881485
4227054
3024599
213279
1520682
2844193
2726722
4121892
4589022
1462798
4823006
9558511
9620017
2936065
9966030
192010
225566
7004580
6617253
2856169
7438750
667020
2254504
6877138
6685753
4140
4400265
5749404
882741
9742739
6061718
7219380
3258225
3105657
1119935
8006324
4782184
659985
314792
3885592
1256130
837221
1416034
9645571
3684378
4120658
6219911
3368735
9038613
2980248
2256012
2689759
4997575
7779266
1571122
1456993
9930204
3727777
6414291
97124
784787
7044284
356813
8873078
2408641
7741068
8151270
625319
5374931
6710455
4714173
6714801
1860548
7012630
920951
7952428
7313633
2177668
6558589
4720777
3663954
8820145
5938943
173198
247051
9603999
5462065
3829722
7768335
2910246
3353518
4552949
7107823
1512160
7460709
7140563
2459761
3740169
1867710
3449161
3325704
6884810
1923780
208555
4344884
4749870
1562857
7302667
5027634
2302118
3356276
1663324
6527838
5854679
4630878
4826897
1951261
3298861
7713606
2997705
7783320
7883083
6515625
8780506
6073558
7996169
7050177
530934
7079815
3496846
4211214
4904274
3020919
755024
4654725
7190160
1165370
7942024
5499468
5707289
1679178
8583175
9235506
7405133
331733
1451945
8294895
9472952
3167298
2892989
5029470
3066072
690825
2830318
4815584
9401313
3677443
7470833
5161552
4472952
4484871
1304755
8325027
2822235
3674618
4507506
5794020
7187371
5624413
3294553
8405103
6521660
9606626
4287056
7526851
9567587
180863
2776761
6021937
4922803
8993699
6202925
3781493
6350182
2295383
7013239
9385375
9526439
695625
4712284
7845203
2901731
3319540
8652308
7279189
4466438
1060644
202802
53904
9992848
5685859
3810719
8403034
5657549
5250469
8081733
4494900
2925630
1532939
6556785
4672910
3933517
5390303
9897994
268494
545283
9756808
3697271
8001987
8952835
1302795
4393119
7169594
837367
5112433
8199508
6888142
1574764
4925791
3726706
7643880
8475663
8766940
4394357
4627280
3561446
7667799
859486
6646786
6294417
1381678
9097147
7572770
5895560
6973245
4301800
6947342
7840897
2204084
6504518
3923186
6780213
9285396
1126483
6169704
4981737
1461764
8715214
6253993
8682700
9584042
563011
1003454
2502368
7596916
7975519
2800741
9678184
1845436
186110
8674210
5168481
5612340
688029
7623937
9430464
6460214
342824
4866332
3962576
6095850
6910493
7187438
558115
5661655
612452
3823421
4160392
7452558
4479669
7127059
9934463
8542893
4121275
3544591
453820
6649785
8104184
7382506
3539831
373347
6787249
7902123
2017339
9193808
2275651
3070842
3077110
7056996
6883904
7975468
9640794
4717909
1363691
270863
8588270
7585348
8524256
8507168
7229436
5521329
3657937
8428561
5527932
783343
6496320
7897509
3443460
9607324
6957680
3428430
5111681
2838034
8640892
8450936
8079536
6707614
403835
5283357
5413217
367544
5078184
9579819
2316101
2332015
1978844
7640534
984533
4401700
9412596
7089841
1304421
9144674
6735595
7428648
498947
6830592
6555767
3454979
3134304
1026636
1169845
6748118
2732326
9695225
248807
7961906
3215486
9734420
9753508
2974791
8539103
1343723
9506816
9001107
2679964
8229864
2013233
9426318
2582324
7024278
5416662
3423786
3915474
7778766
1517282
7676267
101936
8957246
7094895
5166728
4402586
2879234
6798550
9853465
4897886
2646356
506790
3460248
9921348
8985244
3932874
1461263
3983001
5483381
5074888
323426
1895066
4735822
6019540
9488872
7022050
7543727
449362
6381741
3013729
1065511
5703895
9036347
7368373
3185170
33417
6171741
4336299
8900346
2724722
4555927
3892319
9418917
8600499
4662994
4116419
911062
2461186
1264075
7816647
9039182
1873110
6950554
7910055
8422128
93624
6482123
6323420
4547957
3721086
1910888
5766998
8853403
9729081
869145
1727318
6368861
4237887
9746200
2380970
8573195
1562859
5512450
24708
3350631
7529083
778150
1919946
7985183
912668
2618520
6916681
5005379
713557
7487111
804033
3415625
521568
8609690
9049987
527568
8683575
1100418
7621245
2673182
6746306
2520318
8869983
2778381
6956155
9231962
2916774
4965762
5018861
8834502
5473550
506517
322803
7677981
2471371
8662751
8516826
9721619
5685448
9478237
3084504
7833730
4623970
1490108
1262687
7028788
9056961
36612
7096467
9937755
1884640
6457189
1848492
2877134
7923005
6813975
6575212
2221836
260987
9352784
555219
8898364
2239237
280903
4028340
2014053
7655268
953258
2939876
7067893
3265154
4438624
4707872
4518499
3663172
5470439
9980131
6400260
3085002
4246008
5603723
8756376
8129450
98477
1362696
2997128
183745
4953223
2392502
5003916
2723048
6273589
3606257
6842116
311509
9824183
1510366
2620771
3738449
7692846
6110797
4171555
150239
3064185
9249610
4467104
9560937
7572383
6795931
986480
4193056
6320356
7530610
12905
2212230
4926529
4064836
6298715
5339267
2230659
5173065
705124
5904416
5953560
3729674
7128879
4292320
8409281
1328071
8938708
7375523
6160875
4670465
272938
4078065
6712696
4563022
8556730
9173520
2464074
1994081
5910247
9562268
7579434
8361983
4173663
8686752
6198153
4637982
6711990
6897347
2554670
3314935
2133611
3872536
7178762
644923
6394796
6765113
7777796
8874134
6840954
4759761
9819825
1236316
2170096
6255104
9755563
5207849
9511803
8130271
2922249
2263053
847212
4304569
3120483
8798557
6491971
3095714
2781421
6890889
9456907
2161088
185886
6439627
6995309
6679935
1219225
7611906
9549524
9787944
6848148
2968238
3173307
5783990
6324262
9898701
2589059
9864797
9196626
4159883
3612743
5379049
9275218
8010437
6707821
9327762
8636372
7784483
8311974
7565515
3142223
6243959
7278432
207322
5051752
2037057
4144964
4274952
8811258
2896865
819664
8778801
4218945
4144297
1604668
5492368
3357827
8856361
3180950
1419987
2596407
2114848
6752007
165148
492092
74139
1115661
4858563
4991069
833331
7825068
6692368
2462797
1129758
5116375
3805557
566327
4768828
9462736
1186434
3652856
5041873
1983215
279889
3424654
8666879
9645420
8316570
5392150
2555267
9119492
7886589
2221224
556535
9922662
9062150
7294377
5489925
6438164
4984892
2680478
2272178
4980342
190531
5528203
2538925
933002
8700500
3064383
3918021
5651131
3894454
519763
9566834
8128214
7157600
7182447
1716392
4379169
9373420
6722275
2098870
9535919
9146922
569675
6207932
6749445
8958163
2209704
72375
1429001
7950020
6115218
4127278
46610
7525755
6853345
6862555
1686178
8828042
7224495
9594403
5590262
8057961
2565827
4871763
112870
5194564
4159220
5156539
8233462
4322273
2021923
2740841
5334948
3783906
1217063
3257652
8089334
5297382
6789810
1626269
213620
869560
8324866
8224057
8319286
3295873
2844716
1229344
8327020
5865514
1042031
3787553
7030387
1445542
9656945
3008804
754782
2459754
5595637
9795020
1190892
9911750
3326519
8650944
8124858
3244315
3522666
7711176
676370
3185613
5004140
3084466
4931214
5209475
4614770
7525487
4808538
9226633
1434
4545512
8277582
7235207
430717
7447934
8968179
6979034
2158738
3783140
5288401
1102078
86206
7892607
6938031
5391405
1278698
1196089
7905710
572372
9351002
5994163
1507071
8108786
4007948
2792714
9029715
9950391
5823595
1316291
4496035
5900132
6434510
3231052
4291499
621419
1231021
9367465
5939433
8537649
24422
5776617
5810231
9137024
1326302
1601154
5384832
7581486
4371674
4550795
6583390
6136190
4175453
1962484
6683568
786701
8252662
7932182
45179
848566
4782454
189716
9862188
4124343
211418
5225808
5350812
5230436
1966788
9052588
4635401
308282
4171564
9159215
2510062
2989886
1366251
9053450
404896
3506541
9874505
6419281
6604456
2689701
669505
4002162
8619153
6236876
9126607
9306036
6699817
4675831
353023
7462775
8962024
9067832
208836
2542617
6572343
5397163
2641537
5669796
1519060
6411188
4739305
7337170
3466955
3417917
3971671
5746965
7004885
2217129
3356912
931031
3185549
7858830
5032847
4423265
346702
8441248
8509887
896269
7247801
8176914
714232
8482378
9368216
8102858
714041
2821720
688307
1971063
1554517
9073981
4733650
3730546
1323065
1541416
3350279
2437049
6539719
6351390
1682084
1614783
5625162
9011276
4625094
9286942
5679144
9409959
789296
5753079
2734844
6699826
4042787
3128460
2001604
1869626
9965660
6765881
542719
4953786
7630645
2666441
2461890
303491
5260320
3789811
7891730
117616
7986774
8009562
4574087
6096144
4672722
4970517
8057220
951355
8922503
2308321
3299849
1340974
7445612
1065747
4853237
6549851
1231930
9601516
5686780
4091642
9673392
4568425
7066976
8152345
6500936
6848025
2219132
6835796
3016577
4164058
5481400
9667335
6307008
46575
6095198
3893810
228329
2313040
6448614
1236019
8969445
5053413
275883
2176674
6274181
8156442
9320147
7523313
99618
3625252
6513949
8672757
6732442
812331
5547288
869627
6599666
3967880
696758
6647580
6640586
4004823
7280854
140320
6223753
738480
2168719
8907055
1471866
7196332
4462436
134458
9143896
9861117
2024726
183694
3629845
9842214
734872
9938239
1984168
2766711
984861
3980522
483394
2401867
6120941
2269213
391002
4400535
5686913
2652136
3355964
7718661
6224808
9536568
7843196
6151670
3879987
1880960
9638144
3131853
6583769
698940
831127
8949742
7220629
721386
2232175
7775712
5852177
8271112
4953906
5396908
4324992
4586125
9907548
2299523
735593
5352314
4795432
9342173
4723053
4786763
5526041
3777039
8620045
1519395
2086343
9352257
273301
9413022
2026279
9194318
9986520
6531197
5836136
5878586
8881733
3546056
4754555
4747787
5539356
6679629
6813973
2632350
2816459
6224258
2506652
2069436
8276595
8305420
878001
5283101
6835059
6373433
202529
3938179
6851628
1720486
7046416
2341089
5194175
9089238
7097722
511426
7510237
175910
4971638
7531456
2588110
7073264
6813312
269030
2199189
3300756
5927717
1055083
6140000
8455178
6126468
455890
1191288
6282377
3339468
73284
1138361
7402428
3865462
1512737
7099455
8339123
1575203
5302161
7100903
905443
5819362
8834200
7382608
9597937
1037476
6264943
2163398
3007195
4289265
5070446
1259186
3509607
4115367
9910816
5476038
5160517
7421195
9515494
4451806
949833
6297768
4432783
6129839
3586871
1628629
5366595
7843991
9789919
912920
5357266
7721463
2065414
9607801
1341371
8803221
9656610
8917378
6674977
7293513
5038941
6788326
9743141
3603882
7208922
5538121
6515319
2064527
9290031
3943510
3268341
5406779
8302980
4426554
9387963
7717622
6643578
9176108
116025
6278963
7863606
825037
3116124
4074975
8024018
7953203
1488176
9094273
4451989
4099692
100314
1682111
9456679
3113996
2750498
428380
6037797
7255922
8201860
4058334
3640889
3181862
2410156
8037260
3568538
2235756
3528808
9487892
6792634
4850224
4346579
669716
3121289
9406499
2237601
5404949
4027758
2749209
6623362
7720696
6309275
9961293
3134516
4333342
2773910
7370165
7942297
3972125
2675189
3755318
8974427
5673178
2360410
784069
2292786
3997985
3059509
363917
9650786
1575729
4217158
2232
1094859
7101458
3169198
3824420
2939154
8661502
4679171
4921347
2320291
3563780
4981532
8298750
1184507
9915161
8812590
2505691
152552
8107949
5559960
5386865
1411027
5507217
4508525
5739428
2127984
6526405
966015
7425019
5429233
7321871
9536070
1165011
3384628
9246161
3710068
2085695
494164
63421
6599279
4770535
4124761
3580998
2595863
3092126
7256079
2525774
2152198
8267194
7539687
7842333
7832647
3663204
3418392
1265543
6948578
8493165
566566
6684476
6741238
5011988
8021900
474412
7431466
57865
3478511
9370272
6065069
878455
3993652
6349374
579707
5621342
5254489
2843163
8446043
5104225
2269489
4826201
1422949
630716
7934227
4991410
900027
2219231
8322489
4534020
310423
7286829
7939698
6154284
8494969
2801871
7181113
7607513
7050592
2310560
6228546
9549167
40607
7209169
2682695
231415
671254
4112268
6792055
3202943
8528810
5986617
6770278
4401875
6905889
1190743
4743331
9624697
7513117
4483976
5285852
9982656
8148715
9834770
3504187
1753005
8769764
3650544
9849478
9575310
8126972
9635414
9087941
4660650
1298336
4323279
8490716
7168055
576830
9886433
5284724
5261045
238338
4732780
3481896
2397841
6995192
7323567
4976104
3631903
2140085
2211037
3731786
9906571
4316106
6392221
1701701
2193828
1691887
2633159
9194798
9826816
8953455
1252081
1750357
5528836
4837151
9435253
5694762
3824844
4219098
273195
68515
1228667
3061045
7556962
7330593
2740543
2306376
3239824
9925039
8909617
5103391
8350150
5036038
2896167
2711457
5721165
6672160
7735893
8455981
8249277
1077332
8613286
8408523
8830780
2371356
2160367
3439825
7553963
8822460
9160968
8104719
969867
5533592
9171359
4867458
1130660
6508434
8760334
830068
6449492
1292433
3354244
4285201
9655868
6208877
6724544
5132945
7843997
9646135
9000644
4546938
6566855
411066
5445336
8645533
7187047
7446111
4518768
9518873
6489773
3234610
9086149
4050723
62199
7462070
2586465
3377768
6626522
2002029
850526
9110083
995795
9628950
2360704
6999134
1403818
6445657
6723907
2221446
124303
1660214
7024531
5413195
5978203
5346159
7543349
8498792
6817456
4660427
5545608
8376231
8770097
6687352
5410211
5499207
6014195
8280101
5906672
1675643
2888163
4274260
7889659
7230199
4606977
95981
114901
877501
6482965
8787485
7489531
5663628
8741257
6961285
8907939
2227888
4885025
964520
5996401
1196067
6957901
6419207
5920684
4284130
5454208
1786965
2582119
2938112
4306507
5075722
4362280
1152781
8594837
9877224
7924038
4967837
82851
2411227
3384242
3382135
8879907
6820541
8965923
7143749
285021
8599308
3915487
5339809
7884486
702908
1065739
7593961
333529
4112942
6848615
3254543
764737
5004628
4492623
2581727
3559467
8601588
6898997
1019437
2908473
758702
5583199
813886
9069048
8970344
3747004
509974
4663681
1160365
3566688
4514998
9703714
203273
9795911
7268870
1110879
7979754
8133443
9661268
8170147
2263741
4575751
5647805
2564508
9315360
4508477
1837372
3518936
6083059
6530374
4534912
8835332
221166
5013437
5331350
708626
7785278
3433356
5938086
6335762
8256790
5018991
8546976
237578
9613964
5400051
8359506
3737495
9613969
4214685
316058
5650271
9805914
9202418
757616
2354780
7251053
18284
2828401
4210657
4534292
2468581
743149
3913593
1510340
5935347
8899411
2347335
5572109
8733959
4703773
294646
7862539
3207969
5237493
2576391
685669
3814429
1616805
9454320
7382286
7714774
7904837
4793297
8935385
7328060
7722148
6082986
6128712
1907214
5180177
1118935
8614854
7136369
4484631
8769130
2667023
3380049
61968
8403041
8757409
2166550
5368710
8724148
6651022
8628572
4638124
1778741
9572267
7051207
2670489
4105261
3687349
2823862
7203515
522241
6049772
9204588
6320714
4696797
2780763
7704880
7046263
8062553
4907933
8662979
3519642
1655190
7439900
3229108
41740
6441597
6758788
3049986
9904522
3584225
1450420
6233247
1548080
8885735
1515454
7864137
9074501
8399560
2509559
4947619
2460906
6400253
6070229
5702337
9447694
5241358
6951128
9206655
9960966
392647
7053284
2562931
3952152
2240053
7720342
2422827
3692055
7948327
1997280
7554948
8432010
9718564
452564
2541822
2873314
3825189
7910900
9616849
949826
602497
7187583
5307614
4575696
9095816
7516546
933297
9264198
4707150
7818442
7493178
9746304
5418383
4353522
1184494
7468714
7058499
8328203
5267379
5265941
3397807
9954735
8805209
1298455
9137645
9072899
667592
7590567
3525413
7763974
8626649
1112479
5918035
9784230
1087197
5375514
8289833
974390
9358774
9748081
5075107
6200757
8555169
6553291
2812672
6794555
9226263
3524858
8481352
4422048
9235758
8585345
7437238
6895854
3445420
8810113
383429
2609774
283438
8036063
6687293
1329990
2532315
3989544
9960262
6696595
1824929
3026723
1921265
467369
5599222
1480015
9180192
9174165
1673835
2595206
9513897
9060039
8774396
6492222
1649057
8568855
2245045
445484
8194904
118160
6740918
6509962
9999063
614851
1986787
789793
7628292
9833737
2213841
3681695
8070641
2461798
9889829
9308620
2415559
6503222
9282486
3874997
3756481
4612073
8579548
7325921
5096720
7618894
775446
4070328
5304668
742203
7058563
8234758
5501311
7721574
8573703
6941837
8700067
3779680
3204598
5676055
5944390
7484167
222629
8167793
7419878
3961531
1703917
2865692
3657776
1680239
5417441
5524228
5708677
716523
5340050
7381611
549195
5997459
2130344
1570585
8804643
8026911
3735342
8666746
4594415
4700250
4419245
750151
5220728
6168051
8541295
9015991
3510408
1756082
1280939
5223810
1071920
5176925
8110061
862454
1718033
2556586
3805438
5414077
825768
3329474
6720892
8988464
7448574
1909765
5440841
6602572
8955930
1252382
628718
9777415
7346921
7555355
7489495
9021560
896521
2384439
3894341
5076000
4479678
5992159
7152995
8596279
4897648
4419196
6912443
7936105
9638595
4923182
415064
3890679
7101099
7168451
5002348
363210
1113901
7247865
3656245
2260102
5356932
8049136
3668000
8365273
8489807
3494906
1996912
5957040
9769242
8358736
6141325
7600180
2687156
2471320
7368256
3917840
1752558
8540341
6601882
9387864
3495992
633271
2293532
9478035
1488613
5560418
9381997
6178861
5105304
2746052
3804547
3802374
2936858
5034607
1517839
6306812
6255357
1157168
9227305
5821015
4266270
9018495
4151337
9782425
7262194
6527364
402083
7827642
3477984
5031338
4892857
6447496
7901108
4271616
6522583
2964299
2052386
5794464
9601633
5985047
9139714
4755258
1381287
8171447
4491845
1927779
7125197
1067736
7414749
49282
5648388
220251
2710560
2778053
1290547
8617119
1577786
6786208
9471478
9257860
1204693
4809680
1658963
3823974
5030680
4587855
8044889
6486139
982703
9911958
4280632
9436391
3412413
8168045
7545528
4828509
433364
2155227
9923578
2103443
8992832
6795915
4842165
4049417
3376959
481033
2542800
7126163
5836473
496105
9649214
9817063
6450351
3140101
1955805
9358839
3164311
6972882
6326883
7590347
7712146
2065515
6334304
6970730
6943468
7306602
1307944
25094
2341258
5258778
6612846
4035094
4662135
2917493
538073
2255316
2147584
2242099
3694012
4507449
9871431
9130461
664677
1214176
3502358
7343692
7103083
9289994
3702853
7062806
8191009
6007643
270875
1573491
7958323
7588998
1210759
5492825
2511884
5107473
4631824
6771375
2018260
4602793
4928571
451337
2754896
3544838
4115674
5879775
1051380
7682644
5101037
6634599
6048128
7286027
5153456
2350698
6323235
881585
1846227
9220515
6437923
4132781
8214398
2151522
6368800
3660542
1115423
9522944
9807231
5984504
6398700
5617937
5972941
9775209
2649974
3065327
8153184
7359689
6302011
4407513
1554939
5010190
754660
441674
3629447
9186753
5425356
41610
3001455
5612358
5759200
1066123
3494464
4548072
4841039
4291914
9216170
6699649
8071706
2360250
3029428
8949724
8991643
3836846
9607690
13315
5044743
7865528
4046671
3916225
1109053
4239451
6059884
4630400
6341294
1404120
6271179
8090003
4905838
9735142
3321437
2496734
5999501
1556842
1920265
4374062
9871047
7683771
8824533
8674805
7827523
9892609
5315277
3584558
1065818
2248367
135514
4857227
234278
9783850
5406134
4788468
4091296
7395603
8313901
7305584
7129074
1589786
8620684
3260135
868515
8864016
6274276
8422976
865676
1002851
1676133
8991138
8060165
4080367
1439051
5234825
3458295
9769325
1414450
5445423
1545169
1089226
4197167
3839298
7266786
8076235
8973474
6921488
2866056
1742897
248004
8151802
9202360
1302185
9207213
7652216
1632722
760634
6801302
8799743
5370111
7100868
5053169
2162146
5547697
7619231
887164
6820713
9192504
38581
2395584
7177524
9700353
3320591
4100203
1209671
6245952
4417072
3006576
3291287
205310
6782096
557681
885734
3098521
3275545
909826
3104112
8425560
7243349
5624405
5622670
316534
5476770
2317025
2821923
4836983
1603507
1607889
4853248
2573668
458161
6773228
6859494
8059769
615191
1729678
5285446
1264799
4296554
5364658
9878818
9502445
2376787
320333
1601360
6741008
7120501
4191767
3452863
8712523
2359708
2159648
2276391
2292273
4661975
626768
528603
5360591
3894113
9850008
2189288
3090183
2954481
791743
6248477
6338109
2346095
461899
1603999
777743
1267111
1910452
3485208
4295404
8962139
5146366
3507712
3751842
9661598
1694982
3228660
3822268
2924426
6100485
3045660
8674210
6355754
1958635
3601687
2656234
4081175
4264148
5629345
6907523
4753124
5591118
2117963
3633582
5104960
3115034
8398630
6706320
5006339
4998756
7427583
7183951
83493
2906865
4424301
9792020
8589915
7215016
7204116
3243484
4489964
2917015
914506
9786876
5982911
4152650
7336097
7613787
7944909
4068525
4642724
9610802
9229927
6048576
2975388
7917130
3893210
5976236
6790845
1545436
5613797
2979024
6436551
6782764
6223111
5578687
9440885
1112929
4488092
8186028
6544570
2645869
6203073
4132032
8571430
1016342
6988645
6987528
5035620
1765406
4472824
7931136
6198744
3677155
4181111
6783361
9757712
6222168
2671839
4840959
7407669
4543185
6606980
7286383
5331477
3914548
5671771
3496009
9415257
9740185
6840443
2135435
9673521
9251700
5688884
4191648
2585302
4859288
3398192
6513877
8285498
9938659
2528907
4996427
1732378
5683362
7966176
1372313
2628222
7678371
7018711
3296987
9178015
3768256
5435509
4554234
3565201
4808673
6892488
9202786
5511712
8392153
7200210
4133085
9693056
438460
6928299
1698997
6598419
9032852
2468180
4966645
9487630
7891817
9902546
3965534
9166719
1294597
6967252
1613658
5947266
3768220
8390170
1397583
1702990
6604375
8644781
3300653
7749474
1482846
490347
4107787
387914
8340001
3493340
7952129
2194439
6367618
988694
7910967
2785793
68232
1600863
4594771
8997713
7107035
8086175
9292740
320428
9326991
2347770
6486030
4615387
9627452
3489769
1976770
2211488
2054976
4789476
6681223
3296041
9934684
4997098
7415892
6658216
3086061
5424322
4663583
2418433
9699792
2758976
6519634
4975078
5779293
6802482
3441256
3208726
1826784
7717679
2326910
9816003
9875593
5042816
190391
3610987
6633906
9607598
4400068
8483016
1340900
1842765
3045435
6939249
6430166
4901156
9515315
7720281
1483630
6878626
7574877
429075
6907078
9239279
3761392
3664997
5513607
3702290
1861224
551325
1759582
6536897
1802480
2848910
5870421
9583469
462043
1905701
6733571
4142270
9524199
4565226
9816369
568536
1364052
3266313
3798721
3886003
4566345
4561673
3614554
7989949
7034051
8087142
3441318
4590783
8950295
1684280
4721895
764882
9451475
9151893
4451033
1486645
1041469
1193847
7284003
8281634
3632438
632455
1240062
4211843
9133582
1529091
1740293
6718549
174851
4746707
9702968
9903841
1393147
418010
797936
5226951
2710353
648482
2525343
8885832
9425797
6999943
6995995
1997663
6781323
9131692
553319
1213894
663632
4134709
4898580
2422286
2046718
3365043
4325451
8421226
5521829
5072817
9286479
4381087
2616178
1005186
3515328
5356152
3313195
1253043
7138154
1029843
8020439
9487084
1613438
8148081
9926715
1672510
3446190
9119176
6411541
985841
1339451
5434568
8062332
1658966
1449726
8313319
1946260
3410442
2268810
1640159
9780560
5191493
272191
2270944
5091132
7783462
72279
2710728
8736812
9322183
1480840
4854122
1543767
2000366
2223317
8952620
7707060
5017629
5320287
2293738
8129885
1259683
3575674
7317212
7993285
8557663
6182445
8235256
6384812
4941965
7192448
3146103
1203725
4007106
9296386
1336995
629301
8377150
5061107
1865606
6357740
2048737
9690442
4802781
2840706
4185976
2545973
1995993
5844362
4764040
803380
1277336
3984062
1382463
5629015
3653994
5561585
862335
6894843
7270281
3112948
6518554
1114499
6820274
9191692
4249181
5777973
5656190
2805498
5421977
2944408
8335729
5232611
1259161
33833
2330871
6094897
4747881
8163103
1090596
7827321
9793692
9106732
4629124
8734159
8819981
6021143
7145733
6550274
4736654
8500740
9566589
3706183
979023
513811
6194891
1777830
9912769
5716554
7259265
7573533
5836259
6742603
3493138
6134092
6107942
8470243
4970145
2443511
3090891
7520469
1449921
7645122
2618292
6538355
6781474
2235884
6067066
6796344
6156540
434368
4345141
6422010
134134
7992850
378416
718626
1392562
4933513
4604581
1866157
3732634
85458
6343014
8543697
7062861
3020447
4373435
679901
8589118
7467199
1721467
86371
57553
6909698
6864869
9084785
989764
4562453
1682598
8151403
2274582
8997599
2360867
129314
7914021
6839129
2826970
3224145
8413811
1867652
2042033
5891728
2706799
2348928
3848165
2396210
9264617
2484425
3036363
2935833
9329247
2600858
4763195
220973
8993428
4659335
7902782
5481824
2609607
8824964
3231372
6004832
9916262
9990757
4985522
536029
21623
4578831
1548025
654542
9298685
4495902
7589529
1943172
3828109
6258333
1707583
1937118
4131804
5822186
498305
5275069
3258806
5346638
7432245
2443080
2763745
8902203
9932929
2202044
128443
7326286
4853117
1974011
6029467
8210352
9336933
686774
7790690
8794464
4030963
490074
2141205
9067237
288462
1221179
398118
5034876
1716757
4826779
5526891
4069898
5054679
1295223
5585410
2118085
8565417
1604019
4406318
4830349
7877423
9322599
6878498
7619075
4829105
2162463
9237581
610903
2940815
1426105
8555364
9319166
3745894
378710
6468052
3724761
5777283
8350388
9382581
418382
3814208
7795687
9366907
9817739
1936237
2447947
1633210
3723177
7459701
4204052
4018996
6752787
9658794
230533
5350867
5568924
9270244
5421774
5779426
8270946
6242492
9938093
9599337
5134853
349904
9139074
4668384
3130167
9662210
11119
7031363
7212952
9503265
819382
5000237
6027821
2570709
8721165
9113751
7199956
247845
6329410
1118665
813208
6518071
5562645
7052783
7712449
4036477
3917954
7589126
4586362
6228620
7449960
725301
1392415
6695338
5340984
2414269
7451758
6952051
1564198
3735795
7017150
9397570
1159509
5013719
9860740
9258290
982914
2349036
6001451
3690183
343861
8590409
4703541
3262352
8034788
6685189
2696586
6673468
4962046
4518998
5054875
7714701
8370106
3025772
5420864
153517
8917154
4730910
3090124
4033047
2362880
4203234
2921063
3566700
5058021
8594696
79985
535357
4595392
1342455
7623051
2114249
5164266
1855744
5553159
5737943
4137271
6682706
1812147
5496689
8968717
5671313
5290281
7692956
4727629
9813985
483088
6445349
2921202
8371622
9447244
6355606
250758
2720452
4656524
2760561
6189495
7586295
1030694
4012470
3571785
3718221
2422612
5669644
4884128
6020275
3041427
3728588
1385243
5404923
9023129
2337058
8814091
6490684
3797688
773265
4689805
339836
2345815
7299488
6581870
3084005
1520786
7425963
2649654
1664447
8143207
4957513
2633592
2329258
2198184
443637
5067315
1459834
6832872
7784809
9086106
2966774
2000238
6026085
4038913
9904267
2954350
6813567
6416442
3521808
7966478
83119
6647387
3712644
2117317
5955094
553933
3614632
2031889
3869298
9837647
2632202
8390482
757621
5067900
8919420
6011140
127338
3102889
2537114
756372
7012656
1597521
9815321
817872
1782461
9671298
4015787
4085565
3550838
6269173
3786499
8210921
8174088
1421914
1036735
34590
975341
363712
3083772
9760435
5730957
7219017
1668495
6321368
2453247
3090462
5712844
6317846
4710589
8258240
1073580
8625549
6181838
5937413
5185911
41228
7541310
9720168
2392876
3806826
7894
4792491
5773522
3643931
2293722
3931453
1389889
6460416
7863869
7809345
8966997
1266156
4779222
5561608
6322402
4859107
7400299
4830830
4111473
7448042
215563
1984237
4961163
5918059
3285176
1751711
1346866
7572561
8371047
7179109
7058514
7180835
5703941
980013
5781443
2966131
7900918
7014395
1122337
2097515
444642
9655266
2686385
9290792
1451910
5388040
7999211
9184519
921809
6824627
1244519
1004521
2615227
2215355
4125627
1161780
1910543
6556395
8027234
9178723
7412158
403332
6482415
8016546
7173569
3430904
5625395
4128445
2273033
2536189
3328978
8158667
2065346
9045455
5968256
9827653
2605710
1201456
2316254
6351029
8670746
4772848
8600484
6167880
6947195
3702233
8354722
1405731
1394630
4799408
2553860
5227262
3230707
361943
671800
485164
4107754
7609405
5648085
4121460
9559618
9024029
9472405
2491462
4081725
1227247
3475889
2402518
4356257
7337579
5781087
8425600
6377000
6375165
3501268
2127518
8032055
8982063
4326085
1732777
8235747
9290287
3384056
8337141
6924537
5746172
9565106
1200886
5718132
3528405
8787787
2339769
691962
1581213
1650238
4610227
508918
6506796
5924022
2745885
7180150
6592093
4912992
3086826
7232366
7467815
3696507
6187442
1067261
2424307
8184795
3071551
4691747
5300303
5795291
3701178
4175969
8204209
6130922
6580895
5268304
6474376
7872905
6890952
4365058
8874055
7403565
8578347
4924200
9876422
7144754
2680039
2762985
4675510
9693143
4831488
6167442
2018530
363734
5147704
6824905
2316763
5283170
97536
6933617
9707205
2174560
9520779
7026410
5486000
6426975
8956213
5600283
1843097
2399051
909940
7074976
2120193
7504618
7011042
8257579
3008543
3882501
5361608
365491
7396230
9803042
3615673
4318466
4517952
2323360
1223885
2197655
9655759
1849639
5052657
7333091
6228509
73323
3121342
2472027
3286382
4910816
8278344
7742167
9229212
104898
4812956
5786276
8266917
9516670
7778607
2297478
6267638
1949805
8719999
4887316
871402
7699996
406468
3416040
3861751
8886888
2247382
1570469
4909097
7596448
9319754
2416226
4077124
3239142
7460952
2618253
941207
9519158
4525255
5312609
1074267
6622094
8191269
6714260
7470342
197145
6634117
3307299
6828263
3686118
2359293
8727844
7152774
3363182
72886
1892869
1130174
2320596
2542566
454103
822258
8690470
4901933
8445312
4503371
2122321
6504498
4246771
9112328
3414839
3432497
3565432
7094407
7572546
9667992
6392550
384886
8548140
2791488
9064015
6802686
8367894
1439384
3470292
6395317
146416
5629900
4247901
4798960
7295840
2232726
403104
9433682
6215483
7034796
4696476
9533809
872392
1907983
3150715
2442282
4388098
6200712
1570041
9461099
3609601
6278042
837494
15342
1299317
1816658
5566719
4895148
6568355
1840871
7972424
5787815
8901930
1006875
9074685
818520
3636246
8789964
8549185
9681747
599322
4795621
4282903
1143162
1027624
4728584
1030723
4562384
4059924
1071635
5848051
6805961
6458592
8539120
5703087
1272515
3583226
5539380
3203311
8765101
1728521
4604347
8641132
3644708
8007964
5205875
7685332
5363992
5910003
8484001
837833
3306538
705697
201700
1729887
6766518
8662406
5331148
6399387
4728361
7505769
1845324
8171482
7563219
9209264
4400061
605519
1530258
624143
2596572
7760967
1723146
6791391
8843527
9374346
3426008
8115691
1725213
7313717
1567141
1790181
6137335
8656321
6530737
7118460
8679846
7086615
1892852
1429209
9542046
9584593
7885675
6465606
7357493
5976848
9716399
8746236
3388405
3342126
2681526
6942802
1101809
7994183
699349
5382930
471170
5584120
8997785
3479249
6290181
3180815
4287979
5981700
9044908
1123635
9866051
5834739
7079684
5488651
7377473
2515764
9150837
6201153
4142526
6119423
4016725
4151776
9705661
9953369
8542621
2736272
4736018
2671308
6507821
6713902
2382806
1581494
7853828
8086247
5622903
9387827
726695
1116287
5540691
9050065
4491004
7135726
7176572
9194804
8134893
3489955
72150
3395604
108383
2543844
8647623
5720568
3431085
2643927
7751509
2999255
8036117
6446623
7214161
9940953
9398188
3724183
4278967
5312603
1168238
6223934
1027270
2761640
5367622
2110271
8688232
6217917
5030216
7154965
1786696
4002259
74125
9132988
7836902
3195111
128414
8978678
9467432
7917192
2098187
133761
7661819
3754075
9320916
2800407
8116486
7971121
7870909
7648407
1945380
2027872
8409793
4907159
2352310
5352594
2152042
8065336
8454951
6542040
3328928
18400
1031439
144622
7425351
1391573
2456636
1227814
806145
2374917
4675107
2362439
3245756
4952690
4869879
8201707
3634052
869548
5851873
8110584
7500008
7879438
1575979
7167113
2018459
9724474
9773806
7964762
1817584
6311559
6119735
7289743
5869795
6690099
6755110
7637978
6823624
4965983
682698
6335541
8791516
3934739
3267722
4824659
4462979
269741
293021
6151291
2555827
2709133
4723608
2322129
6373025
6115787
3292976
7698948
3360322
3058470
2133796
1480481
9721649
1274042
4334776
4091582
222889
7694949
356536
6070765
4773352
8023549
4081002
7068803
840016
1912899
5613236
8268513
9843929
1917458
1386067
5515561
623138
1613679
735786
1161702
6659975
2539938
7030644
149542
515564
8454365
548560
2257380
6733129
5849361
9404050
9593558
3505347
4389829
7863924
5641576
7645618
9333260
3410944
3702012
5345968
4848991
8516117
8395213
3473153
6008872
8254334
1497515
3135512
1808533
4759496
9570648
6759871
7918740
9565268
1531587
4230361
6449228
4067905
8478489
6931803
6498464
4758542
4027625
2613326
384966
3484099
1537116
8302293
2327152
6839537
7101504
6121456
2453714
8698109
2382147
5207278
6590852
9038324
5588031
4426998
9936217
2792504
8356060
2156472
4867042
43852
660984
576845
2369786
348818
9162111
6561955
832645
1448893
5103532
6324848
293065
5362494
1443117
9885611
404126
9386489
5669365
4694322
3497572
2403184
8313233
1921690
6721698
3404403
956638
3324363
3933784
5373210
7059997
3641838
6398653
3368403
215814
1500037
976643
954027
632774
9887366
879382
8830241
9985609
9875813
3939226
1106735
9278545
7438469
8741620
1911899
59585
5196283
8920354
752541
2910683
8837019
3869514
5635842
4675459
1081610
5622094
9122698
3015043
848464
3860692
828274
4404223
3701475
7440386
6998768
7125243
1485127
4067494
7004223
6608682
2858732
8955504
414944
8587334
1381561
2354356
2300247
7198925
8722690
1120380
5851728
9597886
5085172
7698460
4302259
7683941
62846
5829791
3695820
1235645
1481042
609615
5852758
9201970
3558296
4102145
140375
7258670
8341543
3402470
7513922
8453002
4869016
2340559
1588207
9356646
9806779
2093663
5174509
2347650
7083186
3905410
7958622
6848324
5972325
482876
1742244
6803766
8150737
7166234
8035217
1649094
8541065
8308742
8031526
6679488
2101603
8904850
9104875
3636361
6864684
3962570
7255177
9139338
8824222
5998443
412297
1472731
6652372
2708934
7715678
6736357
2883963
9934202
2666157
3088274
7132234
7252043
7297776
7446622
8635623
8638232
187789
9560933
3266797
7508581
6661932
1436554
6629912
5450325
2835486
3141724
9232451
9022379
11338
7781266
4889450
9743875
9793399
4057360
5335006
9489204
8983539
1781279
2274640
5426739
5727715
7996377
8057632
7798943
2555069
7278529
5414278
8321593
6378395
4972529
418383
9211441
3153462
9345643
6196791
8928853
413336
5319851
492013
1215339
4880640
2093771
7395678
1834764
6501702
5530802
8100811
9251562
9776291
3162019
9590816
1173919
2333294
9902438
5913627
6651860
5887442
1557137
8965463
8940190
7405484
1346855
1915132
5173588
8817805
7189550
660650
940908
6057599
731267
73196
3080896
4393790
4525985
9971805
3035788
8772018
7502868
9415007
8242232
5864993
7768783
835329
3907658
279514
2370552
9892696
3291304
302290
2071839
1705830
2515333
5702499
221338
1070519
8508998
6567023
606143
8278007
4617712
2867484
9590204
385167
6736056
5781925
2503746
3039329
2718764
3809468
3171441
6846351
3536983
1997600
9408554
263022
6449863
2821059
702089
228843
8363020
3281047
332407
2283405
4390249
2898450
6457462
7104724
2330235
4354734
9633775
7570422
6098184
4013413
7878137
4836542
417461
5479969
8301671
1543868
4648790
5118319
6560366
6165268
6845218
8322134
4290139
833823
6382547
9105837
8270276
3494336
6071457
5099081
4247187
6252495
3672027
4267888
5541622
1100309
4709154
6389053
7199731
9210240
9000292
7026854
5938058
8625391
3332403
4490724
8500622
3326908
4977357
9421487
3835958
5925272
9177685
7196747
2684709
6987559
8296727
3621099
7284275
6570580
5028359
8683639
5254454
4032196
2588011
491548
7729653
7931635
6122319
8800068
7902062
76763
8521023
4877602
4088662
2668720
6853715
9409547
3664867
4224877
5046017
4091209
7224665
5657554
8985407
531398
5973211
398949
5127144
5354068
999476
6059564
534876
9997220
2933806
8925675
4515419
6725870
7775923
2771344
137415
857931
7682047
3306349
4703729
2889294
3290869
9515107
766357
7842352
7496674
3813068
8221211
2380327
9903432
5280332
4523827
5794173
80316
4054871
9432623
479449
1064274
7075122
2310345
5621752
9380051
5891557
1844466
5944963
645110
2225586
81631
5031443
5762919
388555
3103641
9434282
1580637
5228651
3518480
5761593
3808023
1085993
2336549
7784548
4442997
3901380
3754690
8245513
5546745
3155639
1319853
1687291
1873602
2386329
4009765
5915527
9665429
489769
4609897
2799612
6729426
6005736
3097923
7729584
4432414
2499590
9250297
7283512
6380446
3073228
5770457
1862431
857527
8784091
6098139
8319993
3748776
8867258
3228589
9294699
5873659
5847894
4908269
5741525
1346322
4354427
7237505
687494
1355963
9807966
3894836
5438821
1573149
1315208
7996633
5107596
5771699
5997505
5245640
3689638
7612754
524299
7010847
2276878
7950829
3128565
9123723
1806127
6974845
7644162
3352027
4151535
7419923
4197321
6463779
1601694
2355475
1457420
5326104
7979709
6283937
7099756
2798208
7137061
4317250
1702949
2915878
7118824
482301
8618380
4320781
8820103
1988575
8575909
7416796
6580947
2680727
236821
9884389
993392
7111803
9580125
3926563
1406540
7239157
4034903
338525
3940488
5637600
1237381
7311957
8289150
995163
5213766
5630213
545027
5535310
9901460
9057229
2396436
2097869
7025846
7393941
3817891
1677021
2906542
3612354
4704282
3844529
8908967
9329029
8901868
645559
5177055
8423536
5773985
1517525
4894792
2554393
959394
2436886
6195782
4064979
6723266
4995919
6144954
775073
2428548
9277416
2947828
3985368
1796286
4132506
4284091
2223227
7908456
6070197
6225781
7408205
6351800
7827549
3100520
1072457
1848835
5557209
4912446
9906445
407399
4785493
4341286
3256165
1427421
8746589
3407844
5018982
4173024
7312831
6249717
3775274
1418622
639795
2630385
9818963
8116968
8114203
1991495
1798569
5380340
265075
6845109
2467549
9807065
1924218
7846696
2122437
6540210
5699758
1077622
7581867
3584108
2713274
8543523
1871377
7169924
2369859
1398905
898843
8445982
8206941
3835071
2610867
2629509
1643333
9960700
9226545
4130310
6661733
9516039
1266949
5406677
7426495
3654601
7726066
7300597
8120951
1911065
451392
6022767
2296952
9477115
8620885
7570231
8175939
16422
7416720
4899241
5809231
9980042
1358538
6260588
3296669
947573
4266372
4599710
5331733
857626
173683
2979326
98624
2196677
6329771
8736619
4094242
9402981
8294107
9310543
574035
3574335
5195545
5808610
927616
2853822
9973138
5305097
8438922
6706945
7593185
6653858
792403
3988611
797322
4566769
142755
3451333
4582571
6846563
7704739
5838231
4992857
1154397
9000465
2452757
4028103
7112938
9088278
8472304
1614946
749162
1266965
4086711
9218419
2217319
7489471
2894459
1202440
813162
5260867
1679881
4088346
4103157
4711333
6296439
1008419
1686950
9151839
5209400
2679038
2498082
49024
1653228
3943005
8982810
9175542
2836339
6067683
3960194
2916092
528924
9230376
3304892
1288446
6488347
8774013
2039413
6896689
3728965
6968181
151626
3985580
9017268
9484837
1442064
8034343
4119361
6381644
211903
7815778
8561090
9940685
5138133
8155270
7187539
8089013
3090150
774655
717088
388137
5932226
2170998
1355474
4311395
1673077
844802
7950542
148227
7663028
1914950
7276306
4050762
4512975
9405788
6126769
462792
8944487
5379464
1748179
3024989
3635482
7697015
107706
8876596
6229622
1357730
1847662
9800257
1350622
4443134
5099137
6070116
4354388
6096314
7051728
7929096
2378474
6634180
5773328
5677939
6534480
1927429
3121643
7608796
7177060
8363716
1312773
3964916
7368399
7485109
1951678
8405819
8396593
6967137
2371735
7141341
4035217
9808872
5945433
6724175
1787642
2256066
6739828
6403575
7392366
9125175
3670162
423783
6245408
6097787
8294973
3480824
7696823
1651643
3281577
9134701
8803893
8016613
4806598
780783
2782892
2345285
3647626
4843411
6388441
1155071
5065477
4984836
6559595
6396536
2951260
8291956
7117951
3435866
3664352
14236
4980432
1853044
1201557
7668510
6980932
1623403
5002803
2921179
1715741
6284633
3113329
4958030
8579176
3804473
1890703
6656900
8923202
7071567
3476390
6973588
4394488
8039606
456561
4198531
6514562
5254519
6326817
9037011
9485446
6501158
9951494
8565001
8104004
366540
3631439
6331797
9247711
9373979
3881017
50163
474910
4669166
9081234
3689131
8160797
3822477
6737136
3808650
1321339
5780010
9674635
3038773
2432141
9963303
1906141
2812989
8095917
967225
6430737
5533639
3742229
4700298
1080687
732846
4432917
836841
6327030
2435280
9714167
1580210
1374994
9113654
7577642
2857813
2152223
8616158
2631980
4710469
8049948
2081671
8700562
3230949
342629
1468093
9000533
1916172
7488511
9787643
6718916
896379
8060756
5614761
7519542
8821801
8734886
4228603
9672923
8003811
4779149
9758221
7529543
954292
5296967
2704990
2261936
1786028
8226415
2084382
1851850
4683517
9165146
6865556
5632978
7004638
5971786
8670193
1592508
9275988
8968046
1711368
157927
7258974
1291334
8263048
3544344
5257696
6817964
4081125
1589019
6844008
3357394
1579045
2821307
7734269
6149242
5912276
7526785
2986487
6952776
1734022
7022145
5118533
6887395
3656068
8187342
9404531
8508005
1191696
1487803
9629430
3544341
8817362
9898179
9743570
9818823
898453
6576063
8898657
2796589
794589
1909728
3475929
217568
8381748
1289493
7147401
8283778
5839462
3162927
2881329
1928026
6526631
3721244
3262665
7073135
2022231
4061377
1289862
7888756
8839637
5526800
4492283
9703870
614566
761837
5208861
944261
4071371
7989674
2740428
5993781
4963599
6233936
8655174
5585275
8447700
3773321
5733553
7064852
3932916
9831392
9196578
2074711
2569408
8083751
4671644
3654535
2585825
2441084
5404892
5738240
1775724
7347504
4568924
1170041
3091305
5413526
9355840
1120196
4262433
8280077
7062736
3011580
1783313
3056762
3151930
6808464
626171
2038672
9093252
6629769
3913638
9587312
4380870
6006370
4332012
1638596
3488138
9308985
4222643
5340843
3921745
1573972
5267229
6536602
3651193
884517
4066151
145576
7890214
6709928
8746239
5665245
774126
9850630
7191537
5131377
6079434
9718955
9032507
7798284
2275182
4656770
538724
9435563
2950140
1805416
7732657
8111032
3157179
5513363
1559403
7021887
6718606
8526555
1079982
1116399
3459391
3620400
7893153
3223063
7193942
7597081
482897
8023185
2283135
2030444
8033297
3797740
4928044
187992
3024256
5127620
2224728
2879824
2864475
4536104
1578025
8811571
3850944
1028962
6908769
4121048
3100891
3937420
7279291
5245754
5176462
241861
1579484
9131472
1675676
5201003
4868569
4503936
2821859
4974963
9273555
4542451
2605525
517030
2639760
4689410
4104559
6171595
122858
5161517
7368860
6901354
5889429
1524401
1979969
8636137
7143683
1092627
5643236
6988188
4596361
135298
9662975
4781627
1728895
5182974
8304602
5898081
3228029
9045465
1089742
3229957
7842646
653161
5367351
5218488
2252092
5034540
5449038
1565964
936212
8532404
3004522
6468347
1276634
1184457
455693
3349303
5340290
6431225
5360740
4482332
3040680
9695674
9959498
2943201
591106
2927617
4057770
8057844
6412773
6402265
7260881
9782561
7103919
2906973
2816576
9560453
5821260
3921300
3887496
9013719
6437810
1564820
9540887
4195116
1558019
1097650
9089325
3219122
272506
3867070
5126174
2127629
4705048
2496388
4933443
36921
6350960
7124275
2980887
8596433
3151108
4532515
6880530
3209741
3381813
5031621
8680403
9039530
3859971
3995159
4317689
3501187
7929581
6223123
1720128
8838408
6396296
7317886
4268155
625497
8518302
7292347
6072872
4831337
2948225
4769407
4179027
9429131
2962774
6437738
2240611
9302716
5532614
5763401
349362
7545835
4512880
3425949
5704687
364215
9690818
5828340
2736183
9385886
8775521
6261553
4563058
8046424
138526
4173143
9551575
7162530
7079137
4754315
5482110
3515319
5414275
1612729
7890730
6792384
5505231
751646
4338828
7682402
2090455
9218207
8775050
3379085
76005
631421
9930734
9876797
5707995
4596433
2287981
9235502
8533878
7639158
3561242
4609904
4778184
6743857
6329898
8662829
7275244
7209162
7549309
9882500
9041140
9720564
4332114
7666939
275166
6854886
1786635
7676853
373277
7268398
9801956
863864
1426123
4376543
7387256
1376327
1355492
441524
3605303
8784542
4373988
7516711
1721830
5649264
6579840
8060353
6014575
7026824
7250025
5465890
865
5682553
1284692
9107001
8475568
7086319
335592
1609303
6448482
8244237
4907859
4374818
9445156
3031677
3429434
4766183
3481058
6172965
7297038
9655014
8675883
5497327
312838
4668074
5439260
279154
5622444
6861223
6853971
9673981
3847455
8128101
5757198
5215478
764390
2276911
4434110
2985467
9411852
7291941
1209654
7912620
9010362
9862107
2815530
5555492
7477649
2086610
5044284
558556
2181929
5543837
934442
4038569
9041532
5431224
8229264
7177840
2892890
6314812
5047501
8626211
1196968
6900001
4183704
8678885
4823821
9612846
4101926
6831748
9383291
868568
6465312
3286025
5420321
8592434
5885347
3703314
317850
1419020
364664
1333225
2370657
7369811
9215247
9699003
6331261
5594590
1410279
3496309
25733
4931594
8450937
6188671
2473461
8216232
7711924
5876693
8794296
6309036
7966630
818270
3627820
6497670
5495342
6961772
2460899
865797
3259864
7087737
3617704
4256874
5101022
4718742
3544772
9984683
4331290
6760654
8534068
6333734
4103794
3902870
1760796
9013006
1206942
2525629
3291292
3730420
6220720
7377688
7074599
1489436
7999004
802239
7524468
3688318
2080910
7491038
5057545
4696622
5994970
7734030
7743538
7180777
2903454
6936984
2280106
6511644
4110469
6583603
7457409
9029209
5253982
690218
8546990
9299074
8193740
8319787
4445394
8318065
6280279
4573721
4812617
4016919
4785864
8429468
5608327
2320916
9855494
5941511
3192004
7484738
7712416
4257218
461313
4026971
7989281
6531260
7813669
7044612
9354517
7974543
4720984
419803
4448285
2521577
377947
8053374
7067410
7839086
5950736
1350853
5169487
7468414
5884312
3350767
5000409
1480873
1275595
5319889
7905165
3484580
3489006
996483
9871053
976247
542210
780331
9579378
4660094
561989
6862573
6251202
6684513
5990613
8493309
2516837
4062908
4873861
4418978
5761385
4096429
8813638
5595742
7091167
6131351
4127226
5737078
3024822
3360222
2183281
6905802
7211474
535054
226137
617724
4365909
7825147
484915
9573413
1320055
1176747
1005459
4119056
5161761
9813234
6067868
7070175
1305211
1319770
8419885
9524369
9924888
6695825
5274055
1348046
1455653
9187516
1707960
5339879
8428579
3607713
7513207
4641951
6740969
7153558
1283471
5233803
5140752
7891732
7527556
7131160
1560439
8568573
6851189
8575200
8168169
1006
4708763
7743663
9790351
6905649
6709130
6432384
9186534
2470634
265462
6255619
2234176
6188446
6779943
5756153
9834249
6290236
281453
8837467
1137486
4634310
2752660
3903563
3884888
60548
3027963
9634343
3119486
8327868
7093627
4794470
291070
5293980
4668084
8072839
4059569
8976313
7085539
2931570
2609966
1125506
4250959
919311
5948418
1127978
3628601
1480412
8924374
6518784
6309852
540756
5172869
8129459
5159470
7567653
4087534
3577138
9257052
9911657
1514793
4250180
7613215
8394358
5697278
2812862
4381373
7637110
5020285
5074195
2150878
44674
3153741
5491424
4403275
4731611
1729926
279962
2793129
3790479
8464917
8067339
3785952
5995318
1377187
9013905
6816370
6939389
5202511
8336609
8037394
5074208
1602427
3418979
1512845
3415100
6148328
1281023
8480590
3152414
145336
2371531
5961642
8625448
6272801
3281546
4488505
7019724
5339848
8967619
1317596
5859641
3523843
8845422
9025545
6118314
2815008
1995271
8203377
9233800
5500719
5766786
971164
9686097
8766339
5093371
1274670
2865702
9294588
6293270
5541382
6056675
8704511
1855596
6321484
7729525
5790855
2983233
3609320
9026762
3448289
1629083
9858237
3696680
5218536
8933759
9595556
1538469
9189413
688744
930921
3289643
8940067
1091034
4331893
6462240
3172213
4347241
2132976
2903288
5230411
2633792
1724637
6207158
9634036
7773057
4062816
872787
9858781
1704647
2908983
1062237
8640442
5274670
2596067
7921898
3241224
4952501
1521323
1462236
4961408
6737351
1478427
3299103
4185221
1406727
5575743
5978703
6080789
3284597
905531
1053137
5380920
3748987
654168
3184472
987945
5155838
4980025
172181
7546061
7397932
8939303
1475572
1674505
796124
6832809
6049236
9211188
5084825
5248955
5364795
7660788
6824590
7250424
3982591
5124212
5461594
5093158
2007887
9367756
3083016
9915540
1648874
2371612
6821778
4477851
5725111
2561897
924029
6995698
5147016
1376304
1727698
384330
7035543
1755594
6416367
6384325
1565037
289732
987733
8832136
2221551
2684981
4195290
2248107
2071951
6786348
8984992
2372221
7002865
8446621
2113021
2549214
1404567
8375545
5969999
6746261
2860503
6392604
9537525
6399813
2449652
511320
8876459
3247277
4546459
8331052
9612258
1448718
65133
186604
5792547
9541255
3865380
2334589
5900464
8259032
2172755
2225821
9248746
7648147
824707
3376193
2649134
2445569
511799
782263
7772928
4485077
9376061
5697548
8276969
2161206
4262900
3210733
9336540
7769204
2048442
2428470
5866123
1482642
4953332
5614951
3125031
749873
5556324
8585232
387018
2473295
8657186
6701385
267355
6377076
736819
4832445
9268038
481170
2910890
3052260
4398104
214644
7021417
6016514
5040479
8004512
4420629
7569128
6696448
5722128
698907
9723602
390805
4314692
1399750
8433512
9805002
8473492
5544569
7309021
6579061
4355119
3426541
591853
1573172
6525142
5523545
5946167
7237946
2257161
3700343
8637303
9376183
8256689
8906070
8533884
8563937
7428910
6390727
5831672
7139846
3987190
1242670
3456167
6532257
880248
6990906
2147097
2316130
9925036
386381
1479486
1638915
3246890
9328344
6412094
153034
4688263
8086525
9883823
4648870
7503049
1336163
9687465
258769
3595678
8538592
279783
3478161
5524251
2034292
4300856
8741859
9845935
5413205
4125382
9397246
2826767
9555259
4862848
5168049
1231748
9883816
2047412
4355626
7710833
9451576
801610
6068106
3915105
5161100
7390360
2149930
9408567
4015937
9873794
6013073
1559875
6859187
7956295
3607989
944481
9469052
5559654
3708817
2115516
6607593
8278288
131308
9338085
4292409
8565321
8674960
6778199
8870459
6943612
5565484
6375306
2503995
9948909
2798424
6166633
8972391
3113370
2665066
8817051
2764041
9001335
27019
1858632
8840626
3663034
2588094
4118293
6266569
3517656
700188
7328114
8555596
8627503
5752036
7165447
8978795
5000048
7086786
8136253
6870341
8308230
8428569
309911
6697862
4673158
5434942
9255388
3671038
8046857
4509730
4709808
9639050
5460209
9644240
7968237
5615720
2458858
1331263
3876393
5996416
3366619
1361655
8012395
5408593
5781646
5532338
2661550
8438040
8196421
4605984
9016899
7673127
4637795
1459377
1079950
4884395
8834268
6472176
2625472
7189748
7445105
5422909
2018305
1976630
8271500
7120264
4314629
5614415
3758428
4499999
6815898
5965856
5340080
1206978
6009439
7312019
5212354
1872210
6766295
7392037
8881664
7159978
3985979
133149
835848
9491283
3465249
5888173
8461033
3081731
1023839
1849811
6643821
3215711
631481
1440517
5490865
9657087
7975889
2604391
2894942
4710738
2425709
2118169
8796723
4710445
9084027
3606540
5122246
2808389
8046309
6401690
6882179
9282787
819062
9524856
8722475
4262081
7313087
827364
1389366
8491801
563481
4606928
136008
3422238
3297312
5033368
9287008
84022
1207783
5597616
3677123
7359051
4060268
6286892
8841318
6696323
6714999
8153231
1750315
5803584
5474339
4382456
4572893
6993228
264619
5788984
4111230
9827600
2587736
6592623
686237
7338664
8129497
4484944
6759551
2311668
8317685
2282256
806612
5582752
3459633
6628473
5014921
9619814
1056403
1796598
2569549
8903931
5855654
6857990
7456592
2576375
8410612
6114134
714269
2864081
1434307
5996459
5385190
3649179
9346299
4125520
329005
8340415
7616668
5707343
5369139
9211070
2328003
1498891
2662794
6480659
3060047
6992492
4359084
3649785
6220665
6671711
8014351
8589910
4479432
4841425
6634114
42408
7479468
9415016
375405
8061413
5761194
1378854
9438469
9554927
1678643
8470354
1085052
7651834
8108001
6285489
6213028
1149604
2569880
9606410
4652940
5015303
1610233
5147568
2771787
5688370
3456252
1682927
7204876
4623678
9084824
2983711
8724379
4102654
8679681
5642918
9569129
7983753
4565304
7381553
7464877
7287571
5880498
6362514
5355947
9770194
615731
8076700
314440
6067393
5471783
5083369
4417844
3527357
5132446
3735533
7246237
9010095
7897885
8264947
1708736
5641937
6887504
9456936
2931338
2363307
44844
9768746
4456557
902081
8168439
6793352
4043158
5007298
1888332
5801129
3531756
6038825
9961344
7781489
7828605
2096974
854853
800923
1841968
2064761
5587248
4232240
7756840
7631187
3837221
4827416
4409567
4033108
1203876
4402593
9001977
8116090
2239623
2901600
5912251
6128422
7856744
8396687
5650004
6732544
4270848
1742522
3745527
5748022
4535947
8183893
5184506
1597706
6601968
8958484
5516332
6276232
7844909
3590269
5269285
2544243
3989409
2425438
8999411
6152517
6255877
5863941
9272561
296168
9765565
5771538
8153466
5056853
8183912
6075456
8415202
1639488
6858261
6752024
743421
2606911
8907076
4403876
1972293
3244995
6887796
2812605
3998618
3580341
5065909
7449749
31558
5042947
306065
7801641
1707283
4221528
6718389
9947263
7458955
1610882
4269557
8266136
9896330
8206404
4119762
4879590
2088522
9327646
5860273
5357666
9594985
5705020
700283
8693980
3636497
8377095
4754683
6255609
6751521
622093
2057914
7742342
426113
3203836
6514660
1690690
323717
1305823
7719488
5837375
524117
659574
1759262
7353948
591664
6429325
7717720
9609631
4524989
9640592
561090
8202066
9109962
7255746
2987989
8875183
5244576
5264960
1641933
6675126
2618853
1842843
6126457
9702279
3965308
9222054
9821000
7117240
7468707
6741157
4194081
5921361
3320913
7187969
8167267
4029095
6174258
5973458
8844750
9971478
6837039
762952
8204894
969605
7624483
2148946
2228676
8958673
9031694
3597015
4531369
1432351
3584137
3866879
5794951
1786279
3252263
122497
1248404
4565164
3180315
790683
7853340
5199050
2767713
8262761
5196844
3803580
7251336
6797937
3775142
5262145
8049441
9525705
6946546
7409313
1049509
4496800
8726838
374916
3288624
184615
864859
7655057
3830697
6110351
7330854
6119615
9407318
2573083
6540295
422617
8617889
2921019
5749639
3044641
6963897
3980975
7899981
9920326
4436174
1146044
2373816
8499001
8775994
6548823
7200181
9785714
1739567
1484124
2118221
2154573
3290416
2789162
1267667
4426738
2791583
5406816
2668697
6335258
1385939
1815386
9824417
8207949
9169659
9522895
2462002
5589275
5136076
6615499
5343094
7574996
4430963
4577637
6334111
6246184
3603246
3034386
6287844
5318807
4700373
4805166
1281963
1835016
8737103
1636714
8930906
5748023
1431568
3587459
6409678
7552188
3147075
8576671
306861
5672837
2422370
972050
3457408
9271373
9057600
1682206
9950769
3630385
7458466
7194733
8606562
5048403
1672974
9010336
4688533
8332490
1346728
4364942
6408928
2257863
2781873
468106
1249917
4379449
8761525
4090791
3327363
4075758
5429832
4478896
1001013
1634872
1867172
3096808
7430896
2835081
9088263
3473871
6529146
191561
3281541
27170
8525481
8081306
6625200
4883510
7863697
8101795
775274
9613512
177287
7076427
8106222
7306320
1818774
9117798
3980199
7801945
6328642
2422315
6260864
43347
8106464
7064345
8099710
1101935
6979926
3112875
1573857
8371624
2470978
701232
4730151
9153652
8783756
8659486
6622838
9410579
827549
5029883
1727685
8405451
6541957
9635204
3730756
750212
3794809
2715146
6494841
4989092
5511425
6721049
4306756
7204132
7839460
5008178
1831875
9878800
1397787
6732329
620841
5417385
3870353
342812
6491167
4197201
9548382
556842
9471741
8162833
259474
3849836
5005782
2192588
5642062
1920869
7560293
890540
2070021
9266248
1160167
6270715
9372647
9627911
1675055
3151235
6662334
9140717
2385746
9723692
6564251
7793804
180769
7757308
4651853
2938556
1977459
5571946
4137310
1123817
4176994
6676882
2324437
5719825
2883539
6736541
57836
2358805
2923132
1897195
7104205
9586280
420839
9234230
8557120
7641948
6154528
4636290
8630185
175566
2375060
3890721
3338445
6174976
9147549
3872021
8447087
5000324
3223309
1387189
71500
6849360
6074825
7526839
4015008
5473927
1417021
8053366
5226076
5671906
4256735
6331416
9628615
3651933
5790844
2048796
436180
2733418
1367133
5104606
789954
1483562
2525673
9111368
4102759
3177577
1455937
9585777
5543512
6168032
8610524
9779552
8089824
9500290
9700396
200227
3700166
5685376
7613431
1677156
8267509
8270232
1366436
8152594
450061
3225346
547916
5794846
6892173
8393927
7581645
956032
9615517
5091295
1236714
2173816
4255528
6408676
80744
5535804
1564017
6579360
4250844
9074304
3889950
9316063
9908568
5381463
3503652
4010893
7519851
6462330
9372015
4343079
1934469
9350824
7609232
6773161
7675662
7797853
7307874
1017388
157538
6505764
4694523
3765490
5203689
5445841
9850278
7634414
3912075
1342663
7925878
3965031
748385
3819277
3788267
2970358
4432485
9733204
7049768
7569692
5592367
8386470
4429642
5709050
1951365
5408
5069986
9107431
4712824
8947781
724595
9842332
5091392
7361660
3644290
1964070
9083207
1555746
5778719
6493064
327722
5719440
4857174
2721230
8114280
863429
7633871
9971564
9792461
6037762
9726112
5014642
8008085
6938328
1969092
1764732
1803594
859413
8122133
9665864
7929860
6580104
5145127
7542617
6074315
4864219
5890369
7018373
5728086
7739913
2514201
8585507
9483731
7649015
2545116
2792055
6499513
9673998
3524698
4966783
8504538
5668239
4502387
414886
3409425
9730283
174761
8513945
4325521
6379127
8865496
5853148
6993790
191391
7279186
6357829
9900785
3053392
6840468
1135471
3665552
8714136
2218230
6874751
9191589
7991959
566567
7429947
7393841
7654022
7365750
6284498
7858237
685857
3441353
9554677
9479141
6816045
2421206
6312403
3738319
8338317
7859050
9886136
3082606
7449743
1170364
1432758
925669
7345147
3999066
5999372
2066999
2181314
9292878
7037086
2892246
3144577
544958
6826090
9053644
2817317
4822102
3384237
2750851
3889434
3231164
4057677
870499
2400779
3618429
9888267
3855157
4231737
4696329
6359995
378455
6729939
461876
6339202
9495884
4338421
3801144
38691
6691201
5767837
2189675
3199905
5721426
7342482
9020870
6573109
5421033
2358454
5125785
1515721
2290764
8486727
5765231
4067470
8093232
814705
553754
6417960
4444303
4258199
8909751
9322873
5642711
4819565
8920581
8034214
5715037
4117279
1789019
1953672
9708259
8728886
164513
4293711
2797074
6075198
5873087
5218020
2402038
8881981
108405
5435541
4153725
7450198
6881966
5078184
2214798
6126428
5587171
501028
8047549
9347105
7118182
9238350
8892495
7493211
9132786
6658666
459915
3027051
705369
3836696
9900097
2182068
2831723
2052580
4179313
1260989
8062054
573490
1560785
5469851
9398306
6732425
6957607
3503880
9929873
9675250
2209871
9058784
7918433
9493561
8799373
8120780
2675624
8713996
8339334
3405485
1279912
4221120
2642503
5196159
9519124
6078270
6856712
2913887
9668328
1897508
7950546
9687793
6581733
5196064
5040162
1926952
7165722
139956
3933499
3266493
3066058
9091607
9340009
8498640
111221
7902193
75315
325246
5438862
1318369
693360
2999724
8842785
8181716
5238174
5678675
1330233
2517640
355715
2468593
2671116
60842
1380246
8205710
6054098
4992186
6150092
4556541
1121108
6683185
4620895
8889027
8359906
2306684
1143381
932036
4514081
6808039
6963425
2208017
7826027
5360958
300421
1638719
5964497
2870872
6807419
9582346
7504726
4242327
4626736
2865720
852296
3855603
6681409
929495
8074563
8968325
5732010
4904898
9107561
3164843
3383347
224762
9611079
6248894
8517602
8278068
2378317
3991429
9317911
3626687
6675595
8974279
175586
7151199
821654
1475129
4355630
5629981
7473147
9972692
2575792
3843996
2257915
6733300
8144107
1266300
4494467
8917510
5741847
8391421
1673075
7722610
116893
1604805
6123392
742976
1792771
9487454
7252547
8327396
8109894
2218527
464877
2166385
5878696
1235038
9587463
2192712
775446
1999141
9434686
2596063
9222582
5919533
2119430
3997591
3805823
2506426
9480840
7549132
62929
4507242
9652757
3316926
7996311
9822902
5712070
8481233
2709946
9955429
1730413
5765843
8984640
6240353
5414242
2095357
1297304
7203404
3540204
7442906
1397239
4738262
2766122
325433
7829013
5607732
7708971
5078530
1857228
5197129
3078930
5016836
9416857
7847443
3996733
9778163
6912975
2658373
6467262
2185838
5802015
1337622
8676027
9150522
3988525
1175913
2983279
5039527
9648657
7882387
7541892
3953290
7285394
7735773
8053340
2883183
4326559
4983957
3208968
5129074
3314389
5748006
5105318
7758453
8705564
8311557
2764733
6314806
6071728
7995232
1850823
5663291
6813238
5157068
3737972
8699446
721599
2628851
9585736
786437
3798269
4533383
8958043
314788
4979964
2103210
4915918
7900397
9750623
7025656
848335
512900
836165
9523154
4816412
159112
1104202
7028819
5944783
8102208
3826120
8017534
6965895
2138169
4831568
2815093
6803456
6407941
2322320
2112097
6139914
4390582
9963978
2580164
554537
3704809
6922135
3874344
890054
9989705
1418155
4503510
983941
1682014
5571508
2488204
7830950
4055503
1824241
1906712
7719446
3092824
3058137
6643811
5213338
1104505
4339002
8243356
5507270
7064956
9589486
213880
193366
1103527
8752730
4460982
2111811
3737532
3647831
5535796
8849784
4578459
7522487
5136762
2744483
2649368
9650399
9037954
4066078
5419745
7000400
6969902
8074866
7997134
1382778
5920876
4180821
9984600
333516
2832175
2787771
7235615
2743508
5053212
7800958
3964081
6755918
5443322
177802
716489
3402292
2403329
9441674
266745
9641017
636454
932849
7253193
5043466
7604821
6821268
1133363
5230535
5051721
2443585
7576761
8442935
8202222
4184566
5450684
5336814
4358849
880762
4767082
2953396
4170553
2096162
6720154
8266291
2409347
1026182
7262319
7430204
6101618
4490246
9578186
3768731
3295933
5130088
3878854
9639662
6715006
9856314
322538
4650252
5359729
3556966
9897954
3074001
5817662
2927918
8613157
7865325
9360612
3731792
5609863
7661712
3324037
4162763
8572173
1654368
3713051
4131781
330408
8076584
3899755
4651219
5710745
4170013
3492873
846807
3033128
3858807
7098451
5204732
1702399
2998313
2558980
4917742
7980135
4252993
363039
9563968
9038452
6279850
3202392
7694640
2638764
922156
4055515
3861302
5819023
751995
5439118
1218411
6706879
808625
2105768
4169778
2215751
5480338
1607888
475422
8178452
1506165
6134380
5980990
5440284
8964426
8366065
908302
9860954
4475711
877906
4586603
2548216
2555382
5018968
5719168
6597981
5126252
1194646
1320304
9961158
2621767
6229980
6245513
1469708
2207813
5381157
3901881
8567986
597157
8158997
8671682
1264461
9837867
1528960
4185349
5792491
357716
5860224
3744907
5201950
4260212
1147254
7892777
1846756
5589860
8341840
5269036
6005276
8324480
2034682
6582237
7251830
3869063
2913828
8639111
2205549
4658482
6871606
4127722
292753
7223989
2018712
6887338
2250293
1248787
9000083
6118381
7257409
3983692
5300640
2204918
155326
13017
7687345
7311820
1227381
5245579
696851
4851330
2581053
918301
5274628
9435121
6466146
8404964
6014622
7046883
9993289
7472448
7727236
1297659
5135036
3185112
3620052
7087673
402296
8475622
705195
9946552
636562
1833822
740401
1319482
4773615
7006129
1611401
839787
3633091
2496441
8146885
8614166
8798728
8402644
9349408
1646906
9025253
9963936
3474965
641979
4715197
6555516
1922337
6473887
4078089
9309050
8774530
1910618
6838927
8527124
7937841
8986830
5910854
1486378
8849013
5926068
7054217
9997284
767490
5880706
590300
9918893
6405700
5604788
6715245
9341627
8997669
2689592
6378589
8030129
2954421
8791352
575037
201856
8039096
2618629
8191898
2627195
29824
9294171
1883408
4871821
7506607
2589359
3240611
7685667
3536274
5900630
7046011
4743219
297672
7820029
8653102
3745952
482820
8950096
3723622
834111
6716630
7439766
8731348
9797698
9557863
6228179
1732084
4283278
5816316
4765663
9204396
3429591
6906444
7741857
1332628
4365639
6501645
8066586
4419714
9467361
592548
7294424
6357192
8839164
8641981
7010466
7540359
6250759
1147195
9415152
5664430
8244718
1694101
1409305
7130092
5105676
5944561
7232781
762253
5890385
6131116
6747305
3476713
5094741
4176584
1499965
8452038
818972
7363446
3514979
9874588
2458696
272756
543120
2259937
5863469
8879442
5806614
7189411
5557898
3589118
4030331
7880686
7999673
8088480
4059318
309180
3356499
1668019
6350649
8306888
9348425
8070368
1816392
9930479
2699258
6974011
1807430
6227311
4750827
9185626
8061227
2578641
211649
1736382
2408828
4406053
965983
2323573
6290593
4866607
5654178
5389679
398880
969782
5739512
4962490
9896108
525978
8510760
612000
9455392
9833952
9236889
3502762
9529937
8321088
6735408
7688120
3974549
8731340
8556413
8024717
2266680
5198528
6333509
1634046
6572102
3599638
221285
3392318
4732827
4173008
8827365
3686945
997221
461324
501785
9735200
1333250
4883004
3748058
5249111
2640541
5154186
3792078
297966
8249670
4663726
1784368
7343101
9531789
9502507
6925242
5269588
4554509
6934230
6500936
2560269
8589678
8330404
3265709
6026818
1673966
8755509
6334945
2630035
2437262
5650965
2603873
7589034
5491290
6781694
934270
70089
2783904
2137330
4191145
626713
2174987
3765726
4814558
653523
6245828
6412951
7853378
7576724
1712695
3094595
6030164
1322255
6190165
8701623
9460035
729472
4402250
1716125
8666821
2785048
8503381
200864
5650806
1165174
6925933
6753617
7236961
728879
9097697
1925328
3014746
3649211
9715933
2132212
8183870
8845023
9283258
4931040
4620629
8152288
564478
9792915
9342793
6402478
3249763
6984090
1390792
5475833
2357788
7946283
6558349
5418355
9255241
4728629
5079238
5082339
2605381
248524
2428463
2685541
4354051
9316748
2502746
4212124
9004183
9130494
6591538
3211040
1182737
4098949
7742509
3937705
7751470
1288649
5036578
6157092
697134
3797754
1236035
1843427
8942484
529593
2558519
6379688
6386222
9850918
2043190
4421975
2038796
4169749
9625981
6857926
107393
6429613
1430590
411164
4424056
7620213
1552143
8411436
9527126
2082731
1710198
9733489
2100417
5290333
6347913
2399387
5096479
8157116
6865354
9398579
9264573
3547012
4856435
1063517
759446
3698445
4392840
1316877
4712782
1564247
3321959
1170388
8651485
1738868
1859995
9434885
1737595
5235339
162865
5734554
1441564
3883186
2626849
5282523
1943543
7464759
9852360
37354
5196202
5231457
7557062
646802
8427667
6059234
6946951
22877
9605370
4611897
801387
6482582
7604028
1679190
4964583
8444453
7696906
8834330
3568181
1161134
365424
3320757
1754335
4406974
5933891
6538509
4559482
5279832
7949067
2099556
2557959
7679346
5504978
7925499
4509602
916920
7633532
4491749
458377
3732665
3603655
7545278
4454765
4333073
9741262
8812448
7546016
62243
3853232
4142836
1787489
3837946
6596540
4847451
1492528
3117578
6786728
5040874
1187968
72260
6464402
283894
3760569
2815715
7157619
7565187
5881973
3921554
1096687
9336877
762916
5833152
8202556
6653466
4050623
1469502
607431
1362549
448996
8955937
6812328
5574856
4954693
6828389
1587479
2780717
5404263
3789293
6646543
628338
6517906
4842248
357663
1030673
4712701
7395604
4875343
8741830
6710983
7782601
5038427
9419244
6351368
9795851
8704446
9914362
4557093
8535671
4233322
8669870
1163272
7839945
203291
4134852
6799597
1787171
425356
898542
7650325
7860719
65913
1204873
7457738
8158536
3723260
8060975
5254602
9632169
5199970
9991140
3309653
3388812
620292
7451621
8855101
1732473
1856367
1239575
7421398
1788738
9625667
7098845
873604
612598
4664603
396380
2855838
1557355
4497125
4808586
4927883
1445039
5983969
5606738
9930738
7094650
7511813
4686146
3815972
3898390
3914016
8707088
5084136
9473165
6830963
5745243
6275109
2713859
3838825
9521858
1827005
8053818
444827
3541938
3928189
6043038
4090338
21178
929479
5219673
9825855
9791302
3021784
6454645
6781661
5838197
3597746
6474610
1873481
8013177
7656485
3948653
1740899
7624070
3631528
9528201
5090855
7173467
2596616
4580957
8498781
8309922
2554105
3289612
9397884
5855181
8825691
6310176
5529259
4086953
2574193
8039012
6509901
9284648
7604022
1551705
4375071
1312665
4050457
4588226
9672182
3368164
2086549
8079992
6551787
7387318
559993
7221268
98375
6128571
6104181
9382072
1698998
8014325
3841907
5359147
7759589
2102108
1987133
2037344
6519311
2285854
5687497
411002
6596827
9855741
9349813
3153749
6224254
4411963
6595878
5071076
6721693
3500163
9940998
8977737
9998720
7513852
261314
1704974
4965564
5497183
6050187
8153688
82252
3871788
3981855
4203321
2219966
7976495
1661889
9076582
6629009
6669493
9784325
2531941
6075297
5404851
2116332
918728
5524185
400197
2913105
6533554
899192
118917
803804
1345606
1863713
929169
1395264
5481166
7115761
1238152
6967212
1181338
9821715
7712036
3230058
9426248
4327231
4234209
8628020
1374066
2337319
1471698
3875337
20256
786496
9328823
8589831
2347664
3241649
8906283
5082747
6299308
9612686
859564
9406688
6792743
8020706
2145080
3299108
3658294
1234407
1029473
4424086
4402332
8878928
2094954
8284426
7821603
4110620
6923822
6086785
5318545
7029502
1177883
2323693
2121399
1204969
8897064
9176305
2285270
2343931
352175
6889744
3578965
1369210
8829334
6671213
4822225
2039510
8064678
6449271
1059155
3747096
487475
2609540
3180680
6936708
4392249
1952339
7320939
4005323
7106168
8501736
3175494
5316099
9916257
1109270
6942867
7758480
7290463
4595533
250829
4090591
2471988
3780380
9687252
1136150
9589273
3827151
3014612
5759441
2347334
8953335
2502909
6749789
7620446
1706226
2932740
6384307
4033239
7735897
9784026
4362693
9523931
5383443
2775218
3128953
5251627
3103938
6953725
4316158
4330841
5054720
8728115
4671132
4165994
7200859
9095409
7298195
8511009
1895249
1948620
1247982
5186010
3733986
3704182
777325
7148532
4320200
407824
8719745
411408
5376672
9427598
8383276
8034656
1428965
5602646
5322808
5833774
9962851
935939
6520574
2800109
8077923
8902774
8034764
874605
2881159
5978239
9682590
1643647
2549199
265272
4470233
6546025
3949031
7851101
2823587
1950014
6919869
2996035
6657820
6631527
377275
3629988
2445350
3192064
5435833
8534905
4982108
1215682
8978955
112634
2939521
5359900
5783116
9889116
9525666
8215902
7858568
3814779
7639890
9583988
3281043
6023071
8201791
9711811
5299036
5809224
1131591
9467803
2450292
4275773
7573890
4520325
1431741
1232966
1080296
8044412
3633466
6568508
7651243
198801
3664446
8853439
7142003
2490035
5958368
6592521
7768127
7232468
1746055
1734934
2689601
6119790
9321606
4893304
2690524
3444133
3489566
513873
241822
9110708
720770
6064859
6676036
4181633
538102
8525569
2452039
9697844
2787171
4240377
9372080
2337325
8577794
7823848
3744199
2873662
1856074
659603
7913867
8752715
8804079
3401125
1396277
2881736
7405074
3850837
7159831
5924738
4875594
9139700
5854170
2505609
3085196
44785
7917777
2243690
110453
1074638
7536143
377585
9234401
4948049
2310672
9139724
7884626
4251084
1163580
7329187
2687136
8221788
7212223
3512153
6636395
5473519
1111028
2634194
5490140
5930452
5570320
1533009
326891
307365
6097381
1354997
542929
8611201
1926418
5093137
9022220
4293841
2162549
2161264
7202030
2901087
3489514
799542
215838
3519927
7018608
180110
7579893
2258891
2164294
4037054
5406270
642339
2575987
8874260
3874091
47322
3194394
4558648
2388161
4607998
3313356
7665454
5551481
3434488
9635418
1924817
7293711
9615483
2374745
9399509
505596
1876653
6971653
6650410
3709670
2079836
7080436
7151666
6467734
9364234
7906187
5126258
155185
4172985
3461833
24076
4265426
6271598
4671586
4239955
1078400
316417
6535310
1670847
7313090
6559283
4427561
9735565
7789792
71877
513847
9170352
4821677
4867907
5558088
9266376
460859
1675245
5523024
1593562
8217505
6831965
5021819
2394131
9732578
6926879
2851396
8652419
60280
9837297
2174226
4961328
1608812
1996746
6017397
101858
5332658
304648
6844189
9615790
6974328
1656172
3273940
2049657
5534740
2725101
5560249
6249142
2680953
4102739
2728726
2234040
9272340
805210
5442147
8442536
9198078
3239791
7650899
7466762
5102970
3942842
5869366
4546849
960764
5134877
8337337
6787926
2925222
5701945
3329897
9996107
6109129
783880
1786890
1458605
1942995
5529973
2670218
5446285
5357658
8498371
7304833
3046356
7767966
7471254
9115026
9263763
9031225
2972391
6742192
677411
3708589
1383383
7468247
4636558
8917497
9857639
313416
3992304
333398
4273612
6018733
8953107
8514418
117325
9949039
7900188
1975231
9119568
7243839
1130902
5192520
2201948
2987870
3694097
6173616
5510926
4949558
6114715
3037460
758256
5469121
5916057
9454480
6824388
7431547
5388426
7464475
8320248
1480813
1794739
3160273
7536543
9939062
9198142
3749703
307383
5124604
5559270
7847307
6906797
2395720
7418079
4196219
5454919
1746172
1472422
6527254
9435
9218951
9562797
5983511
8902107
9570398
7797292
653907
1829216
5849050
2816673
3045637
1950951
3441109
3379226
6357151
8752471
9984335
6307580
1019852
130232
8623790
3284267
4568346
7692461
7258209
1180244
2179440
8515902
9693324
8660652
9843387
3813148
117986
8318850
4710427
6550092
1775489
1960116
4134188
9600678
8039045
9685757
9972278
2124765
7827282
1763832
5508964
6609339
816021
3696469
3544081
8738759
8149533
9076527
8708197
5918429
2441653
8612819
6131991
9409024
8591643
6653241
8598819
1760155
9162008
4331922
3940164
9653282
7841866
6642532
4072044
858148
9537393
143495
68331
7889721
3979756
8328906
9854694
4774245
9770924
4986003
4642139
5245111
7760382
4238783
5196019
4649031
1850852
725026
7581616
6761084
9756462
2858106
7147820
2272268
6469318
5760622
4778307
3896670
4994883
7582037
5950149
9530215
1830817
6559879
519969
4347238
4185675
5719061
9726408
8646853
3511438
8652425
5526245
9524288
909161
7752102
9601629
7200669
6104798
8493996
5271834
7557121
8512477
3740788
8336251
5534228
6990055
9263775
1208688
6348779
8001916
8828971
5191375
3658790
5143610
653359
8200799
3531871
952765
7429904
1641847
7817695
7813011
6508377
1575707
3243123
5306683
428501
43857
8253209
8520495
8969125
3655957
6507953
9795684
2629363
2493300
3200210
3311341
8406213
5394661
4739920
229077
3964395
3172411
6858530
9758348
9862799
5705387
2179291
9300041
5587328
725079
3142156
3761592
1459591
2319360
6586533
5285847
3281078
2661236
7694044
3991181
5260697
5553503
1994495
4777203
7557974
2615152
4403713
9969618
899764
3160401
2343007
2146795
4121610
4493582
8087817
8175519
1255550
4899270
7111542
5532107
560021
9817357
4077294
5988374
5267431
6176439
5782712
7574655
702993
2496392
616527
687103
6896666
1904989
7889713
4219075
1235523
3264202
7014498
5186981
4453830
6047368
9455653
4598547
7887092
6570427
1864907
2686325
1808141
9244453
9457627
4182251
1564372
2474219
8012951
239397
7020862
5451383
497675
7341701
6798483
1734227
2580695
2833000
2506972
9076816
3973773
443166
6118278
6479417
4966721
4752707
7033787
9352581
5917344
4166326
73333
4306207
6223985
6202820
5433168
5706089
9741394
5586261
856563
2115091
6843258
3560897
5583966
7192459
111015
8383951
8362084
8175346
9041805
5228006
3630380
3893771
2296776
8189943
6877695
3215961
9673045
1035430
4409941
6896442
593338
490428
8716579
2985392
4096937
6716044
9488609
6325509
2384328
7115031
9442316
291454
3082675
3083008
2510991
1041343
9466272
7451142
6283483
5656585
391980
6717784
1747908
7682482
622875
7242153
7754887
398577
1126340
5717010
1808825
2896477
648823
936453
3476347
9798207
3502833
4242143
5189843
556410
7668796
7321974
7979635
2744582
1921079
6415483
3058848
1239597
9248156
3248697
3987453
3879076
9867792
1217491
2643273
9697088
6340521
2461318
1887016
41012
5656859
3763656
417594
8059506
1426730
2677903
2908101
7011250
706719
933708
9382249
2112644
2438026
8571612
3912004
7772902
7456994
4693062
3050620
7617360
908337
5294161
4799491
9389534
5438343
8237539
9084422
8983325
7464259
2793658
9185561
2437618
1042528
6714735
3246655
2528761
2663877
8699878
432720
1327922
2808692
7069725
9679137
9284617
889460
4884457
4340036
6978605
7031101
6135006
8443460
9723905
5436556
2304422
4542461
8238781
6851008
220469
9527248
6995361
326359
7156942
4450483
7381316
2611064
4312913
5748567
2967622
6069782
7734833
3649362
7600894
9229353
7814432
4204512
7873104
8301670
9184771
8998339
4376693
236459
7407457
60458
4573211
6988956
5336504
8028759
7853461
7686452
886806
7280915
1449730
2387049
8622636
8390675
7612835
2569484
9156265
5139112
2601529
6692189
8765302
1028389
2287253
8600832
2460004
6728565
1194552
6336003
4314388
2005320
7340818
450398
21975
5731100
3286240
8265994
1250437
8656137
7117655
558269
5615148
6496014
6674215
9105813
8645485
177411
3376663
1246056
6734699
6341770
5127359
7918008
9684288
6168684
1075487
2421712
7821742
9774965
8786174
3202908
2067133
2922595
4404164
2240365
9338944
6055967
3996709
6259255
4530804
1395963
6692592
302087
1421716
9677114
1436129
9334288
4390451
9330892
330856
8762732
7381843
46357
1988098
7906785
19708
8630812
6717366
8152031
1724224
6157559
2861355
661184
8045320
7840653
1735781
919628
7907029
4785398
976689
4781193
3793142
3773790
7124425
9193442
9713692
6257736
7426176
6363718
7600276
2544538
4926980
6916976
1396494
901081
5494926
1130343
1536639
586998
9573917
8453
859693
7868210
855576
1780655
8327576
9315841
6075377
471055
2963033
198318
6244883
806401
2493049
5838733
4849621
9484933
7944941
2742611
3852780
2946502
549825
1374195
200575
2888175
7896499
6114866
7941848
4513582
7729472
5599610
3859904
7084364
5390371
9982495
7571642
5188054
4268207
2801767
5814122
2539197
6435369
4327098
2781051
942147
4719107
1398895
6785773
4768311
1895923
5858972
3543167
7395539
4894262
660173
6146971
1558867
3148316
3998942
7693796
3854892
7451409
7109324
6634881
9620538
7504259
6363942
8951873
1932942
6320382
80506
8895188
5372579
5763059
8328286
1483167
7680695
5052939
778907
6092984
8740343
5004219
6559648
8660587
8541951
1322729
4614279
4578002
9868875
584856
8648791
978315
3547356
5660787
8444238
6723768
2867486
4752004
757203
5964045
7452586
4286442
4454910
5548243
449784
9478078
9689829
9359021
7327109
3508112
3064482
4335855
6272756
4085026
5324048
2438688
7404993
9918061
1833420
1630263
1955553
1518828
952170
8691910
6240199
1188168
8962928
4199091
6884673
7118420
8584543
9292951
5393993
3730792
2784093
1281346
4072886
5988894
9678357
6913050
1976096
8389952
3517254
877706
7616182
3331278
4613706
8923354
139488
669129
2620545
2479618
7022794
4440883
2598175
5807692
8310428
2252437
145155
5619470
5568061
4974558
9171248
2750883
9637611
8674520
8124697
9194936
1710851
2364016
1077731
4729762
7893351
4284646
9056885
4698306
7497008
5117842
6486013
82542
4944035
2927707
9795791
4159183
7644828
1739691
8082910
9187931
4229033
7959778
3023888
1352312
4399834
7210514
1317392
7684153
3072941
8372444
5636290
8981437
795564
4553737
5773663
2416873
3035489
7110575
7482878
7178258
8446440
8698483
7633567
9893194
9089194
8803620
7734703
7895981
5547268
4918981
4677164
5526238
8602032
4328227
7581945
4947786
1162179
3952715
4657942
71663
1938552
2284933
9751667
3574030
6978464
54712
5507847
7297489
3053371
7611462
5584655
1073784
9754724
3502997
4213898
6322946
4180811
8655911
456599
1860257
2570122
4677488
8858133
4804035
4942668
8028184
4066817
7078850
5863179
6830400
1993611
1172820
6042170
6871772
9301027
6745497
2283432
2219843
4026405
1041907
7807009
473502
7027734
5625198
4233281
8698317
507612
5302822
3893415
1713594
6354662
589270
2203179
2190037
7541538
5024929
4047881
4162022
886803
3576564
7381852
2957167
8255363
1130882
9007616
6943358
2717089
4769240
5003830
7659945
5907995
7019081
3155007
1050708
1763954
2182020
1283423
3518299
9120202
240523
8246719
9135711
3120698
9354987
8191812
9052756
796685
6628558
6982618
1301481
5351093
5013161
5816944
8567404
5558781
8616769
6733366
6320128
3886389
5933085
7264676
5471109
4973636
1340582
8772561
481881
2772391
9243833
8761959
2953136
5680574
2340587
1275513
2874874
8779712
9064638
6395907
7261033
9797889
696316
5303259
4571941
6545015
9887350
8824349
5203660
2946132
9006964
8413800
2622600
8935808
4807654
7533097
604036
5508608
2585628
745849
4069128
1329468
3694667
2811221
9066308
9319540
7722076
1529593
2811644
3516642
2673317
281364
3489412
7257669
6402778
8773718
7322899
4915388
2126949
7424153
8061959
9145933
6529676
2284789
7171854
9086181
5669427
3123123
7905395
2416341
8878240
7763966
6353852
487551
4080235
2508920
105566
8486235
8105361
7530216
9412658
3799984
4506992
7342239
1342070
121688
6823293
3053399
9008426
3817756
3722265
4462065
5821002
6178763
8058746
4072131
5739874
7135062
2910583
3235953
2165357
7598672
8383672
613219
938429
4272982
5546408
3572969
5698497
8904349
5980287
9798083
7882209
3662870
1021660
2111029
7755808
3701497
2123389
2855739
9240067
5777921
7518915
379924
5237385
2738327
4271039
700597
2556731
5554389
5740878
5666525
4871328
6887796
8744412
3740174
9711446
7547536
7686538
648902
4918605
1749213
1744813
6972092
7997299
9360304
9016698
1160154
6034515
9794226
7068674
4789714
6706372
7721458
3906519
8852388
6559459
5759110
6377249
170444
4983169
4673084
8638577
4438525
7234912
8379566
3829637
3476728
3144257
2991643
1183685
2735271
4755057
9132897
5541422
5909763
8970091
7805515
7343443
486664
177293
7100800
2712556
4012304
4391779
5247674
9775812
9945947
4681639
2678649
7075721
4606804
533076
8190465
6921951
403148
9314016
9976402
5419561
3461626
992489
1428467
2160462
791860
3781399
4109396
9662345
8584100
485464
1968442
4048743
8465021
8368460
1528697
6306912
2412241
9131869
3755507
4156574
5970235
7118546
9222835
894915
5376569
9195835
1269975
640738
9073758
283680
1962398
6140047
3665146
3467953
7667764
4701035
3317312
5470671
6772966
7690411
355272
2169301
7547261
8237650
2779998
8581442
7731064
1189132
5348076
6391643
6137346
7239258
6175541
7762482
9753704
4962955
5929962
8298639
5714767
9535264
5758943
9563724
6221891
6171408
426445
5747930
5439344
4026373
6488131
2248210
9448006
1392155
7434160
1924900
5039247
8622585
6116132
4802059
1246660
9380994
3762394
5787705
2691966
5250307
2197505
6156789
2406058
1035205
7602277
8885105
8399072
2751893
1246647
6616223
5256891
1615322
1125770
3103350
1552419
5022586
6279056
8244761
4955927
4963566
5363164
2498762
1007342
3431100
677132
2273418
7945426
6471263
4396924
7771700
3397071
431521
8604881
9175883
2373919
5036278
950992
3163392
6079662
4059624
2890763
1536155
2827487
4773343
4793769
161178
2900320
9776916
3360058
7323390
3918346
4858037
369972
9661572
4202936
1514214
2953251
1485574
9255610
650708
6068276
2764315
5932121
8022785
9591101
5318118
9781027
9532531
1025602
451470
4736429
8027108
4242634
1485466
2286659
3970611
2581398
5451211
5074886
6822226
136921
1448611
9289346
9971429
1458954
1910142
3421653
5076863
3912840
4395398
8427859
6155389
7935482
1151880
3391156
3596013
7254558
2951123
7745718
7172579
9174868
6979503
1462709
3114514
8280711
4013390
4871334
2154567
1945730
1954500
2528953
434864
2775359
1448082
3419471
8430565
1402291
3754546
661585
1547983
4865379
9933170
5122343
9403353
576630
2730680
8818818
851265
9329106
9144183
8863266
1178360
9703870
6372761
6915042
5067031
6047577
2647165
3158411
1963224
9601251
1806779
9658890
9900055
605664
8609010
2585030
1176144
3639955
3224469
5384370
6585982
9421882
3471158
1578740
7420037
2543501
3917557
7231620
6688949
8205000
903194
5039756
1161063
8124420
1427341
190341
3651646
9191496
9448674
1547560
1931922
8492252
8038529
4874825
600033
5386484
506211
1879292
4012737
3455172
2665702
384639
4177786
4570631
4420740
9939389
6172000
7211810
466675
8272724
1285356
4296676
8711379
7964971
6557217
5787173
973605
8320350
7613198
5817541
2575238
6008022
7704606
2550537
3793223
1262345
6330452
3505895
1974208
6616497
437844
3285755
8346047
8452840
1288983
1557295
920571
5292495
7373459
519707
3153502
9618900
6360506
3452320
1013797
7122357
6693059
7745313
381010
229249
5794347
9962445
4713315
6754402
6658918
6664131
4119888
2297218
4157707
3660790
7737863
994306
491207
8273723
1813533
5339779
8773058
149360
443389
9730748
8312732
1102287
4602801
814638
9385730
7060796
3320224
4188385
3063616
3627279
5003713
3615366
513732
6815255
5664748
8967703
8236273
4918285
4786778
9088409
8827043
9262021
3232934
2870574
4083673
7853756
5621270
87312
9693370
8269281
3129021
2384725
8801310
5452973
9088877
2371850
6271892
9234342
5665079
4602791
5973876
5307724
1888607
3549605
1918106
9665494
7060366
401416
3603264
5214595
8713755
2769804
3946132
7186782
8314940
9104341
9408558
3459324
9190629
8204715
3279142
6650141
9438733
3229758
2438907
4035267
8923619
285112
545957
4330160
3949117
6898700
4283830
7364791
6108454
8705393
5221086
6933944
7064746
4588066
8678194
7226410
8046488
4458528
1648612
6591682
3873663
8239187
1482042
2185559
647452
6716335
3824953
1772499
7673370
5585410
5791616
2829595
9648366
7419975
8066249
6704778
626066
2043940
4364561
6012120
8613181
5065204
81720
8604548
1735412
1860730
4519023
4245665
1333305
6205414
7372117
2990751
9127647
1891461
5227879
3593276
6362670
1148266
1219564
6946965
9043171
6395629
1984120
1710899
5149192
6487925
520894
3325970
6292331
1277217
1498641
8663705
2791493
6705327
371369
5584256
5732693
5700650
4523362
6359972
5882665
4331951
2943562
6681301
8401631
4140594
6371565
8498620
4286377
3883492
8385788
7584594
1501643
4478132
458062
3328677
4866531
4574999
5280812
4711207
5670071
9506013
5942026
6883213
7113395
480873
148759
3873312
116523
1446751
1555514
6940103
2309666
2553287
8330610
2513828
3700157
8768769
6315066
9848980
7911743
4480451
2109025
1660688
7466210
3483947
6552826
8898249
3888188
8977142
6168152
928700
9746385
5449980
7566214
360309
9822674
3249390
4339222
492859
9623189
1426629
6818052
6051733
556103
9120025
1904248
1168252
3170490
6909919
4355729
323138
4035728
4615321
8853172
4225805
9428342
4563574
3167865
7950072
7774530
569187
261653
7045969
2897770
8170743
9569934
5548554
9670415
5626810
2082281
5115054
3040743
9964287
5962614
4279584
4782913
6496104
7176400
9664981
5524790
4927195
2318413
1418405
7985605
5934578
7300157
2188263
7963317
5751145
2827902
8396825
130064
201006
1883176
6960968
1121338
7496548
3434190
4544984
5134382
7733580
9730086
4774229
5350661
9815940
3089098
3929810
5252016
1972045
6866903
3571175
9240938
3824417
2723047
7089425
4672420
8629983
8160662
1528344
774821
889542
1518295
7465124
214065
7803475
9331248
1735433
2104701
4762546
5668030
7524105
6795372
1256483
4016594
687096
4539647
9500578
5062283
9385800
4728519
1507638
4838879
2914710
4114167
5257632
5882170
2512416
9090262
3388884
3578034
8109993
2835048
8973717
7916698
6026377
6801206
8253429
9626403
9307917
2092025
3491653
809968
2323999
6955096
5464532
6347780
4595596
7656194
7924771
1608202
1388946
5731959
8684769
9401409
2179271
1086313
8802769
7864217
629468
8753355
9974350
4657276
1224474
34043
8181263
9678067
2027044
1946049
6988078
2000856
1276186
5044855
6733180
4325085
4271121
6405956
1371133
1729247
9773124
8469765
4045280
1012516
9673112
7675183
6094171
5090731
2893431
5066278
8211990
3571630
8660069
9170764
5645230
3099166
4046253
8338976
8100925
4905522
9387991
8314403
7692206
79388
948016
7864424
9400568
9403791
2030038
2466781
5714940
4064289
2895444
5609199
1590595
2631073
1452004
9310134
516642
9237559
2741809
2784970
6814552
8104584
9592395
9823999
1013392
6863552
6809307
6911119
327638
2489782
9078867
7220541
6049626
3410279
9215957
3607232
9581315
6056695
7707021
1059940
6876431
5157969
6753015
8885324
2241390
1818942
19527
232732
3169416
7925332
161502
9961094
355258
7499718
782543
4126648
8177520
8727292
1019564
8853837
8591880
6994672
7292110
9731467
3771455
2755178
613786
8366974
589265
9573734
8637744
3935573
4579550
8465902
4551993
9963449
2592929
7301345
8249490
5108133
9073537
7386305
6868022
2952831
6876073
5831982
994305
7965352
4804946
4513431
5709519
6626457
5312709
7409520
2235257
7165055
7900242
6629806
6047358
4633476
1506800
8553549
2687034
8424598
1727431
7495198
9831100
4554113
8361964
7996509
9687078
5872445
58593
677098
3251945
5156164
5600979
2220916
2502582
1023581
3118929
7339417
3012370
6663943
3787761
978911
3635735
2097276
6525331
4289752
5793396
2882838
6227988
7437364
3735960
4052069
169603
553775
7741788
4327019
658043
6393752
3810111
5620559
1451924
7259175
8639268
5751726
2460175
2491174
4559426
7801143
6706056
8030175
6175626
2049701
2099575
5747841
9361351
3357217
8089768
9642804
9958196
414787
1037651
6008944
3522234
6701499
6848370
3504191
3256836
2281752
8263902
7289290
3867957
3642323
4326374
2172960
2507331
8938737
5955114
6715028
2673297
8718037
3873488
7807329
2345671
3676159
8343183
2964767
3124565
5654234
9726257
3487944
1711396
592992
3910394
3849160
7911047
892660
115858
9113691
9799025
5237748
2392011
3483224
4210802
570918
3429498
7478795
186908
4481158
3313730
3205915
3912809
3299289
2076844
9016180
8634201
3532311
8948551
4713237
6159493
6687796
1383945
2145515
6040593
8168252
9184271
212087
4519484
7797044
3676233
7380099
1694963
9939525
8787316
6235832
1907097
8011432
7062646
9585945
6470006
9065632
277873
6478734
4962573
6199670
5981787
5153344
5074299
2417253
1608249
6168129
8211904
9049285
3732224
7777371
2639761
7299368
4854751
505287
5422545
3460446
2440575
7554818
3325564
7191999
8764330
8880507
6084418
3425543
4413649
2227788
8827719
9329687
3580002
9599355
637806
3706900
7664071
7864305
8688612
3652280
3543800
1347256
6246065
383482
3993356
2767920
1587177
9963367
8553180
6276876
9758538
7056597
5795612
6086862
1353875
500858
2143571
5563691
196014
6645834
7313388
7288049
8791398
6791187
617797
6765789
7679648
3743903
4993979
8291507
7005346
7902594
1570689
4996976
9533508
9680556
8923672
7190080
4137482
2387833
9387086
9790765
6012533
1493624
16269
3877399
8853961
5619514
3107116
5207976
2460151
7880305
6394362
2833611
2561948
1730795
5456863
5913460
9495561
6718286
4060312
7411608
4948548
3454400
9609335
6956374
3822725
4314615
5650850
4849126
121177
3373271
9333693
9443597
5836229
5375170
4798228
6958487
6078283
7306138
6174036
3328372
1249675
7884120
976565
8615901
8230908
3644019
525318
898846
2510158
1527395
263406
2457382
7847423
3422954
6378185
6308957
3715270
2814292
5887528
6551865
7737725
3437447
3118676
2852326
3431027
4782866
8472363
7583597
4494645
9467052
3587424
1095752
7148513
6567223
85370
1611254
9735153
2077731
560112
174090
5072822
9205919
8714041
7227481
6649321
384289
7421656
3487526
2587918
6934868
5193250
5103744
7504014
9355320
9580122
3316894
7868994
8625134
5996243
6091259
4687440
1532863
8125942
7226711
977770
389381
3318996
8315608
1622818
6959754
4909613
6136217
9382275
1802584
242917
4790972
5873192
8234970
4142711
4561728
7020710
7303610
9641001
5035633
4277211
8283878
3580393
3922669
9052347
7390028
9212409
955620
5462359
2193923
8408296
9606635
503224
5565926
6526188
7327335
5784290
1474311
9279912
3210866
7423953
9098626
5082539
7539009
7424634
1519528
9955852
8869530
9055434
8429828
3965958
7466878
4587544
4119001
4429571
5951889
728066
6765861
8524692
5350445
3595724
8445046
680766
6628198
2646483
5425251
969016
2513177
4022232
756297
8581613
9573892
9926956
6542016
4704647
6598165
2774945
4449615
3729430
5002467
3895576
6011731
4213352
8864909
6806523
9980173
5536090
2966281
1880693
3131714
1713339
5967141
6524255
540119
3944903
8462494
7581178
1065315
85716
8742826
9158710
755090
3516118
5538453
5206665
7039847
4877765
6404884
7166666
11606
5027376
9855029
983116
3555723
8001716
6750501
4354645
7403721
4633946
7710068
7219448
9778415
2055640
1374366
7147585
1360025
3124970
2976603
1942674
5671190
742891
3988612
9639399
6795787
5251432
5891284
9248426
6858112
8434049
1176585
9446059
745152
711441
5078429
2057277
5265630
8743175
3718014
3604708
3635204
6254662
2198187
9123586
6979052
6729219
21299
1684721
3748442
8650751
5264613
5295786
5431
434733
2807672
9833478
5683047
8085282
3238387
8701642
193974
1777178
522889
1150581
3093039
4937591
5936128
7813112
1588415
9092869
1554285
6287807
9377400
919375
6455318
1520291
4952695
9532888
9703915
1945080
3182517
6730548
6269264
607034
5976744
5637866
2026925
9656745
1591972
9950829
3734797
9670192
6908593
8929754
7348793
1367074
8416565
7266204
8262027
1288540
8103852
130642
8997084
192404
5220883
2476370
3422678
2733616
9370069
6134427
289786
8227475
1701431
7089456
1404746
2578629
9915194
3691042
3481872
2357152
1245302
3266747
4688369
9671856
5922599
2737931
2261051
706175
9437815
4449091
693714
875136
3576859
8019518
1225438
7905167
8321948
6093745
8760229
9322618
5851165
6465216
2592072
7532397
4276288
9074818
115848
6520631
6701266
1782023
1145772
3041929
6954390
2202987
550712
3851255
999009
6515092
9930586
6217608
1231986
7202899
5335170
8227323
1565355
2818880
1848303
1977693
9300741
7241410
806419
1064890
9093963
1373531
2037406
2210561
3859135
3718704
3282749
994676
3055293
5444981
5992440
9793138
8522297
8310114
9744361
2275965
999379
7200631
2527378
3710479
1929751
4772933
5718408
7222169
9310877
8470737
1769250
338294
9775688
6491157
1807535
9575102
6787414
9186750
812056
4835316
6028225
517436
5767671
2739339
1494074
1092234
2365282
821299
3643212
7083216
98747
8705140
2054356
6793904
4598387
1731722
9341512
223626
4247532
4280016
6829498
713051
9078410
1264612
8381280
1714747
4305946
639901
9257850
3960863
4583119
7127836
9461058
5464059
4422677
4705833
9496561
5912240
500584
6776990
193859
9909003
5577036
8413812
582699
6945280
2209609
7662718
4400257
5712312
6683620
7251086
9967697
9353330
3698346
9166770
5844968
9588156
681518
8172377
4326703
2376654
4599971
1311543
5117875
2400404
269714
4871364
6024476
7621905
7433357
7232297
3005498
5304890
3196640
8953229
4826047
7619195
6815516
6552081
1435716
5794792
3275770
753234
1606020
6555632
4793101
8310914
2331764
8798583
6725218
2071362
7875447
4923998
6296907
8703226
5371541
9771895
240320
2260742
6499838
2172268
7482477
6510978
1422748
2029367
6546968
6491881
2300250
9062101
6694403
7304570
132171
3181648
5174790
8759274
2138671
4530995
6711233
9200485
9973989
6930069
8105356
771296
2096078
6640994
6200486
6349823
2640756
8348958
8238812
4955191
751707
2653101
1055379
6105614
8342309
2216889
3460834
1455205
2474936
5407119
2482343
4588844
3008347
3407102
5707656
2539594
5730612
6547784
567850
11538
8740911
5385975
8765769
5182479
6551150
1048893
7593640
3015752
1811948
6072774
949009
5695516
2519918
138491
6039472
3819532
5544165
3342326
1470635
3161127
1996943
8640863
4566677
6232180
6940884
279480
5526200
3857679
4834439
2506746
4063449
2506903
2128616
2073321
111212
1429376
2464305
9708174
4544402
4330923
3795356
1828765
4650036
1260051
4715026
519572
9030311
8144962
8589829
3732017
4449976
3302335
7811074
8081811
9927765
9126664
2535548
5095860
757197
2492885
1621835
1925308
7165283
8907086
2470822
3826649
1555744
3640837
8255837
9493380
8674576
1355773
8426328
1829544
259923
715291
9510368
6423432
2526713
5213223
2728393
6851814
5768068
7770605
8712716
7301767
3641401
5578359
6067009
8454623
7943532
7577573
4735215
5818800
2139038
6996293
3577019
5041683
8426670
8769090
8945385
2410989
3278632
8287784
2501379
5277563
5214634
4956454
3115184
2151872
5401086
3399049
5485070
1958826
1134282
7817195
8831303
9346566
3130062
9286837
423496
5555251
772800
4186386
4223922
5644014
6132465
3865493
9294896
8846079
3132104
8569541
7914268
2664857
119376
4395560
7405141
6655692
7932522
7300575
6370157
6356277
742573
8930125
2155941
9065328
9160058
8307137
5020215
5384697
8397902
7495156
1325911
2170669
933075
7929551
5258080
3483071
1212242
3609587
6543550
9318827
6038250
3180662
1723406
6231356
2286133
6646000
2154104
1598564
578254
8065893
4958243
1379080
4310480
4417912
3688769
63631
2043150
255438
6504355
1369349
4653379
4800900
5963831
2388013
9913339
6408079
5132002
5914426
7740351
5232621
4550333
3434996
3582499
1159768
9985115
8033349
1622100
2054905
6080476
3804765
3809798
4077517
4641039
9741329
7565243
2761994
7250040
7841725
477990
1547445
421957
766855
3456473
5075856
3796460
4940770
5058800
8327110
6111883
9105630
5971764
9253448
6934959
1154596
8903385
8782754
8499142
1548878
7988684
8585495
6769119
900725
2195027
1939507
6146435
9608103
9911366
2574404
8374198
4280321
3646535
7656191
7333404
3684118
8639748
2140162
8238355
4839657
9787350
755583
3534223
3596806
1971741
2687343
2808156
3124199
3843858
5393758
4429834
9340679
687149
7364727
231192
4862671
7557615
3468514
1973997
5237793
8814086
3663193
6649530
9321012
7773282
5195132
7714696
7912113
8327699
4292255
107000
7701457
301970
3710786
6756006
6459160
6897619
5926590
6748077
210080
62610
7537681
6335499
2336224
2718819
9221166
2594683
2015719
3036432
9038995
2131698
2028739
9748041
3565606
8446411
6968218
9012469
2768795
8065838
9321371
4388738
7388082
2242499
7158196
4386035
3615385
3455947
3314530
186117
5022501
6042368
9835300
7229113
9561675
2786692
615456
6749413
6725763
6662109
544615
4582934
9111381
5910857
3885823
1585460
3048484
3395450
4234142
4439653
3449127
5705122
8741788
4649257
9701896
9435870
1536330
1886852
8738493
5188974
7264485
5896926
1645476
2584031
4385368
3041971
1985613
488038
6522959
3943300
7846412
9350451
1482238
7949712
318383
5149427
9380329
3783678
6312676
4234910
8875604
1591277
1395252
6891573
5671548
9720454
5865530
6063784
9269158
6245695
9608583
4328673
2800452
1228957
4139677
8382580
9626906
3310708
1751563
3499288
6880558
3245071
6608161
5644760
9667042
8330639
2974032
8201730
6706677
7737921
7175108
8718562
8260613
7989998
8189228
6142261
9528722
3516500
6054563
9378454
7132756
1206326
3500041
5177423
1498186
8145780
4309038
9992767
1224297
9811723
5805689
3691975
9318030
394044
9189315
9133854
4995922
3005743
7253681
8244137
2185691
3221035
3363564
217870
8220979
6812260
1929070
6095489
462522
556297
1576671
1258223
1375691
3757155
1782785
5608830
5166515
8819612
3735
5164324
4748940
3077423
3335473
6923926
4212999
8378397
2622009
1251342
4388056
9815109
214183
1460137
42544
8800900
6606533
1631565
6450394
4195802
7722038
311187
5232247
9574536
1502610
5748328
8073324
3760978
8897219
448979
6399172
7620034
9601532
6390275
7747550
3878330
6494536
7584822
3045187
613528
9798454
6616993
1982589
755890
3040459
3249270
7685127
3040104
7253603
5126323
3753416
2910026
958564
6104112
8538214
6492010
9522980
9494295
7362375
2654685
4478802
6091339
7868053
1737421
6107512
6071874
7447934
3279430
2633282
8202258
7833368
119337
1988855
1939975
5631153
5171652
1608515
7827323
8374138
3449429
3068340
6940882
77215
9835452
7113717
8522431
5709819
6816599
8529304
9258082
8993272
9232452
7048126
1054222
586086
8786992
5754961
7957145
3363271
5817817
8404622
6350214
8033760
9918046
4921479
3565799
3263963
6890773
4593714
4555718
8324590
856651
2822200
6420286
3368271
2522970
8220874
6637291
8267723
7118524
5882934
9974525
6605326
4426464
5616656
8694668
7456631
6496910
6459411
4350047
9787282
4447267
7425910
1313770
5853076
5932143
4003269
4615014
7438220
4240301
5363950
605304
2176147
4247786
394565
6116048
4048972
7426998
8307323
2846307
93284
9381118
4578396
8794924
6683436
5281813
3808272
4340237
5582890
452743
3976593
7397516
5861920
4691878
9294002
545900
8087280
8807654
122330
6284704
3851581
8927086
3622406
3333997
8953631
6239002
6759769
9736589
3162320
3129449
2027789
4155292
6829699
6371565
5082555
8805718
719733
4642194
489485
7964457
3714660
7693999
3506974
928830
4610991
1465677
5901355
21944
6481439
3664537
2964164
4321272
491809
5271839
1734090
769900
2368144
6838583
6055974
8665857
3866494
8941636
7582558
9754708
7245766
3455695
3390525
4888065
6619756
7839643
4716624
7164563
4470757
6611829
7245805
626507
4154711
3664321
2289932
8148567
3297831
9569327
7961411
4436841
1869978
5631681
9976325
2460154
900698
9656397
4759313
1171315
895439
1489615
354810
3003781
8207969
7318401
753644
8102368
8947624
1848430
5501215
1929123
6572310
5016886
8686376
4401852
9930420
7742415
7982207
9492238
7874096
3392095
8696800
3293574
3960413
364535
7165821
1462891
4422236
4221335
3606479
5392736
7502557
6227783
4522998
7936604
8860131
9899264
3529482
5727633
384650
5770328
3077336
6876887
531911
3116024
7840701
486428
6769400
8855977
7891520
5605606
7259723
7892763
1014394
8067918
1429360
9089083
2009074
2683023
3059048
4012362
6696237
1591367
3664503
9562768
1841927
2137015
3147461
8254127
7746389
4253924
6105490
9869193
8739542
4992830
1718894
3474586
4168476
8358903
6899227
8397814
7480865
150686
5611411
8472902
196424
8208737
9710311
1109615
752796
6785755
6096257
1998260
502687
7169170
4485022
685001
8320795
600837
7634786
8853510
3439077
9023491
5056498
7404918
8907160
4511471
8594806
3292994
178343
3825173
4266534
8682958
5893320
7758459
3574667
7262178
5512377
4777284
121449
4883076
4401002
2169231
8039791
3098799
8624710
968981
165942
3173280
1974412
7578038
9295938
8490112
4108038
6542449
4300485
4122238
1387595
7181029
8261905
8711694
5463032
8431823
4479181
4380405
4482054
698705
9241325
9428263
9605560
5292386
9858690
3617371
401898
3353816
3123756
564962
7737110
6236806
7310065
85210
5742472
2592333
7102224
907397
2083696
6066693
2666800
3468231
633578
2186551
6747888
6393754
3285544
3673286
357872
2770464
4125312
6009875
6703347
5916053
4441554
53974
4107485
492439
7384775
9951718
1968630
5926042
4616730
1008670
3019909
7766362
3497721
2740599
432115
1970904
2448962
5994208
3607133
1567294
9368837
5475378
73471
368959
4902407
2147867
3363462
1315101
8920447
2349339
654011
6450999
8676822
2119217
930574
5049212
8864167
2087856
545808
9506230
3984821
938111
5814818
4988231
8903445
4829909
7521016
3649289
8660488
6021605
7440109
8143887
7500605
3432175
9846763
8815341
2522638
4544869
5528231
5493152
3971204
8829291
1761239
6287224
1420120
8988966
2630904
8154055
2438395
3150659
8643955
2316652
7324778
4605142
2206274
9846239
5956513
1651996
8463154
5759538
3098180
6078998
6125860
7835597
7026344
8856131
8823953
1329860
5646263
5678212
9927895
688180
4088245
899890
8611779
2079260
9650046
7100486
5508712
5089057
4392306
8418941
7608177
6504202
1733323
5680500
249863
4935374
8598303
9301398
4726560
9818088
1931539
5458303
510849
8563444
9598390
2285566
4283352
4833631
6832050
4873460
689059
3981688
5577354
448995
7442704
6928543
9993512
6058452
5816154
5910560
3528754
6178500
5580795
8527918
8569461
1305318
1040239
8519296
2249898
2559254
7493321
7359147
5532042
5033586
7499888
7583738
8332453
8273856
4555172
6242868
9637235
3018552
6206519
4762580
1970853
2117135
3637722
8628764
7505747
2489484
4839524
9844781
4166109
8095469
7884238
646552
285664
8278882
1042272
4781889
5552151
6110063
4768228
9184170
5209990
9549435
6980240
7748476
4448506
1770379
7321190
7153328
2224187
3313131
9456308
5719674
7076186
8196995
1969861
2584330
5534672
6107137
9833519
3707713
5763076
501173
2831256
7556511
7229735
7495247
4420921
349329
6301592
5052054
2079115
2598198
2567644
8234578
2475064
8097951
6665602
6047295
3310890
1052833
4748402
6170968
1898774
3388298
4635630
1731727
8328821
829220
937548
5687222
4746571
6115917
5643688
9322837
4037599
4861871
5925582
5966757
5640700
6099031
7300463
3143000
2064035
7112914
9365774
3601895
3414790
6258100
8114374
6956041
6958539
8539178
905442
9403474
5974726
130502
5058704
9739664
1537763
502802
8434613
7002394
852537
4927521
3370930
1333080
7946518
1489724
6216912
5530257
7911283
9381072
5386493
2662135
1568498
9715437
7663692
9782308
3884154
3742453
6559373
9327931
6437679
775542
4069647
1150366
7050357
604766
8783077
9659545
8684782
8492315
9165757
5876399
410099
1476313
560560
6183308
6237862
9258808
3303494
1313302
1557507
1812391
6197908
3432774
2906008
733341
2713940
6809826
4782102
813487
553285
3185313
3982315
3642896
9574152
7271734
4076760
8384821
9855533
714121
3102795
40919
3962848
9115787
9403903
7508580
8703349
2844740
1053340
9388492
8930442
3544272
8861950
4985421
4753432
7546303
8719675
1666644
6915806
7596821
7252404
6781027
4168566
4579662
2266847
132576
9121397
3902140
5016013
8598384
1555333
3113754
4931599
3126400
6790706
7297499
4900659
8065390
4665645
2498116
6929468
5149835
4610613
503083
4322771
7769530
9375197
3256867
2792631
8303124
7282888
6819353
4020121
7421290
9963708
5490542
8695349
1559013
9221868
7958634
7442823
5072637
4573908
9503930
2831403
5219394
6512419
8832777
7480360
1481632
5133080
4315836
6442824
3644459
9546851
5619687
4182919
1541012
5486762
5541199
7334368
6767516
5216916
2418818
3288070
4683339
171747
2560142
6356127
9786755
186382
9320068
9484937
6291983
4500807
9884296
6519643
6551048
7017901
8713427
1071669
2042378
9022359
3054489
2333798
9672711
2447697
4076750
2288453
4467600
6437564
9398344
8231663
2304702
3116181
880008
3800986
7846879
3486117
3865535
8153231
9361639
4527188
893115
6489530
1079142
3418402
8634917
6940294
8253381
5046615
8738021
5482492
8317681
8412819
4103834
863318
4454273
5531489
5500545
9799936
6459936
5461853
7538937
6700728
6238440
7723808
8429137
6465487
9422462
35719
907845
5915005
5659361
1125816
2210645
6637051
8035910
7119397
4381174
4285711
4428643
3604343
6949645
3761308
2778455
7833151
611043
6168061
6896893
1801385
4284231
7287907
5958121
3236039
4216289
4247905
2979158
709861
1030990
4896252
2532111
1472707
8558085
7235909
7433596
4195311
7648953
1673561
6185066
2303312
850759
4186928
5465969
1389524
9637486
1555052
9590682
8853024
5831785
364101
5709814
6859330
6275790
1699226
3949901
3754710
5311648
9182677
5360397
833192
9117126
1469528
4414275
3146349
3114350
3117290
9439779
8400424
7982487
7102035
6891353
3436175
3123361
8220308
9916071
798939
4683347
2161857
3476361
3430190
9193366
1607066
26237
6747994
680439
8479319
1298897
8238713
725074
640224
6100706
2535060
2129191
1367705
8870867
4484068
5864841
7702891
4957200
9737141
6818751
6070828
351141
5599436
2226430
7936992
317854
3023093
5894628
7201025
1605287
1896904
4864249
3616645
5310493
8452365
3250428
750734
5236358
104675
8119838
8038550
6145166
2072032
3704834
673580
7182439
1288670
181857
9988124
2569309
2347698
1824270
6735272
9223437
9859534
7646626
4823462
5690031
3375011
7715868
1849371
4739836
7499606
4013224
2600428
733620
4754974
4124329
1387218
2118274
7440188
4731240
4176030
1459427
3013444
6941872
7130067
6899354
5895347
6679739
725376
2944969
3718901
3376353
6739512
1450356
6942784
5969382
5700103
8559611
371962
7021600
2441854
4203477
7611642
5467079
5565957
5676942
2513079
7062980
7665558
2329448
908301
4059320
6797835
7936787
963735
2415473
7628510
5269480
1891374
129459
129246
5976828
7325325
9225106
8177689
699095
7151556
9714802
45976
5355402
7757120
1275326
1191149
2983505
1396353
8766935
1531921
6426874
7610817
3399223
3023729
4042101
6123272
3147797
9635988
3852657
3881350
280147
6217224
4574197
8887314
4729097
9777118
5363203
1374065
7023001
5550693
7936972
940616
7421588
9759000
4979478
3159913
2437398
1816520
8858589
3811820
537999
2481446
4553499
2963487
6642852
4447082
6916657
8863749
5609094
5551877
1851682
9622356
411878
2393849
579171
5110125
1154675
1087051
5418937
5113386
9133065
8462835
549910
5302656
1652997
837244
3713764
3193734
4771998
6565776
6124099
4157613
3762634
6990187
3407163
3994925
109274
5296722
8086517
6179125
5077710
3246522
7809161
888106
48623
9691173
9064047
4727960
2005180
6805182
4421584
3913911
7563794
7532523
553730
2461594
1608803
7758156
179919
4522375
7396004
1031592
1867626
3085937
5721183
2845701
9257657
3757674
3559614
9485797
7897048
1552473
7534326
9044209
6276559
6386789
8878270
1819334
7617080
6351706
7456631
6291050
617572
5949301
1583665
8280910
3972085
9442292
4009416
512152
1160806
959746
5824400
6091534
9892886
1408653
6348901
9197207
3174325
4149823
1235409
8189397
9879399
3554796
6304759
4823826
8381355
468586
8709593
4323489
5032788
724111
6471092
5878494
4966313
5954960
2503867
5604412
9578682
3399599
6184222
7836379
359943
8346044
6412211
6185277
112517
9672893
4378178
6575958
3018668
207199
7868076
9025885
5374379
7136670
2469689
3058282
7552546
1856558
9747004
2686288
6889898
437372
2158732
6426093
1088085
2034759
9413915
7316712
8598873
334997
1971997
442744
3695684
7314956
54153
9858880
1140905
9891298
4669740
9592732
58522
9323891
1128153
7840889
821390
821902
3293447
2280595
8381799
6815180
2820057
8847997
404721
5783539
8789296
7748260
7800385
8236733
8317539
834709
1419803
4656185
9876237
7787076
2250356
6470925
8498004
2171680
1687062
1764649
9448394
5634655
7160557
6731560
5132297
7281549
472638
8235216
7543006
3393702
5334062
9976171
6073638
6548877
9444411
1880199
9946243
2805799
2504778
619396
5940832
2015388
3433496
6180642
6732164
4029185
9545124
7710199
4736361
8902777
2931115
5900645
753025
817183
8321317
5988199
1775712
7120515
7834551
4457435
8807053
6980419
7933672
3173188
6091910
9082177
2024132
9244192
2193080
1895921
8221916
8332196
4397984
8549536
7537578
4733742
8373947
7568653
4005696
6271591
5588363
9228578
5148843
3626566
9010154
3945944
6255280
6486552
9708789
9902831
7879852
2083659
2977013
5883232
2425907
605600
1346435
3357909
1033175
6374775
4264311
7143500
9696055
2065086
2494837
6400905
8235978
1877974
9686002
1493956
9539480
7050268
9819170
9650188
3173396
3536954
6200204
4009344
630349
3571660
1280132
4115715
9313252
8026056
9341745
3636455
664471
5384425
6598729
8898122
2224738
8650326
8010136
6273187
3894710
3949722
5526819
5561359
2985272
7105582
2880054
893610
2277532
4643360
9208353
8236937
4254386
8053978
8458751
2078531
1908180
3125538
9370588
2644821
6765093
9913494
9885703
3304573
4871816
6180556
2050520
7584269
3871482
9572835
2771636
2139678
2305943
9714162
3708240
1387544
7390300
7719031
8567843
7239394
5631224
135475
4098592
9523722
4645662
7371525
6266654
930816
5306060
5463614
8092583
8303861
8095274
9437921
1323347
7695376
5044164
3419868
1244268
2106198
5054441
3551450
5063523
5356375
3462748
5867700
4154628
8437335
1283314
1152757
5543620
8303946
5900856
531127
9858469
2360933
7707911
2649477
841610
4557932
8649817
581154
3155714
6384320
9924129
6260584
7561615
5911262
7007934
3128168
4304733
3306440
3346506
9674044
1684768
6827265
8989919
6334531
7727785
79925
8738484
9011163
5291926
5444427
278044
6706453
9607139
4568036
3822341
9717527
4573236
4463117
1780988
1014071
1131773
262421
5030514
2447912
8166891
9948967
7951449
4369501
3237188
5852023
4670863
9806892
2520839
1924886
23436
1791878
8800850
1191243
8471319
9155285
6973600
1906300
3592470
2610930
9835201
4117464
6202721
7521196
5384808
3525518
8869601
5145342
8435537
1301307
1690229
1495732
5451770
8379960
630551
3165059
5025920
7684898
6198029
6637430
892727
1552037
6912821
4803189
2707366
6448294
3143655
5064840
5609010
5424651
4761917
6983111
2729090
54468
2984142
2070991
3867398
5732483
4205385
6532817
2845704
2417363
4193609
9556570
4772964
66539
8224048
1398550
7462903
4129210
4951021
3843223
4633781
6457906
6426092
1041176
5712993
4348454
7923618
831938
849538
6998123
851004
4191542
9574430
8816251
1291708
863546
7407089
9698739
5997358
1817909
6562961
3185756
5658906
2239116
1250887
4358026
1432903
2974956
7635
2859794
2775923
4883264
1790030
8180647
5669926
6700150
1130366
6425167
8633478
698019
5661220
7316923
4246194
1441063
8871483
5633388
4526705
2044244
3216948
3663002
3306099
7293904
6577772
6034035
206915
2356837
8688729
5713382
1129729
5515329
7232566
5360228
9259770
1955768
7369305
1659333
6261431
7943072
9207408
2859432
9492879
998991
5522948
2980961
5100572
9942996
2991067
2855214
1436874
9812933
1948560
1722082
4750307
2684898
9570210
9779386
4535464
8451979
1894199
4868634
1848154
4768819
114754
1410809
3630575
8610561
6070283
6656721
9684588
9748920
3180305
9738969
2029995
4773282
2825425
6915368
5392994
2580944
95993
2025116
2722774
512187
1813158
7553516
5066229
720724
2552600
866395
8490761
5078901
5154358
7312179
8442236
8614929
8733749
6559955
6765339
6106691
4987783
9122765
1243240
9101012
2464163
7773742
3130927
2090849
4148888
6469045
7668231
5485290
1707605
6985066
5237364
4582037
9675658
2076250
5257222
3210971
2508755
1907219
9390988
426753
1595568
1650441
3199216
1034086
8680236
5278874
2305089
3652875
1716998
6028120
6755215
8952663
2865975
3956447
4862369
3070747
9112450
4206143
207532
2103599
2475503
4224470
6619217
2921843
6594548
7996250
1370248
4071766
2652451
168237
2339375
5253529
4142245
4246951
2666336
4055751
9007626
7112061
7398944
660260
7519357
7953859
6456966
497241
5216654
2258475
3320262
9899271
8980223
8279444
7157266
6629334
7881364
5073161
869211
9044273
8375300
8167063
2249717
1258942
666345
7529973
5671393
2994367
4900835
868373
343332
4045020
3668556
600550
6213793
1225452
313232
8271948
2426672
4758980
7750270
2308028
5782525
4639057
3067662
7252130
5810877
4854315
1086014
7329429
8922955
9942358
3479053
9957745
2984362
8143596
7288056
3924754
9746390
9242702
5352983
3108487
3683110
9320601
1734732
9249816
2839703
8578011
9673042
3199824
6397602
3216258
2791931
7707789
9215401
7155136
8656588
358055
8021255
666586
4600266
3030731
3896494
5910308
7660616
3875285
1326629
8742010
6160858
9710876
3947087
1187433
1352975
7153496
9707259
9951755
3138789
1356857
3207287
5347713
4185017
5242233
7844679
956778
5807953
114699
7873262
55307
8315095
8044442
6290723
102844
9371582
9253954
4991776
9501649
4740447
9695028
6702477
3318865
5813358
7651562
6339855
8465260
6981816
6955892
2101276
1186028
3987611
9174353
192683
5458552
9710670
6013005
1224055
4315181
9268489
4688790
6022948
4662456
2874188
2732730
6220779
9776067
5583641
5647999
1691507
3290759
3169691
579972
5492964
1129458
5889118
4934939
1615100
9761573
6936885
3492499
5945632
1841029
1669371
434693
6890756
8353111
5177826
5748292
1799435
3865345
7195548
3848332
6742810
5963994
164693
5623298
510674
4224652
1088599
8241578
3982090
8332028
2388447
2359998
3980527
4375748
2253318
7043229
8168230
8427669
7820228
663344
3334003
2893888
3631921
9143458
1879667
2347596
8656280
1345169
7404597
1059117
8830320
9566415
3859757
5927471
5154086
7434325
5371349
2332503
2013354
1184574
2705015
7402709
5321293
9753337
7098635
4096465
8355788
3648332
1179946
1471019
5130695
3453498
4003137
1764212
270934
8976466
8453513
6757024
2717472
4038911
903255
7247502
5609115
9755370
4352276
442029
448809
3940572
8934659
1602640
8546840
313943
4084485
7004182
4996931
9179514
6244867
1554905
628048
747130
2164080
1136192
8402027
2568021
5109528
1271759
4241735
398219
9126359
1463710
7511821
764055
2260159
8687173
4392119
7091003
1051616
7123805
9230033
7895058
8941566
7476181
3213845
3082256
1077616
4723606
9527312
9629155
8023658
180272
3516915
2153510
345609
4699371
3149217
5224221
8314379
4291827
3574305
3438169
5147030
5124356
2176161
1752775
727925
6901450
6060321
1113057
754715
349146
4936340
6628650
32620
1101186
201108
4903913
1854304
3343325
2046128
3932797
5640973
6146953
5602887
7637241
9583561
5091239
2234021
793984
7924858
2461909
2145860
3892674
5995183
7101179
7788871
2189039
1427514
8206095
6337977
1287738
8770032
9383535
9765259
9299874
8335209
9289979
7616106
8239401
7105476
7987985
7347656
6225444
1066489
3653031
8390304
8059490
7796696
1282729
2160783
3574942
9010117
1409699
8942778
9626108
3744783
7658322
2696718
699942
4659621
8500661
7995208
3771933
651541
4612237
6060704
1961409
9847030
4243171
5353361
5730805
8410274
6876800
8553125
1417580
7654521
3747133
4706838
1903698
9035386
9320089
513737
8365644
9709629
6756852
5229432
671930
4160332
1794213
5835720
8127890
5351904
8556360
5560835
3233067
9541671
1779108
9048507
5457450
4000125
6564885
2352319
553115
6068271
4679630
5128233
3208030
3951677
9789996
3065202
7517171
1361475
9454646
5304958
4222197
521717
6888359
3823591
8666475
5268271
7054427
7651864
141486
2353383
915075
7856114
1253316
5957850
3308800
7694643
9377157
4682605
3119076
925596
5811046
6023715
5842539
5646804
3674974
5362175
4479183
4738147
604168
7552694
8659537
9956967
6932006
7650957
7851471
8444568
8818664
9026925
9861942
2763920
2272042
1775921
524852
649265
7642557
2346096
153493
4651179
363464
5206905
8296165
1141706
2093717
2915676
4950037
6753374
1772514
7442258
6158262
8250721
9016326
262130
4689042
1590117
385636
5211426
9260215
7172652
6859447
8111371
1372691
8754631
7020234
4313627
4587251
2498713
7271308
2115322
4904728
5043551
8347758
994791
4341293
9444750
9204216
6952950
7885610
1378488
1929051
262927
1970825
8423516
7770970
7821559
231186
3874371
4063233
2634530
5474400
7771944
788634
4785963
4928436
3760259
489027
7777596
4098237
2258277
5166674
6311722
7099189
8893797
9500849
8101460
4301126
1003981
3586795
957091
4375198
3818154
8613866
1696191
7785257
7420739
9979108
8392151
9896703
9620319
2394649
4380897
6777045
9623586
2698513
4758519
7836907
374657
4739730
8848243
2033600
1766341
3215342
993008
1564384
8584190
7147179
4838757
4111442
2280014
4151699
1404888
4434016
5994049
6357818
6234172
1625668
8558135
2092093
2785876
7779871
6160657
9977031
1353482
7962963
954112
361951
4122674
4550438
4060639
7722455
4543469
3318709
2593037
5940808
6397707
7868450
4966359
475373
5546610
3522963
6374378
2316470
5288220
1533599
2597714
3447800
2071520
1225400
5646492
4325745
1832420
1115039
1904930
9929975
453304
2307013
465870
6361599
194286
8200707
1719007
4158176
6744630
9782084
3420922
885134
554464
6047865
2157463
2961787
1264791
5189059
4442244
2750628
7110715
7344040
4099413
6132700
3358235
9404270
4454589
2283198
5300979
7120588
2011909
2075234
6867874
1823143
5245734
9577701
5219108
4532108
2376813
6930452
1430613
8958001
4617294
5527261
5277837
3517414
7358292
5313854
8981098
2587446
6735651
8891384
2134942
6186498
1007075
8956644
1786210
4525009
9739669
5216788
526796
3069768
3212902
2240873
3269102
5827356
9314048
6214921
9951605
3858590
5835333
8576112
938912
3460372
5591165
2875529
8522548
8688444
507676
5638206
470071
8318771
5304155
764557
8339524
8530884
1476898
9829927
7567613
3553727
6051747
4349444
4944084
2206369
6008400
3033893
4705989
7941681
8260106
8198304
8093727
4246515
4786108
4588111
9487411
6551811
4438301
9853268
4115150
569149
5135827
7166187
4736405
887007
818877
7294080
146115
6484933
9534493
8926700
8573730
2276950
6546044
4993762
9166009
7287860
2112352
7675148
6109498
6123791
3487861
8335577
7761762
9960512
3823024
9436715
5899478
4869646
6372643
347250
9777923
1689061
2344005
2034799
371436
4264160
408648
7848189
2636708
6047540
4249353
5942956
3323827
7299161
730202
1553233
7283665
1014126
9621812
3733816
2371216
4242494
7864064
521471
7388019
9456751
2404577
6662885
2282976
6049343
1747395
8001459
4976941
3377117
2086670
6614281
952472
3650834
2209497
6236645
985115
3877873
9806084
4985299
4136008
8531475
8911450
4339539
4486858
2593000
7716332
9341735
9616823
5997647
2605403
4073470
7170243
1523462
8378131
9924233
4439173
9561484
6948108
4405084
5639213
5138765
5944910
5939792
7657437
8507290
1945732
2907504
7526685
3238769
1831982
8271361
4830108
2411347
7372729
1786277
8876551
3834966
2226719
2433800
4695266
397091
2707867
3578199
3500878
6612544
2169995
7982550
6500549
1717351
7745533
6856094
4540313
510015
4643479
678386
4666834
6533698
5643125
6150245
1665963
1355078
2740904
9268262
6337982
3882353
8466471
1333036
2059733
266896
5875634
109887
2279307
2202127
8923751
2716823
635204
7999845
4898169
5679256
9859342
5981198
2847231
8822950
2262104
7421459
7046414
8227013
8078552
4578629
3062856
3460771
3526500
5340953
4445875
3641042
3845955
7663943
3246833
2234622
7389792
8724650
3623017
7016746
9705081
3139133
1339019
5783318
2008128
688946
199977
2314475
6364529
23743
8216090
7399132
2770490
1136023
4319457
3249916
4217474
8756450
6465372
9550445
6419931
5759053
3633544
8333552
1145602
6059800
5980636
7992711
4171259
1868961
442006
5974306
3045320
72166
9400527
9526016
9385716
3263931
1098796
9330042
7603032
3724229
508706
9535239
6062469
868047
7991149
3516379
3908065
7836179
7537872
3820765
1769164
2184038
7991563
3234145
4616371
1436717
5223434
8677080
5702333
866901
2682829
7614651
6259887
449636
8816183
2506141
6911792
9128663
311005
4341
986369
7920001
2529054
2899465
461696
9408245
8012616
1432632
2627683
2034047
8765201
9803653
4685485
5824540
3019693
4115633
5424897
9566952
6937828
634224
2204609
3935553
3518267
1264772
5500453
8658627
7794002
5885106
1929176
7721614
6052858
7473911
495870
3316869
2807666
3298606
230865
9240863
8821038
9033339
951052
7280453
50755
4748110
1124705
7799006
5640840
197758
2840383
4692182
2042862
3708354
402968
789861
7444082
8610686
9164716
7100066
8281652
5864453
8651580
8130143
5444910
5715581
9079993
5672115
81974
9859987
5683778
9647577
1626820
5094583
5624696
723000
4977398
7344027
2952380
4162556
6556982
6917272
4886662
6599253
2146411
7471113
2986033
8417214
7201596
5689435
1751273
9062662
2094468
4832386
2253742
660354
5175176
3791070
9285223
4536396
5435025
771500
4349499
6733806
2453443
1779149
8170403
6477114
4375336
3244359
4964280
3375410
9630027
4807266
1788774
7142814
6336072
7535193
4301841
562243
7409151
9326669
9390950
7037459
9456308
8568847
6038156
8940553
5279211
7491340
4542148
1264605
1443564
916060
6631894
7327522
7679440
2537323
7193928
4860308
1537600
8455780
7509470
3961941
9715077
7550027
9025724
5318900
3634387
7625481
7930752
878873
1216001
2686161
4676476
9646749
3569540
1837352
7233667
4462234
5978966
8749940
2469939
4339935
4141419
7357477
9170122
244779
4536681
7388617
46020
4911118
658968
8094552
9884810
3370645
6525973
5780768
1145418
8538947
7500363
6262430
6608751
9729192
2993630
7249595
9889982
2341458
841784
3700651
2668172
7878966
3495413
5742666
8326808
1976521
2365309
6110361
6532917
8116268
3096928
1214090
2588712
4180347
81532
450702
9270530
5727968
7681194
8488390
9665476
5854014
9847854
1931711
6164121
3928025
2380042
5115955
3047224
5711287
6515600
6386373
330863
115884
9736386
9053861
14096
5597625
8239381
9020983
3571155
6832763
774734
3448379
517178
3392096
4507498
1227670
4125347
6805885
5677038
3171702
2097318
9870151
8650044
5422016
7275993
8994359
4478973
7445870
7401952
463272
8360675
729969
7150286
737806
417652
8367128
4569372
6330501
1666199
4664007
4020046
4152706
7468206
526584
853654
4660352
9919582
1331186
8190652
5182015
4759894
3304697
6501495
9392211
7343101
1383251
6401793
3999044
8451254
7691207
7325989
3128256
1331034
6002677
8019667
8217359
5050794
104209
5453174
4277632
6285690
8415337
7333770
7198811
2045799
8783259
2503844
4873278
9046508
8379756
5160776
1125225
4597860
2857830
8204610
8487670
6065764
3923631
1065687
4205924
1825816
8440839
8398170
7887405
2904488
7017321
3476909
4332531
9595787
2886104
1378379
2701690
2287624
3438564
3670902
9667734
9818551
8793826
2671186
2058111
5268772
9448709
399473
239890
7734733
2062317
3550425
2325527
112759
4856473
4581931
8580814
4338043
5890589
7044913
7606443
8103020
1192377
6096481
4461374
1853262
7795691
6373170
6552976
118554
4977815
5295741
7007672
9194859
9883400
3870055
9675929
1417993
1656425
6742250
5202895
6217353
7384848
6722155
8246844
7551753
6702474
6248553
7949618
7264931
6456995
6725495
4222958
8064102
6611044
786331
9431124
5918811
2109270
141276
8390856
5738193
2343414
9833387
7311349
5215217
5528635
5379703
3104548
1184634
8237806
6102827
1040575
4823754
9617142
9014169
8714212
8306533
8878834
2254184
9953665
9366916
8410071
8181419
2409062
7852068
6049744
5017835
4628397
2378057
2795274
82996
7233073
1291930
9294755
6070255
681026
6948353
2854941
9980964
8996107
7841893
3894991
8827946
7244311
4624292
582188
1035213
6373724
8035493
2343654
5121916
6960625
7244273
3391838
9800516
627854
4123068
2721720
1471700
4310791
4146854
932977
3254456
1492536
9126568
3186304
9507155
4010852
4056974
332495
1325064
1820231
1879691
8528031
4409810
359909
6719002
5933124
4221013
8418262
8921739
5425472
5756903
8775662
8357615
5365062
6233251
2238580
4857838
5963951
2574963
9554846
6588336
1750568
5764699
1255267
4638567
3235610
6913357
7674890
4243824
5812335
7630660
8779223
3542022
5324774
1222354
7601199
9594389
9163835
3350727
8416645
7655051
1493043
4052300
5505922
5856885
6667546
7117130
7248197
4151402
3411374
9103471
9649714
5962644
9012691
7337736
4199942
1145746
7784214
8957098
2363348
5486498
6494033
770247
2058009
9783705
1859598
7250526
2162736
4424773
7123073
5142533
7894133
7061617
2820597
9930622
3287097
6599056
9004001
4764013
2304992
7241285
8811574
6071467
1961637
8141084
9896121
7676823
3208464
7283109
8076325
9472239
815568
1517598
65844
2199765
8295549
1293160
975230
5248048
2134177
151471
3151982
9060142
7620154
2664985
1692138
2157653
2083731
6129229
1262176
9598769
695679
4597230
5902945
6420487
2877660
5112790
4540954
6997315
3068087
2525045
598130
1574550
6554625
5646904
7130702
6845680
3641768
3956433
3559079
5919122
611858
8756428
2611523
4830981
3164361
2205811
6430051
2151288
5419589
4036303
9033860
1532493
4639157
243161
3942941
900169
8296602
5266013
5257464
9987481
8842480
4761676
1099676
4591160
2678063
1028248
2367993
4749336
8878832
4991655
3181404
5813728
826618
8184919
4697954
6192011
242979
3562780
4139810
3088625
8648511
907782
9802213
9479222
7811986
410094
2344010
4445933
4526993
65591
5071416
3392550
1443495
403468
201740
7852699
8123805
1613845
9349309
2917395
3952874
5512078
4052137
2167930
8203441
7964399
3701251
8212764
7317638
5949184
5757061
4316025
7396002
6674597
1088365
7341225
2135300
7445949
5988927
7982856
3778933
5663204
5376941
5200680
9351894
1790789
4833526
7854300
1632828
3015277
6536972
6816359
7180493
1774238
5697302
4145032
9732425
3643270
9682144
2139714
4467034
3007016
7762337
855711
2329281
1157194
5800652
987661
1647891
3484529
4272878
3734331
4186938
9552847
847907
7326008
2644048
7928070
9052887
5545918
8459853
3035596
4832199
7490409
7938212
3169952
3610766
9478655
1172237
2207840
728151
3708559
7548443
1877742
1839492
2483670
7408892
5815611
4067140
9518710
6083949
5285801
7750395
1468579
4828876
3032645
1413914
1502773
7070295
3136888
2974187
563655
6569896
5455994
1490531
769373
64681
4632293
4218277
3180789
6608110
4214195
3617010
6581635
4480283
4867094
4210747
3527667
2690530
9452739
7019639
9869021
1558683
4242666
2472193
2622449
125083
945806
7774370
2520712
2770758
7406079
6676887
8392398
4009361
5354283
2637556
7747980
8533100
787814
8510594
7483266
9149742
5362127
8093393
1785492
945870
3662455
3160073
9066526
6243356
3658228
662571
239323
731453
9865030
727921
1006584
7096689
3551844
2357378
5739595
8631525
7115697
7983344
7481706
5548320
4759467
6752616
6202137
9253119
6932143
2023258
8043572
2779960
9273439
5185271
7759817
466574
4048833
4853564
4600610
7065849
3633914
3694668
3083829
4815767
6350866
5934220
6930822
8864443
4782274
1091492
5606691
4977571
6892392
3367121
5585084
2031511
7810455
5244703
8306070
3422771
5261036
1140600
8634789
6148026
1815719
8383534
6641820
9544247
6486153
6022608
9501270
6055413
9729374
6851616
5489655
6909547
211512
700869
3836381
3673001
7511216
5281078
2574401
3059130
9552425
6629711
4564198
8654311
4299784
2343304
1481021
146042
9461573
2680259
3087203
2145505
5470509
1553255
4455446
5679281
5924481
8052345
9862881
6178481
3321220
7602749
2188786
3856280
8131462
6652147
6932559
756214
4580446
1175860
4777148
2414608
7208226
5148676
3590388
963309
3101864
7916566
775753
9145651
1299873
3702384
8165300
2604757
3002079
9904220
9387939
2394840
2044468
270801
3360747
6068381
2493177
5224379
3190899
2564046
2788300
6195502
552597
1458766
5127319
9525530
6612288
2232823
9344774
4367108
429115
7732037
7256447
9926203
5509998
3324180
913272
9156501
7849015
9034481
3563777
4933475
8368934
6759112
7682411
403446
843851
7353483
8485579
2614378
5212746
5091018
6698113
7230001
6578883
6329806
5177578
9428934
3724224
7238188
81769
9480260
5189139
3529283
8691278
6853069
8481873
2663704
5972371
275146
8881481
5485802
5626915
9718730
3032776
5606910
7166785
2771049
9577511
7998104
3093084
6325071
6380758
9488614
2455226
3535214
2395006
5492767
7514950
2664887
8184625
4111217
5103129
6926801
9064684
2779094
7945298
920268
4537934
7843766
2966812
3228557
4042695
4249926
4217886
7221311
6982469
6673265
1767567
771297
5929707
1679905
5004009
6481629
1458513
9174559
808616
6348975
8610100
6641355
2832101
8424738
9208972
6477908
8723372
8753975
7899977
2842238
4560704
4204038
4275198
318874
4124000
6043600
1398964
8726526
7167967
5435976
6997575
1454209
3851176
5028060
4581400
789368
9419505
9063595
3822825
3948272
1702835
9134579
4153602
9134448
464047
2035163
6627706
9719078
3197973
4493865
7867105
7060323
9825023
1142814
2268616
3414014
8287267
8285174
4155755
9244823
39570
1527716
2646647
2683398
466457
1288136
6468553
3608130
1607261
8408309
6158305
3026284
521426
99051
2571774
4034254
9729783
1667759
6103760
2548502
3628058
1228028
3268997
4066226
6626631
3638155
1116825
4883660
81717
9959746
9283055
2976835
1334619
2817928
8137523
763390
3080146
4100457
2050062
9215124
9979161
7154597
8118605
3142335
586604
1885708
3069098
5833166
304806
4108487
1638853
7658791
8153020
5372067
6691643
9651851
230540
130906
95684
1764944
9761557
1328462
7766401
6311893
5750453
3566255
2921985
4932936
5182607
8885200
4000662
4314742
3669488
8561632
8069162
1908116
6253172
1220216
5244829
4776108
8268031
5107739
7304183
1933892
1905331
7804696
982850
9268566
7586592
181107
2237651
8097234
2359407
8942906
3126863
556647
4270063
893031
781601
3983171
8718693
162241
9148885
3390768
4748493
9527808
1913142
2998445
3437572
2814064
1900120
6382717
211710
419551
6285717
3601984
2985480
4450973
1276408
9166811
3916412
2329221
5877113
3135700
7564314
6448834
2687330
6055669
2475570
720264
2751897
1480721
3695058
1874069
1656384
7325822
7840370
9462342
5810326
4867631
2778715
8877365
3608866
2809602
6480702
8289748
445810
1703122
1399912
6725841
7481534
8481498
1859196
1894815
7264642
7856456
9009661
6902726
2276658
118436
3011819
5366338
1608108
5588370
3167573
8509421
6660169
4304859
2840132
7252963
7422635
3923552
264082
2862732
2870859
684442
9619591
5014146
1403739
8108889
5670845
3501669
388493
4746497
200079
6056810
3311594
1301974
8756128
4714598
1245875
1017516
5749847
460848
7505434
5408168
5364161
44104
8851957
4352980
8418817
5367200
2748388
9189696
4885751
6926649
8210574
7492386
1044965
3903805
8331119
8459201
4202749
7317617
7584716
8256697
830658
116390
9380688
3812150
397561
7541461
6588470
4573498
4934438
676752
5699934
8555322
3897225
5401101
5497443
130502
1412822
8347515
2741743
7413281
2801761
7626292
9981487
7427121
4066372
2307629
9202268
3144021
9474226
432831
1976438
9179545
3963754
2188355
182573
6056685
1810934
1509797
2644931
1060504
3242659
4288574
464535
7166852
3279056
6431575
8961777
520666
1224670
663376
6104839
494429
2999266
5080961
695540
6731519
5281436
1077366
1109700
7869584
4582951
7962780
1302582
1488399
7732423
822484
6591383
4555292
9072601
5899603
7380856
9508325
7308662
8559990
9330660
6803815
3275628
1502650
2743538
4271755
939700
7513358
423455
5165799
4995628
9110444
1346371
4134789
9100109
8744547
2021157
9689669
1047583
2085359
1674340
4603245
5624868
6826220
8386051
6746406
7796744
7364831
6980881
1194986
9805804
5676202
2168394
4495864
9470644
6695886
486329
1617883
8119154
654489
9533558
2571588
1586410
7547239
7082764
5140936
5555040
1259993
8106264
7829948
673135
2163193
2559707
3449995
9313349
70405
4220855
5872140
3858810
5122650
7585251
8469166
2720641
7389154
7725050
2281448
5412252
3180903
2495921
995203
5927614
9865944
3063288
8927415
4492486
8793517
9462828
9321905
7957457
3954733
6052564
8422688
8369330
2930169
7693690
2875569
3190597
3606436
5695031
7928875
266696
2741550
4277118
503533
4071470
9652373
8439430
6725716
7108305
3279077
8866903
5173000
6444536
4801335
8954260
4798245
4472255
2270212
7632166
4168500
9823667
9348882
3901016
5353528
6591746
5818396
2195647
4022274
1299241
9279037
9275402
6984489
7616417
6799155
2785381
2609208
7941012
4176326
5595039
3787418
3937182
5230094
49879
6550313
2651431
948264
1750879
6895628
7115667
3262023
4124565
4532696
991545
1957749
4392330
2234601
1541260
6281374
6683332
3292448
4285337
5760769
2970451
6972651
3553087
6730207
2874395
8861375
9338279
7039554
3052571
3643161
3270858
6114241
7706952
539464
4753193
4629472
4468520
6103657
6091301
1966178
5141928
3412248
4544867
4873622
2471254
1410171
1300170
1765851
7838125
5696435
4448274
9661388
4445571
4916191
9523236
5577583
8020370
4845578
2796772
1359849
9298161
8916732
5021130
3013722
5037441
6351274
3986888
8483687
1839801
6158707
1251486
2708179
1866356
2063873
6842931
4582038
8239613
2913154
4222412
6499413
4836425
2986906
9842117
8407201
7418205
2911341
4247758
7397530
3427543
5422542
3597164
8863608
8318856
6285705
9561663
1983993
6042040
4024275
35234
1026016
7796670
5303017
2000337
4380373
6183813
1263231
8875689
3695035
4663381
8054859
9543485
2976650
3936075
817331
5697616
7810425
9356740
2877566
4363342
5440547
3297896
1278755
431361
8441828
1539982
2354079
4210982
6786417
5030818
4003245
8026235
8977030
6441238
2818424
5176418
3449196
796009
1191375
4507218
6975341
222236
7143298
7058483
9904229
6530640
1916493
444344
6335411
9981319
6932688
4065884
7480523
5192742
1718656
2466841
1071419
8705240
8239031
620323
6471937
5673474
150227
7125966
1300681
4467104
7344574
1401311
5871964
9752736
150806
1717572
1803234
2763039
5342220
37338
2328563
3204630
1365610
6967828
739875
27645
4266772
884214
3141474
8063093
2769206
9360376
9078715
6973013
8580497
3805671
2242515
1892807
2896622
1007941
9297668
6561749
1341311
4433774
9193847
4955265
2365754
6239878
615494
7752641
6627496
6387535
7594352
8476772
4383359
2750234
543923
1034387
1131604
4796902
1422328
4668505
4524588
2288664
4318258
6580974
232205
7980681
3738601
8192946
2845079
4138788
8946621
7099078
1136316
5938545
9710909
6177607
2846376
8704339
5403227
4584552
7666472
5430258
7894318
7328571
3579253
8217106
8453084
2859451
9949450
3852420
481754
5704493
5274616
8370363
8017168
9643234
7872355
8969807
3506028
6542321
7442006
7290514
266239
7869294
5232528
1672773
677149
6190320
9842020
3664449
4573374
8983955
1734377
5309302
74523
4710060
3856838
9559667
934069
3965831
5721033
7275451
426421
2237542
8904323
5965386
9253284
6875553
6426796
7139291
252973
7032066
3548030
5993264
5154870
7851787
6590021
286742
8156573
5480335
1373846
2875836
1460836
955303
1486506
8395466
4881562
2173164
6533382
2771506
2294754
6370135
5214384
4793457
1741192
8831476
391570
2192040
4654387
5792039
9771518
4922344
1021486
8417286
5855918
3928099
5396397
6799465
6266308
4033289
5643288
2642036
4637555
4096528
7895853
7602710
9910465
5550774
638665
7503816
7002078
6082102
5414743
7696505
3749860
8151055
4227981
9397436
5915979
2595599
5540811
1275883
2859901
2861061
5552551
9241048
4872772
7034833
7683381
9941779
861988
1380614
8250597
5446234
2850406
2647419
8058008
9881588
2938628
4592781
9438994
7182406
5498822
2719730
3506868
6667409
8327389
4274756
9811329
9457981
884753
2385874
1010334
3759280
8673938
5694508
4516510
638331
7342661
15460
987339
9399782
4399460
1504518
5746007
9568886
1378218
2162631
4745747
2407567
6960040
9466241
5366677
7881694
5371453
3714076
9116031
5716144
1160827
3384239
8087866
6293404
4155008
5598715
2701551
4770102
6999968
1179826
5239406
2195148
7287791
2811509
365166
4548632
999097
8575205
5941938
2361181
376179
6675192
4128334
3430826
4420148
6838676
1278921
1156753
8845118
8358075
8817720
8321940
3168469
7530010
2414628
8745618
3012486
6415566
5860758
3164080
3666024
8515927
688988
4812636
1718149
1106571
8069223
1426548
6452383
809832
4113923
3394575
3882368
1026016
8465841
6269724
4896858
4720629
1456887
8877513
5056013
4190966
7040378
7212279
909687
3032220
266642
3342299
1462333
3733235
7905857
9283256
9064517
809993
2656602
1120955
527058
9736689
4031488
6971004
8145723
6932271
8366307
7678684
7780892
7632282
4029353
6979956
5738950
7652764
6332983
5220263
5990817
5848436
5012952
5550309
975974
3490120
4197561
8460151
1859365
5550300
4196289
3389709
6010072
1862930
1809904
847617
2343946
6405855
3427901
9633450
5287074
6232129
3446436
3943306
827390
9015342
2269859
3223586
4185731
3164054
1379843
3452332
6127433
1171604
5223185
8724514
5283162
5643205
478015
7793186
383159
2403440
6316892
4201000
291319
7250520
2325567
7089820
238333
6467738
7382250
4721794
1780459
5365794
2068565
4982057
5128957
8506804
8011322
7331299
2637153
1801243
7047531
4792399
9436968
4105107
4277780
2278510
7602863
9712312
7610342
4181691
914892
2923680
9783337
4729055
900603
7327991
9509084
5489363
8019272
2833250
5786070
2814023
563333
2645484
3840134
6060341
8510198
3460220
7616028
7752701
1873288
2697912
6278697
9163682
3032259
9009583
4437030
8904034
9384157
1419896
9927764
9889645
5035781
6010212
1384962
6444013
5600462
9770672
1127759
9797505
4635520
5260787
6603240
4919179
5008455
7257136
4218149
5392696
2422289
3997282
9800894
99071
506208
4325629
1217193
6214303
2850030
5086165
2620786
8830166
6302880
8313363
9031930
6131708
5540403
4289027
8283088
156624
1159751
8423949
9863702
7884052
8188420
5815821
755847
2096062
5054324
6304048
7573687
729608
3833761
7105471
8222389
2403383
5766533
745933
2150417
8447472
467395
961264
5194016
1287112
7741448
8112754
544454
8309538
4048569
4527327
7102764
719624
4163939
1775800
6939148
1639875
3717161
5000831
211005
8175996
9855029
2139140
1473087
6464953
4499559
5872869
8077080
5429337
2977737
8183855
5793357
4841591
3006179
8436221
3375889
2105576
9421220
6704387
8218922
8424231
5678254
1515147
5956866
876264
7095168
6564280
8742082
8524341
1178371
5830522
6015872
7853349
1842334
5454294
6120424
6977307
6986035
1358130
7069382
6955549
9389838
9768822
5058602
723917
9490421
4018376
7056125
4009475
6509722
4209139
6833900
237415
5731687
9540771
6215889
5261060
2003511
6934371
1955672
1203788
3675612
3473727
9848434
5607302
6968016
3152099
3143473
2209541
4375483
6231900
1252247
8569128
2492939
6261136
6625768
6779520
1130382
9956589
2158545
1367749
2438138
7208442
9521210
7567355
5232647
9362408
6506754
9726321
8155138
9285284
5103169
8818012
8082171
9580938
8513897
6851019
3325193
1430671
9590755
7127926
3765930
980715
5830159
2718519
8299029
854804
4359909
3437077
6520988
9574817
3073628
3027129
5830832
9452264
1318373
7079252
4201681
2233839
3943664
72552
2021678
2250548
8097974
4723919
6800922
9838329
167462
1855498
8184891
6550717
3419189
1810584
1517949
9574222
8429034
7134466
4088893
7829775
284866
8794037
6087123
5803215
3795379
6514703
74340
7047458
2515005
2915491
3232101
202516
6932816
3163565
5843471
6999098
7892840
3457535
5918760
8226408
7629839
6269872
6569839
4854174
2788396
8738200
5190670
1088576
31326
4999084
140926
592819
3642132
2673404
7864718
3409792
309812
3657460
2138441
5176409
8787252
2921161
7457292
5110441
6391064
3473198
5450535
2136155
3846484
5730102
6931639
1356666
1945082
9341376
8637784
2537502
215868
4074093
9060415
55464
7201914
9775944
5528348
8482155
6930313
2327678
1125875
9431849
5617697
3353275
1075000
1727630
1575167
2744404
8430830
1318724
7828799
8127331
503653
3508081
6565042
7111841
6458185
6597539
3834185
6581415
5095552
8055772
2939148
8508033
1235436
4131613
2656931
6948214
5475568
9756161
8647340
4695626
5641965
170640
3229525
3373086
8243244
826251
2903005
4665398
517849
3773446
8230364
6060384
3669306
5788747
3320805
1806166
3370023
2605509
4209966
5753745
2116352
7519779
5536857
6955011
7577060
1646578
9765136
5742902
795849
4186333
914604
6193370
6758003
8410842
7629856
9318887
1033270
7651775
1125063
2110602
6677617
5532501
2546157
4765380
4900792
9090077
1212137
8396953
5964972
2683912
8478060
3992288
8517432
8435332
2839516
66736
1238780
5503030
2026754
4639523
9849926
7831689
7410786
8332434
6939995
4500434
9635897
1497428
4128737
6710194
1424357
6848621
5906399
7389751
6944609
5811275
2309654
8525241
2793801
2246095
6488237
1820678
9521017
5499396
4511286
9454859
397586
2198491
9440929
5115730
9427100
4421474
9737517
4974489
3182838
4295391
5366023
7684274
8057392
6866566
6628476
1288897
3988166
9098822
8993523
7330459
5758969
5703187
276083
569793
9774751
1516727
6165695
9971336
5816306
6715569
7442373
8649802
3145864
2376444
3494477
9467733
6116866
9917897
3158637
6436130
256105
1963309
9716918
4777765
1458953
2587622
7712061
514909
6963692
6423352
1779656
9427466
5489158
3854409
6874676
576091
8909590
8266514
8974268
697734
7354141
2278550
12031
2346372
487677
3749619
3601467
9237210
9212916
1681042
1118897
2649850
191371
9694551
7162587
6644080
7998299
7190889
3688296
7430217
2749648
292798
3344389
7445700
3750467
4953274
4198009
8443757
3754553
6297081
6066595
7055280
8103616
16128
7717530
1688467
9719129
42117
5830198
6805374
5468981
8227272
4815101
3251202
9880996
6845749
8206048
8024815
569877
5329229
4372811
6561460
7559669
3376026
4093452
1273301
6584556
4215403
94584
9904322
5733099
4539010
7142180
9223298
8936888
8307310
4044766
840174
5935559
8681944
8432459
7193316
8955676
2088964
975316
2698246
5545136
3562562
1585776
2291742
9895151
2954425
7087060
7039270
2143791
5305570
4565450
8310390
8529388
817112
548034
9454811
5499223
8651685
868202
5131397
237051
1520411
4930509
6477774
2049341
5292940
7832373
218039
685942
429084
1180103
9729225
932740
585897
7562242
3517090
8708258
8497122
5372501
4322368
6584861
7399221
3888834
5184667
8323963
4748913
4093836
6742510
9604203
3891931
9625718
544133
9302501
4635451
1755476
3534421
1800406
9636449
8910870
5334432
9650932
6341169
8351881
1135542
8785822
3674800
2406719
1832249
3374366
222673
5874590
4929030
2111458
9085938
4246634
2938419
6013993
1136891
1737526
1452682
9779852
702120
3293685
5928612
5037051
241601
9694270
4929262
2785893
9687378
4742704
1057861
3044080
5259885
9474380
7524259
9892304
609876
3829724
2340793
4142338
9358702
9097302
7510460
7025253
7856103
6529507
7217659
608573
6496852
2773587
8784353
9684457
5371750
1191748
3389208
5196615
280098
3564361
9465287
7891745
9229370
3655210
8954892
7736570
4811205
4868691
3261901
358147
8859166
1676376
8565330
3297611
6836163
4006706
2702474
9537418
3431420
7511428
143001
3025948
6456352
6406871
4066057
8553015
2799180
74069
7917567
2053672
5842682
5182773
9382498
1339575
9243096
5464406
1966622
3732293
3745731
1768981
1303238
7883681
8545556
6961897
947584
5723048
7343617
7534252
6811411
7588664
8276083
1199168
9947475
2291688
9373142
9272294
2261129
559847
3819650
991123
2618680
8903100
7447591
5361827
7345961
4526763
561978
5998219
8447017
3115523
3996788
217085
3510032
7006933
217426
6342986
7346847
8200759
8889651
8089546
1858316
9976295
2847894
4467579
7921345
2935466
6341873
5429597
5731159
7807022
1076164
3176647
6792681
4727886
9666824
6949243
7996439
4341334
6098323
1589553
5187095
5307557
3839961
7593495
5979386
2981280
5963363
7439059
5040688
4985703
8694088
8922856
2453108
5421372
2340354
7034032
9620811
814210
1887469
8734650
6128723
1748664
1728485
1882692
5279360
7260854
7991378
4188531
3896064
9117513
5776713
1251039
5364800
7716631
7177712
4812531
7054146
8295418
622053
6178535
1011408
6940866
8926446
155113
9136808
3393589
8455799
3515140
1136001
9779316
3747014
4348267
7279935
5429291
1015566
2977578
8134734
5369352
8542044
7186120
866051
4171221
5019663
5773084
6322031
3401590
4044063
3465649
9067752
9698637
2528828
4097162
5044126
6032509
2322080
4679106
5385878
7584482
899201
5687507
1294033
5314895
5658005
7893829
8899744
2239369
6751630
3227576
8982765
9125396
126773
3397886
2788172
4518836
2438466
7784415
1487690
6334005
1847200
8813655
6537808
2696179
8577334
6338997
9730880
7762702
4210029
8076578
7012317
3017605
3617167
7875107
412476
3508414
9336676
5780465
4682676
7878310
9399711
7447414
3110846
6932483
8835041
1610324
9576395
3174420
2061125
2600754
3000658
9595080
4706308
1514587
2947773
3739981
2340387
8563573
16381
6572602
3110996
5847155
4037487
9726852
4206147
1590366
8418810
6048703
4606599
5733211
6174972
4667502
1080859
9045542
2754595
5340148
9039099
8889192
4010367
1435093
4383533
60402
858423
3896382
5824318
6750096
3769136
469596
3406200
2659414
8473943
2527699
7232532
7966552
3200825
5475807
5079547
152196
5173283
7495678
9723604
9171493
6380432
6044655
7432791
1682113
7157703
8451448
9801473
7326380
2336760
1549855
3266507
2478987
6151971
1001308
8799802
7009962
2896068
9057931
6841464
8996729
5263496
6474910
4901836
3528703
5000555
7352682
6486095
847902
8788771
9030600
2933312
3538324
340322
9674075
2852102
6064974
9133096
7371275
2971134
8735314
4856665
6628012
7832120
3581406
6592299
3512096
1309196
6654276
3394994
4095101
275923
9296410
4924338
6500247
702636
1730198
7870016
2645724
6612430
2554313
8625998
239604
3952990
3481017
6798559
5227721
823787
8649774
4764424
8382061
4719225
9579173
1354528
1515065
7266334
4018853
4263545
3734100
579979
3837588
1594126
1024469
1642848
6512734
6913029
3940440
6297252
7239920
3001842
2410506
8793971
4598997
6087330
5337735
5134283
1214177
4867143
44637
8949334
5558136
7612072
6347869
2554559
2732024
9645846
5905502
1274273
1746374
30750
8580710
5237826
8842410
7163696
1338803
610441
6419798
6955365
734163
1008885
3064462
6534156
102799
4969315
7026953
9917647
295069
1743218
7418844
4393059
5628764
3342888
8575043
1777585
6370894
2249785
5238914
4654944
1217882
401070
6986254
6524014
8247789
9155141
9132636
4829997
5359474
7896001
3705230
2474662
1277636
7223825
5857696
939161
2981310
4593696
2564839
3547700
8805218
9600519
3272265
5814063
4464028
4265505
234644
7732871
1279508
1135339
256888
7785547
2877904
8653853
6289149
402288
2834188
4091676
428397
5805872
510554
7141187
7276633
7457583
1581856
4237615
9074600
5701202
3925617
3730839
3342030
2047808
8382166
1351891
4273568
7635003
9645407
5314845
5986644
4286037
1107091
2863948
9444009
9267789
2782240
4910806
9713837
2982539
2627550
97083
3018267
8516875
9208582
1211734
5981714
3036636
797902
8539789
9840003
5942744
2326861
1856612
7390153
6584655
9186252
60154
2016592
2649504
6997030
7216070
2789121
5606349
763146
5496380
957071
8006532
3824754
2279538
4673419
1062927
3887010
4955090
4003208
908939
4145061
2831419
6129972
768858
2825057
8159498
4204412
6667823
2549460
4021643
9414599
3864696
8486391
4726385
4960819
793108
3891787
8083788
6593188
5952223
4309911
3531381
9798431
9929948
4463028
2589729
9431183
5978770
8800407
321413
3205746
3770924
441249
8770070
6893539
4272489
1611097
4823152
9338620
6903233
4123706
2148183
9911696
785306
8646010
5357358
341480
5581779
960096
4569812
8575801
8314411
1775158
5613320
9807145
465262
5284036
1978344
9346483
2101470
3546766
7828660
8191084
2858762
1757794
995793
872177
8108471
4246897
4847614
4314355
7894021
9603075
3884001
9529461
1798880
1203303
7913235
2095042
8127305
4218202
165856
495980
3362311
4298325
5981829
6618354
8856245
8457813
4647979
8891208
6645926
5528998
8166534
3491463
8033986
4928667
4666357
6347838
6792446
6325634
82411
7423639
2266611
3676256
6606164
6349263
973934
4902042
7884679
4417719
1737062
2482689
112073
9367205
1772074
9113908
26376
3237342
7320846
8669761
9969225
3535059
8406572
2581183
5965814
2227323
8950283
9825246
4731834
79644
5136113
3622957
9745283
4145091
6123947
1962376
6747022
305590
2293989
6642499
5513148
8105932
7401385
6265746
2221281
7223579
7025220
9405957
4859841
9377115
861003
3641133
1655025
7169806
3293344
6717310
7883285
8778507
1165976
7716400
5286483
2507685
4389337
9285779
1125012
4169030
5675784
4095397
8178637
6467176
4490119
2629528
8642663
3859389
3694571
191664
3509674
6004502
4032058
6152121
2275818
6662762
700729
8756342
9014382
5800319
3157574
3034000
9376015
7851547
3971835
4870087
506592
1560150
1410750
4260723
8201295
5110011
7638620
5520428
4569017
8211511
3384052
7541828
7771419
619767
4621443
9872783
668592
9662394
6996284
7697739
8959192
1138371
5201443
6116872
6532364
5643722
9646298
8040897
7561823
3909333
6458323
1578607
525447
3365017
4208029
356298
5756650
7887674
3449295
6735479
9083769
9740134
1620193
858632
8705510
338540
4921394
1837196
8336814
5264211
7202704
4662620
3600005
531788
7949057
2710311
1746080
8436589
8493463
7655703
7615570
1146798
7119300
9666586
9868252
1692279
6496232
5373318
8494315
7761038
3037317
3885591
6881681
4148118
5170785
1176827
1991703
537703
4423990
9026624
5566910
7376166
9326987
7039373
7537228
1851810
2439187
6459818
5497757
8003756
2681218
9214328
1118636
9281611
2408716
9845652
1974148
2789152
8229963
9432359
8959504
8537778
6157767
2761612
4332794
9688038
9772728
1073429
6783609
433406
8889043
4902361
1676390
5833016
9399592
5615914
6172504
3243054
7804750
3806914
1035351
4665749
3598789
7645934
6984812
3409161
2080017
8885420
5383221
6180896
9487272
6770606
8288264
365720
8272004
2067917
7301565
4285761
4282704
9184463
1601857
4546347
5124194
38027
80161
991699
4558850
607491
7458525
6200718
6883650
757252
2499758
4000389
2064224
854232
7093554
5240340
676965
7458026
8158213
2666016
9803134
6897518
8792178
2706644
2960591
9425711
8444016
5539665
5125509
2581491
7607665
3458331
4485858
4338976
9876586
8144053
9659033
2503193
6288671
1927827
8060456
3269984
6896235
6842847
5397279
4628151
7471825
6144240
8535059
7741710
9400144
4083366
8125457
1122846
1003919
5412574
3145967
9847710
2397049
5949306
9900082
925153
7216960
8314205
7710652
2019511
9365802
5432674
3272221
6732733
33932
1792115
7976961
4856598
3764794
335890
4314849
1027899
2647535
5875285
6325357
987716
784191
4924401
2028660
3371854
1671055
6862029
6657968
8291347
7798860
5907638
2477315
8058044
10030
7345377
1853869
2613044
7514189
9657859
7863702
1721106
7366516
7213775
3573393
5465938
155535
6885954
4959838
2993859
7692676
2638791
9554119
394508
4934338
3534276
8585251
9189855
1689328
8171859
6831721
7748642
6671281
2273203
2817734
7355185
581257
2413178
5834122
5234673
4136837
1205655
6648253
3894572
9639414
1119803
5344673
8560996
5183835
7063339
4575301
8094877
2115787
5628143
7021965
908972
4743922
6441614
7841556
8596190
2643674
751673
3425311
7312130
359746
6556217
1803541
5373281
5887480
550537
3100149
6591282
1084930
3985565
4317891
495125
7906509
3798951
1570292
2266033
2595921
929842
7247081
6440404
7366081
7305251
6810626
5418565
4806455
71381
5441218
3931099
2999095
4659305
2630202
1911250
6910093
9482429
4656365
3712038
5619362
3752453
2796167
8398324
7286949
1229412
7824254
9229981
201773
6135311
9294923
1137193
4022513
8712306
537244
5585661
7601489
3763992
3133832
1941872
3751017
6344539
7442067
9360382
9396768
6456704
4976333
5987757
5574205
6245986
2237798
6857887
1849077
5289905
1998881
506209
7389818
186805
5834791
6130337
8350456
140909
6109761
2624620
6265981
605958
9430963
6685347
8918812
8266336
4478452
4853545
1553736
2125797
3203640
5765874
9842841
9773382
9163091
9887260
7281629
2908077
5334547
9417327
6663008
2524453
6696928
4135738
5262032
7229061
418687
587066
6423588
3138788
5615774
5802207
1055432
6143892
1466203
8096158
9854585
7494986
6094016
1267624
9815179
3368130
7962836
8740625
4202090
9864359
5613246
3655414
1122682
2896725
7622602
3319969
4481500
4214070
5607461
8891260
333765
1109601
8262998
7098615
2676027
1879024
3311147
4510461
6994034
1496187
6655708
4651176
6320095
1290926
5366086
2494722
7239883
5626849
4165130
2536185
2367893
2139203
4390765
7543912
656428
8557353
1590152
40452
1798704
4526017
8858798
1814297
2815616
9778749
7427752
1213022
9367895
8979906
4571281
730820
9320691
4212261
4131533
7506752
5067404
9291278
2002963
2277673
6741924
8645743
1844918
8179456
4189927
139016
238321
8744212
303959
5429620
8640016
9090565
9945029
199967
5531456
8520611
701297
9168850
2025652
4492448
269760
3231128
3634455
4741571
422152
5702849
559208
9275556
1884181
809076
5689207
6319221
3713740
5725633
8694176
7249720
9920518
9903574
638147
3093347
1772703
3957975
1149025
1630970
6894298
6959880
9536097
5091226
7013207
369777
2300102
1259740
2697161
4875663
7216963
7516481
7080412
4333199
2419051
8484577
1925217
2500350
5816936
9495603
8785984
3190120
6652821
2662421
865278
7667812
4487506
8543769
9395233
4420123
9811114
5386018
1255803
2888419
6522862
75496
9709393
2493690
8182
4105242
3759639
1325987
4357322
7260097
6198246
7000345
5938322
8312042
2012985
7039213
6555582
5946229
8237088
8594813
1619859
3541365
380836
4788378
9641858
5794240
962012
5086959
3944674
8410577
9559820
6645337
4877166
1684885
6676252
4541090
5900709
662108
8864464
6469618
2418738
9454616
5418403
3188179
2184118
2132018
3793495
385322
7914882
2478814
4550248
9270821
8207372
6468425
4272707
1577481
3126422
6932696
1656538
3650223
9538023
6108157
6090780
8220961
4216038
5378690
9128283
6658220
1989275
8455472
223492
5417565
8455705
3356746
9673890
4117132
5239392
606275
8691910
3678368
6190677
4551580
4685099
2361530
7949483
8639565
8898647
5920181
9472391
9155758
8555477
2096890
9890357
2885424
254639
7270753
6426912
6256054
6390282
3290760
2982653
6215219
6958969
2383567
7692085
7308006
2738589
2329623
4026410
6951104
9040781
3958691
1390960
2919525
7885475
5711908
3870436
4266729
2059670
8932582
3453764
5777864
5691074
7890317
9412416
548886
2701119
2251526
8622179
297761
1475230
7622733
8340517
1353347
448552
7054732
2180102
9462827
4969421
6087692
297463
2240087
6485647
9586365
4802705
4487173
7630804
3744840
6119562
3582726
4656902
1601930
4729068
4139081
1228486
514235
3640025
3125248
3998571
2075280
8868237
7234062
7163069
7862815
9615334
837808
7122779
7080468
8159639
4311872
7896940
8087799
2277396
868055
1637337
1333337
1032083
4953900
25784
9249351
3866497
8544584
4199720
4142289
7856353
9358484
2909455
6614932
299368
1424937
9164675
7498836
7864749
7980552
5801435
3719321
3160648
4739586
2390201
2235573
5444248
3552463
9923268
3791262
2175532
2247014
4423778
2149979
6041198
8263441
8000940
7566727
3044362
7650210
7653561
4232122
6075231
7480983
5688768
803654
2765817
1789303
8743711
8817103
5775976
3132329
1564215
1674493
4730741
8830380
5184359
7247354
584609
3813030
6349536
3181034
8912809
3863675
9771652
6647739
8962897
8207185
9093588
8480851
4995123
2958595
265324
4787581
7753110
5557044
9862429
9402722
4136995
6182509
8438413
9966656
5218946
7500657
7965889
939150
6431022
9667507
4101045
9894248
2980611
8828583
5709841
4049132
2194498
915541
2520164
5322279
5209101
6833400
1362542
7041171
7955770
9932996
4862225
6903982
7467632
7587595
8813730
1145017
8721091
9554737
8670141
7290008
3611284
6950213
1315816
3771940
9633331
5462128
4875063
5503423
9827679
2266063
1084533
1925455
9399858
5625669
7352239
2901059
3852995
5573198
866696
1466071
4710784
7728027
3586368
8293470
8177479
9578907
7088707
2309206
6728140
3300114
8475541
9788046
6359788
5923687
4899949
9440956
8278964
7797487
9566240
1441073
8031099
9293828
2578674
2267364
341002
738072
9229829
2069053
389925
505972
1634391
4286958
2984764
8465947
6841748
6982961
968192
6628887
3056891
5364294
1439597
5399102
8194709
5425132
9834359
5707522
1806573
4250644
9775934
717136
9480174
6669590
7470976
1646767
235220
8577407
132920
26255
4448800
5922991
8637656
8115936
3076820
4578456
2627759
2927549
8116328
4915694
9883706
6611523
7105808
5864828
2156018
4989729
8661646
3328179
752857
5793697
1928827
7661119
2085367
9836880
7797188
2605309
5568147
1072835
3020594
3643061
4295288
3450603
3942907
5495321
3892545
7248084
7772814
6260226
7507730
8121207
8350127
7453739
3568110
4205894
2182396
6509605
5617120
8926024
8088405
5413519
806786
3469814
1167677
152255
5025724
9903406
7341766
1546026
4307731
16937
7890533
8009159
1258497
3058956
8556459
500735
6927912
1431752
9670743
591069
8076037
4432548
6615727
6594059
6917286
8347271
4579330
7961919
2542771
1511668
7708518
2008350
2856796
4862557
3863179
6178249
6543923
7100041
8396192
4110081
845872
3657833
2577643
5842915
3308897
6490390
9610353
6236342
2422764
6080181
5468110
8925797
7474070
6371287
8214465
3470876
5371661
176497
7961608
9399201
1570627
929243
8375508
2950401
8767638
3758053
9988939
4991807
7738520
6476123
4496789
6965881
1207564
3077176
6356510
1479206
4367246
3432779
6792822
3968402
1800476
9615201
6624656
2953708
7405419
5599326
6617988
5001510
4289374
3740735
9732368
641727
9782267
5341251
1067586
5652153
6597619
6725959
3652603
276990
1034556
6607969
3369729
6544262
2434259
1981729
902898
6018038
1295545
6523667
4344909
947685
7471451
8563387
7756452
930683
5040882
8412592
1813520
1516760
3430634
6105996
3278459
7992989
4132885
6972879
6121846
2685891
8098877
2737846
9994138
5316748
9743284
9128908
6586182
7393162
7731124
7865381
1026584
5614313
6048892
5002955
8670952
9944265
9810820
619635
7955812
1496054
3055919
9861906
6445482
1612276
5463636
4906352
9212252
3071585
8023841
158806
832586
2135614
9628118
4148790
3638826
1759414
3559199
2159073
6561484
8544880
9595368
3272158
7901483
4392611
7058049
330704
2627380
1079422
4189502
7290688
9143967
8988299
4817200
1270747
6034868
8383947
8087115
1402441
2271763
1130758
8829862
4461277
2898795
6281559
1059051
9905872
5925604
6940334
1425618
7934302
7310392
6116763
5637088
9361268
2625819
2602793
3692910
6184107
6065486
2175101
9173707
5421784
9334375
8224967
433390
7334650
3270875
96336
2539423
2480383
9176097
2975202
3737913
3951664
5986354
2411215
9112845
7362308
8844199
8352588
1742652
6284147
3252876
5884605
6877665
5038547
8127292
2628129
6887694
8828978
5197629
8369094
4464126
6918256
4646962
6038728
5384796
567548
7631175
2531524
8722824
4116954
1723161
164548
2061984
9238006
5929451
826786
8830443
9165912
824059
9057044
8056136
5303144
6763253
5209310
5882426
428855
5677719
9108965
1864191
200953
5369724
8888235
176789
1826575
25307
9428997
9329119
7054269
8161811
9974739
8251412
4361989
4255352
8381030
7302146
1331765
9869568
3559210
7491644
8915255
9194809
7159989
6323800
3252456
6444082
4960641
6520667
5544774
4064061
3678539
3925371
5039014
7452672
7427036
4638937
9631390
6852216
3839816
3332505
8044872
9683090
2481301
2620886
7220985
2856633
8422140
1920041
1245953
5786934
8700
3042015
3667114
8135663
4868244
3468455
9217658
8367413
4108301
4836862
5255004
843538
5421261
2761352
1934479
4861910
145512
5360171
65513
4236222
7939618
2190506
6991213
443265
8022881
9456857
7165003
2748872
9985336
1275660
4524501
5962670
9856585
8167351
7564794
3963498
6873455
6335902
269690
9598924
8936103
5319783
9740857
1926889
9339036
1562527
7366603
5000264
8131739
3889729
6524105
7312134
6120978
3439092
7402449
8870443
8844163
5873280
8790804
7556468
5023751
8488687
9992456
5810877
6076825
7594766
1954017
4106061
1899710
8979503
4247409
4403086
4428280
6548200
1082469
7300450
4079520
9470521
5370938
3038193
5686595
8034475
4210652
8010645
7998215
8109646
4658495
3976254
7358290
2647629
1331422
2375708
3728906
8515933
4599725
8643845
7635348
7455385
6193991
6433864
1219836
1365388
9198690
9441973
8709889
7869772
5571884
6263150
8267415
9942638
9023903
3706787
2127904
3144036
9976552
679317
477614
1002201
5430573
9885043
206281
5363494
4809233
5883434
1901026
7350940
3860685
6371719
5403681
9236347
6112284
4771147
543868
5410983
9517297
1126712
9590740
3760062
4651468
5082101
3102182
4872941
6857684
2108646
7874358
1730550
2260413
3161563
3930784
4143350
928194
6818595
5641083
3971930
3391990
6238764
3267348
6181187
7923958
5264162
9820019
9088256
337834
9568411
6642963
2624469
8451844
3118960
2013908
9972566
6766912
1564
8813865
8222292
9397594
8200634
5456228
7896859
8459867
9261536
2454510
7987511
3193468
7802572
7129031
4153216
795276
9864830
7866213
7644647
3682472
9748307
8648176
4148320
7337428
6456220
6910788
456765
9549910
8380528
9552658
8364958
8443047
5467749
5619977
186818
926921
4904591
4654695
6103549
777949
7443890
2357136
6706355
2635333
456382
1370530
288866
7406189
3880953
3052889
2475733
6790771
5967529
2478270
7526915
8670360
2656482
5798739
4859506
6472836
3986297
263397
5579538
5105130
1315492
5892641
7136274
8386515
2031168
1135613
7697602
7416817
5360116
3410754
9798795
9246689
7420582
2761370
4663409
5297095
9288132
1519357
9903765
9278939
7723445
575442
8489619
8402270
5102930
119890
8302108
5525255
5291927
3363523
9237877
37243
6116408
3284923
6574694
5682975
8006403
2381278
7337997
8750556
3639400
6223642
557622
7607441
403248
5858616
1376927
3185690
762389
6857620
6969388
7523480
3047962
1087598
2155734
8971270
1791090
5327976
6511685
9185684
4065657
9274289
7548109
471333
3072937
8111871
8735786
5596865
3764717
7546318
9548960
9340648
2610404
1872994
4845016
9621810
2863017
5203955
1417191
3736200
7937869
1735183
8043719
4048910
42319
7148835
3224852
9501920
592911
8878203
6240772
8903583
3619699
559338
6845055
9382949
4375569
8419811
3425717
7131186
8655207
2074041
7103218
7433070
2715950
3337851
8988062
6621394
7139827
5636678
6941799
770543
6695629
7965879
8065627
6230948
5870282
9464394
5968100
7531333
4085483
5488570
4875638
1685834
50422
5342729
7414163
8076398
2195108
5935638
200292
4926866
655977
3000362
5506443
8945501
8425408
9195971
1085350
432701
9069420
5371340
5458189
8868412
7508712
2537532
3543856
5748080
8127401
8453212
4898294
6036257
7929431
2499451
779554
8831441
357022
2565505
4834020
1914976
275418
4802619
1436921
6205030
994339
7833536
5083079
9728329
4105304
1961974
6812679
6358148
231145
8774433
1994519
7182700
1922343
1442682
5759223
6152609
6415720
7327044
1498751
3874830
4773668
279273
4621999
7389536
5977620
755626
706190
695102
5232635
5632366
9260955
5047746
569030
9290062
9850927
2311548
2183103
8012089
387617
6813861
9574410
623069
6449615
5203773
5163198
4060022
5570599
7333234
5843240
8492782
683171
3779308
6605886
3542774
9435885
3649623
6768767
4913733
8174507
2350567
2763928
5107008
6087109
5456076
8556165
1632066
8128785
643935
8790886
3706610
3954600
5863272
1084169
4979259
3086635
4372726
4565869
6827851
6733999
4157138
590860
681602
584959
4359558
5988895
3552053
9927041
9206883
304980
4583959
9229770
9122324
6998095
8318399
2780267
5304581
1753048
5059860
171893
9652830
6316281
1836930
7340538
854459
9472902
9723229
8421522
7513125
3535912
1233397
8351974
233399
9898326
8406814
1941229
6677332
6816338
8947359
9411189
1722136
3739278
298941
3855786
9153207
4933467
6370777
1821702
3030521
9219347
1609441
6120906
916860
1696981
6392492
4234274
5461236
4380683
6859429
6460156
2574711
6202410
7368426
3886177
1874061
2596905
5858285
3674814
7075015
1812024
2134578
7405046
6751735
9957344
8398316
7590488
6621333
2889294
2714560
9797952
5950130
8357932
9803947
5185490
8192022
4699264
6104558
622851
9317613
1005411
9463507
8482759
7572439
2008787
7822332
3884599
3698888
1502425
5651431
8322102
1577859
7118605
617786
4659789
2893897
6419878
1383886
4446898
4235809
7512793
1469072
7002687
5586284
618943
4444437
4403891
1758065
6207219
3109744
7216558
4382811
4763537
5788167
8392389
2406430
6947235
4795037
6192648
4310930
1448061
9619332
1921052
3677479
7766295
9356736
747201
4266287
9981389
8488961
8138732
7190238
2265545
350946
3176778
9186885
3226809
7453175
4136096
9969515
6579638
5457004
2764569
5242182
2912848
7972911
6994352
40780
8151088
4719732
2031138
5217596
7324232
4387738
4534222
57076
2858116
7303635
2079942
3193295
5910677
3209175
4738136
2599168
5461823
5926078
5729195
6465728
1448097
9344685
3312780
2405490
7218270
2557450
1481171
3486671
8948338
4292135
2061602
6041229
5782730
1214572
149214
9657629
5898404
4583040
2223384
6073819
2371680
8073916
5691981
111204
6170510
6743823
9079282
8444273
1036143
8565670
4594783
8817965
2884390
222201
7358517
2623188
7898933
1204956
2538343
6564784
3156589
3448088
5148140
547258
3092558
3554948
8199242
8883501
1766981
4164620
2540845
6823456
7882981
2656796
7571592
4151660
4091003
2594613
6869035
2103431
7530040
7502047
7206563
7364632
4889224
7288314
5632835
8499490
8534530
2074019
9741424
4913993
6455932
9016552
7488496
7680685
4936238
9790678
2534175
9649884
4857487
4504453
3252809
1223458
3376482
6997469
8203787
5814615
8303123
2633740
6766021
6859693
8466349
4372719
76789
5542087
3857247
6783661
7091597
7367544
8412029
3510421
3132735
532653
3210986
1269068
6657745
2071019
3462704
1800248
8114526
7552843
248535
5730148
4082329
5073549
691739
3479125
9304278
8959230
3717969
3177800
3350504
1708074
5350221
1607860
8591460
263808
1768322
6677552
6758112
4690030
9068939
190111
2642738
4186433
7103049
2267810
9021875
978466
2000415
3725911
8400908
8866858
6129799
3253898
1207334
1851344
5932616
4631039
4042800
9451744
8120578
9129783
1581207
6031065
8131703
4128372
4363599
1452682
5327116
9727464
1417000
360522
6334742
7152245
206564
8390422
7050442
3076101
3954063
6376281
5925987
1000000
4860423
6663543
635412
2368080
6885336
2929122
2408396
5216696
8295610
9264291
2211699
2426110
5652089
1757673
9231870
2456467
7151483
1665968
4105623
5659808
723301
6976153
2103404
1091523
1012430
8881291
4850136
556431
1298332
5420353
8054197
9763240
8328536
296312
6621696
2280832
8782091
1078701
623614
9467907
8013031
5936082
3085926
7090921
8908279
6638079
7019578
6277518
832445
8948949
3597435
7025422
9266810
1559324
6565484
9347478
2750776
1907749
4880672
704177
7424333
3792246
7902813
3287743
904576
8815662
7606402
1388434
4707243
3316574
9706693
300150
3271741
167971
2601372
438995
873239
5725883
6562443
2970950
6674044
663755
8092924
122004
2974120
4773878
8261734
4788493
8617884
5475518
7531024
8781793
8963414
8886052
2882052
1058827
3876150
2822570
7748494
3832120
8941408
1966361
5539411
2921107
2561481
3476459
2901129
2268012
9645169
7608701
2930206
5502487
4293663
623654
1881290
4978053
9943167
4174532
9238668
4961688
8209141
6171131
4892926
3938023
1431392
8486922
9009451
6741394
5222514
6056702
4500749
7625610
9161672
874296
963525
7978438
9629941
2914197
4523077
7189095
3635374
6707250
6896962
8778525
4063139
8020196
5878508
6031004
6132154
286355
4700016
5640196
9129399
4093788
9054035
8268445
6054398
649152
228355
8385278
7797610
525945
9748523
909521
3158899
1938936
7445741
2429518
1593665
1305319
3808786
6082912
9857625
8394047
39674
4743808
3237097
3514455
3967421
1845348
6287423
7056763
9742304
7055229
4439958
308475
1938303
818073
1399155
5240907
6806609
519998
1520605
3353704
3503102
5484067
3113728
119699
7294379
2791412
2921743
6429313
915341
9513469
3474016
1296240
6505170
4636008
2188637
6481530
6687530
3803657
3877262
1962455
6360917
1585296
4912956
880551
9223016
2619990
3192728
1768383
130890
1070498
7975197
1438061
7530925
2031317
9765724
4951011
5308911
7803260
4195121
775128
5611125
1847746
9607596
6072993
483878
9295914
1234850
194861
95289
5582026
6930155
7398351
3904903
6008106
2639018
6999384
3788816
6120356
6192140
1460093
7916206
7251086
4003567
6065151
3055450
4424705
1835887
4023313
471956
2517797
3115862
8845891
6314481
8035232
1641060
911380
6658079
6949345
5478322
7104000
364101
2827491
4946809
9749568
2812023
3242525
6146039
7478465
7387015
7445640
4824264
1361527
5050178
9730391
735595
6160735
7899027
1433615
8361357
5656120
3215236
2536025
2155958
8321333
8274548
5836387
2738288
6606283
2047194
5300065
8840309
7794525
8768430
8793065
9978685
1935187
6728406
9291862
4182132
1654800
8008619
1776537
5322546
1901291
1570621
1118895
4329500
2725995
4413992
1946318
2637614
4911743
8401210
5230364
6111284
5122984
6987187
7375272
3637863
1247605
3420728
7443533
1247471
7884671
4424115
1550352
9619458
9164
6876429
6749261
5388447
5205390
5326417
897662
9105812
5903631
7979009
82451
3222169
4264204
124819
2050948
1522727
8269835
6766537
1498798
7742793
485317
6491986
1749292
3461080
616914
1901785
1736924
2109274
7582209
3577191
8929805
3718781
1517907
8763535
1473844
7634927
2723494
496832
4100195
5333494
7887450
9850429
6386762
6000474
7078148
4354162
204941
514268
1067893
9558591
1070807
5321606
4878303
2179029
6690937
960509
7343175
9277052
2492297
4880626
1260316
2063132
7065654
4700301
3452338
4550562
2894539
5082773
1169656
2048576
4252671
7936070
5320117
4892933
6639678
7323223
2424205
4609550
8861211
2447047
2129524
3839039
1047688
7137511
4930025
2118895
1229552
1329329
7092220
8576737
4390791
6716446
919629
3763396
8699313
5833548
1640752
5669693
2496584
3994085
4682147
7089540
6558390
5345257
2463942
1084305
8308859
4808758
7125084
4313767
5448431
3159568
3919504
1653387
7267137
4535495
9738976
5275987
160210
7216689
565942
5428746
4831715
1734767
1612768
3576815
7982685
1748619
3754163
4875472
7135215
4061757
1764732
199344
8327646
9115430
763582
8112298
8984681
7184598
9673787
5389341
7597883
6303887
897800
1870255
9352093
8839714
3815504
229694
4601814
1786401
5414186
4669268
4756015
8194894
5141241
8360242
4033997
3994956
4487314
3739583
6226351
7865118
4170974
7248078
8016415
577612
1573355
7156679
8421544
6044007
2621217
6086978
4050351
1283511
8114926
5364849
818417
4263311
68737
9454112
3594799
7948513
311071
1385906
1939033
8696296
5494101
6674449
9345058
9601573
7510969
4507462
299466
6014112
2837900
9473413
356451
5495383
5944310
545416
5873715
8104950
9571693
2569618
8425354
1131135
8902622
4477861
7497949
2572268
6552699
6681031
8477972
832608
6655995
3447546
2884192
4832176
1291255
7147443
1591307
1516415
5810442
4519925
591124
6395969
2977986
8186741
8603350
435030
8565147
8937910
904718
6606075
8427236
3378668
1493675
2059205
2518144
1975517
7723391
9773869
5574015
2341166
9301457
2491754
2687552
3517634
4050302
1364169
3110110
5525135
6546042
8154495
8361248
2298535
5808545
38742
3593505
8709108
5771934
7196064
2068403
7123914
2933717
7725802
1948291
4382304
1542312
3178940
4685348
2927104
8335006
8297408
3164669
2415483
3381450
5294023
8252676
3901092
8222090
4267793
3018191
1698383
5192859
2534387
199069
4238440
3106063
581937
7370014
9964301
4000693
8072329
4377243
1877930
6201127
8525929
7639408
1099001
4823256
2407095
5744175
845812
5524510
9505552
2280722
5536606
3795426
36672
9641495
6109190
6021242
9183810
8249297
8294157
3753692
6633396
4955712
3055718
8196735
3537569
7723094
9814188
5842428
7614030
2499170
3733384
8733741
1670088
7084608
1198608
2141774
9781039
2492895
1427193
4015682
5379104
1739274
1710898
1235679
4016127
3480890
851023
1793564
492933
7976292
5505834
3149484
6257159
744092
2988359
4364322
6794868
9676632
4679492
8812585
4837653
1737912
2861030
3542161
2339313
2115641
3042714
3827676
2854263
560025
9356921
8121781
4182076
8786607
5398139
7960988
993790
9655641
5107093
3476232
9810757
1758702
4170008
8053706
200278
8838097
5926690
9426396
7375374
8710386
3441039
8048450
2843000
2078594
3778081
1872445
7117749
9292785
3117270
2358187
6304612
907392
8654769
109450
3508791
7488901
1134245
6247440
1790288
3890387
1250122
7535306
9117686
5059944
4529125
9134600
9380342
4133108
9064936
52236
3310855
7453495
4669204
7342901
3880736
9122271
2068651
1605881
3746891
3504177
7472360
1026767
4197784
9644600
4472515
6638552
2836196
5137167
6144578
5253948
5177221
523005
7375621
8191940
255952
260297
5383357
3903015
5973980
5400745
8517885
8703759
2183868
3430340
4425846
9257160
1696474
2085725
8576076
460259
9318168
3006461
9473268
3898051
8681780
5402452
972390
2286424
8974843
4703199
8256987
8073948
9924720
9283397
2784518
5714508
8647736
8159225
5940925
3677261
7792961
1176938
6225997
7149923
4945707
1683005
5387622
3940266
3630000
559030
7486803
270733
6397583
6894857
6980878
8278181
1020960
6737550
3576306
3907883
1520196
1675528
9614532
1159105
7226769
1565296
1750743
9903300
5576568
5653241
3694655
428855
9981942
4108789
8222086
3448752
1914095
3192922
4288821
957515
3864897
8181679
8269399
1294767
7826779
141286
3605581
8147779
9600535
3543474
461065
6948598
1636159
9033730
9742695
2300599
853034
244406
4811634
6225500
8679857
2174165
756381
7999679
2413914
1619008
6562472
3062041
4534904
7529043
5009154
2130352
5008909
7241031
9376460
4530123
8022560
4090863
2473487
6042914
5389985
1017033
7123599
5510899
2254886
9655848
403954
5625210
3671582
6452350
7401392
2007346
2170731
406490
7554719
2666014
573882
5797932
7997463
9206214
380743
3928463
5264294
5382490
187470
9011203
1656181
9535670
6952675
9053104
4413310
4658687
5399468
7305393
5480143
7494354
9036701
1332826
7503823
4421467
4939612
3111332
563988
5278016
4367110
931670
6066020
1424736
6205957
5466534
7043533
8125968
4707824
161393
9461957
2924091
813750
1963661
6602816
8362008
5300914
4072408
594502
403269
1200483
3759385
4320048
1315977
5087213
558165
5857171
9040306
875155
6502825
8032178
320527
9578300
1210660
4275555
4559528
7271134
6028902
5189684
8709845
4318169
93238
822484
227356
674449
4929116
627638
377464
4913858
6917982
4276010
6019416
4226505
7750437
6459966
8865467
3540941
4960870
8984023
7394052
5888918
2858772
6061299
6816384
317537
4732081
9254257
9746927
2381847
4731535
6649070
7130300
2257397
5305893
7440413
7080855
1015338
1395119
3228207
8897701
663082
7893893
5559997
1327412
1496141
8508444
1880816
2862836
1791257
6443408
5920747
2967601
6255648
1004592
9342776
1971352
6176290
9498323
5534823
377415
5172006
4030971
1826192
5674027
361286
7368427
1185113
8342624
4307094
1193803
7261811
4605728
8070297
8123409
6497467
3165709
1703272
668900
3836941
2622444
4152443
2040776
9796861
7693471
6744451
7915658
971582
2720617
6077069
5155457
6304088
1671686
6933937
8554632
4261069
4907742
4665135
6370720
9960874
7036706
4745543
6131632
8473774
3020123
4216035
5172598
1409246
9097318
3824036
3107482
8531022
1129284
1476702
4061409
7447955
2130627
4560991
4681609
8273082
9994133
2636017
9701869
7676558
5446133
9641780
1548821
4465336
5022047
8896498
9651166
5129624
335799
83320
9637379
5193155
6450656
5700177
9133761
4279342
6797746
3936397
9731447
2594883
4851907
9401112
8441249
8293506
9397756
306760
7995868
4092046
8026532
6665542
8008452
7013918
4272207
9599405
7885649
3452380
7596126
8910898
759784
5396040
4164633
4600078
2483291
5882277
1870909
9443943
1671276
9026473
7626562
2057211
7104388
2127296
9029982
9590693
7488795
5144088
7407811
7301731
7679452
7256659
7132044
6715548
962539
1369259
9870497
2021510
3183084
6120009
2746126
6384535
4246622
2116943
5746391
9678203
3533195
1899583
7521637
7301922
9720229
8325146
259971
8907818
5956530
7054153
7507799
5344532
9649616
1959176
438858
6287563
7316062
3566117
9918929
6973781
8135889
778600
5083681
4655219
7471445
8010590
8075183
1861988
4558232
571261
5963253
7554469
7852918
929544
2261052
6126867
306549
1435322
6039383
6182872
4732833
4295764
4734099
600308
9029955
5380601
7688847
5431947
2217704
6210963
6533765
3631758
8231095
4334169
4481472
9220332
4514527
5988403
5647750
5651050
7942324
6549427
6878667
3531968
4060520
5675128
4554798
3082715
54092
5602997
442662
9484038
5728770
3620797
165497
7538303
2693558
7892353
7887795
2193471
8857905
2397638
7965868
6527570
9592954
5485894
8514602
9333334
8354711
1009842
9316767
9748715
4575187
2643939
7153453
6762611
383373
3938540
6874437
7107989
9064834
521985
3144059
7796102
7301090
5137721
4432589
9075760
2893724
4789407
3297495
6045817
774827
950143
8085713
6679064
1721519
7253665
5954018
3756993
8022848
8316977
7835538
8816478
4295781
2341538
4667313
8237153
1781253
7047691
4830608
9466566
1084305
9838478
1873953
6536256
3238753
7186135
9763366
5598103
364181
7897643
2912524
5756386
2951649
5775867
605239
1662765
6512868
1240806
5849933
7165411
7993202
8894650
1039826
8059075
8550085
2381087
3492341
897092
8023685
773112
354583
8789346
1062203
3299686
3619834
5165267
9722686
308411
2372619
3498055
8058520
5027322
3887255
2983828
7251047
9633784
2945918
4675949
4721221
1638615
9264391
63432
1514764
6364182
9684117
5913268
1976742
1979437
2928368
9602659
5042012
7055322
4409765
661466
4148625
1143725
1794807
9099955
2612041
9282799
7753550
1584306
4415221
7292147
5993288
9900630
5853209
1608738
1377561
2434126
461283
3163609
3866952
9443601
999253
6164611
6455400
7251474
7259725
9725155
4258192
2586762
3638019
9629422
4866753
3168962
9355386
3486443
8081102
5993607
4814929
2667873
8890267
8403860
5031649
6457673
4065732
7953152
8042006
4048700
5142068
9225673
5444268
901118
4087608
163220
3008333
7525470
7967469
2292469
1330788
7615996
9654531
3428402
1251916
6728186
2657235
6002050
781534
5536592
5913975
3319671
2649802
7122241
7440935
2444271
4662737
5120954
8573605
4128559
7815714
2408923
6619870
9367575
7740455
8177487
9884863
4036472
8559744
8833192
9552873
4503022
9974277
1329732
2876734
8834339
7318222
7422968
2780684
8496410
8180452
8055194
4313606
8352763
9032424
6434900
1400312
872570
4941965
302192
7434212
6365273
2774887
6327603
6390416
5259592
3064208
4726118
1683291
5314076
8155019
3697727
1246692
8620009
842143
2360983
306178
4792597
338694
4427047
1300117
133403
7720745
1716050
9508971
1158657
2259072
9984823
4694773
4183436
4169035
7656969
943368
3020443
7085576
6113836
7345112
8876975
1672529
4883941
6638036
3724836
5999609
5332641
502716
1324522
9771719
3515051
6208100
3506879
1058646
1333119
509197
1909289
5424068
8575797
5069117
6197144
6638192
7430971
3779036
1537273
3672518
8005241
965308
777146
1100662
7737205
4617627
9516495
3197034
1548127
7566717
6030748
6960077
465881
8383050
3912738
114283
3101861
1739024
7470976
3575393
7602499
3574798
3960234
9991918
8071085
743048
1399680
95502
1639246
4855739
9490548
2882406
6941262
2625379
1287638
9254373
2651862
2672468
4380147
260895
1448
6978122
1297643
3501675
8794922
6396616
5614318
4528570
9958310
7153069
6758870
889233
2870093
5252818
1426205
4544033
4186776
5727599
9101395
695013
4643045
7901411
1400234
1076167
9346798
519062
545989
5080695
5686836
882342
1390925
5298763
4067189
1175293
1887530
9599497
5502558
6819008
975061
2535075
8085260
6815485
3196744
4597463
8294567
8132504
7332002
6998436
833583
5491764
4306183
8429294
5574850
6308636
2511032
5315429
7922120
5870978
138076
4586301
2837715
3010879
5194483
6722821
4377830
954561
6489260
9909680
4419990
8392509
6963067
1839273
8254836
5662472
4326049
1776603
8694336
2673621
8365840
8371813
1834928
1942952
5034999
9424718
9362947
1629694
6420347
931415
6192370
9333813
353350
1269006
9521445
8375457
5541831
5941164
8222667
705291
9339169
2858904
6735944
8252789
9200659
6399106
5471035
782462
4406590
4543803
4860227
1533581
5016364
4680728
2305171
4371755
2431867
6784783
8282663
315115
8892509
9039872
1016450
5814121
731942
1087123
5509741
2078010
3813976
7352698
8586544
6963400
2965862
6890521
8553828
4228974
7453197
721427
4920996
2398799
4274610
1053080
6895110
9452953
8470973
1952834
4946142
2514362
93583
7470646
6411443
9042472
1318625
7367522
178001
739730
7200340
8973710
1305418
4440576
3690370
7146017
6038914
9676788
7925688
2586401
3785465
9998691
7843818
6567172
6897389
1757792
794763
5249406
4220735
2038414
7700574
1401577
5409747
633486
491508
8293213
7254797
233245
1347678
7669779
5836178
1860291
9007427
100104
91341
7529240
7939854
9287817
4201373
3003447
8504434
4763864
6169372
6083244
7659697
7328303
1722117
8883102
7178874
8106631
8090287
767403
7272397
7178461
8189027
2201624
1549203
2672980
2967497
9281722
3901651
5022980
9834715
1968308
4344374
3444391
179067
9929931
2534114
1857992
6079734
2658188
7591273
2964630
6099252
8141593
8971385
3725347
3293016
7093821
7782398
4704133
912430
8789205
9667584
1715607
2861824
753949
5793048
9949034
9797851
4489669
4807930
7806845
6561238
9913615
8949044
9051300
490845
1520086
2958933
2771127
5741869
6794851
2165142
1020527
8927443
3626874
6961564
1611226
244234
9384379
9054950
642598
2495140
6000811
8235754
645669
1172116
6768462
2825326
792983
6680975
4042601
7678580
1044696
3799786
6235447
5654778
5901258
1771824
5335821
2067788
6567023
7350292
6354955
1289980
7308038
6934866
2544659
9605638
6809359
5825385
9088010
6653300
3235693
6471986
911856
2227238
6035522
4084738
6303480
8613965
8190246
3154243
2420842
1016922
2485915
2982804
5473181
4628965
6032866
771762
9220419
329170
6496312
4500186
307717
7368442
9380974
7769304
3427658
9375876
8355352
1625727
8989515
3356945
4823582
1967354
938300
853854
74925
7331939
6534893
5412552
9058234
4913596
8644867
4818354
4040744
9455057
3882893
458361
97574
4641471
7224191
1039813
3777309
5254292
6947257
22010
8953699
8329872
640073
6439315
4629164
9483027
4110018
7890503
6257281
89168
4775265
4742133
7842988
854613
5282828
9302140
4069836
967796
4409131
7883445
247569
2122121
8196901
8888028
9679613
395956
2681097
7641101
7137915
4410485
6179526
1905594
3155338
73536
801366
5379475
837742
1984215
9150614
5499107
8236644
5509693
5012735
8089922
3519037
9095196
8521865
3988
9092232
4743751
3019054
8132168
5158271
408722
6422469
2682904
8565125
2761698
8411653
5461032
44773
7456001
2748050
5779321
5280357
3752992
3083391
220582
6215143
2349404
8996686
6052019
1224169
5362047
6204115
940968
1964048
3163016
5527694
2634042
4242825
7853668
1352591
1541341
7343623
9275414
8558809
7952122
5796973
225800
6064018
2048244
3494093
2019372
8901964
4483430
1472927
8604732
411258
6020609
1553371
4856892
1708400
2133652
370202
54382
8264682
4333409
699856
4611192
6269341
1136581
5556959
7177640
9738792
3570880
3628400
2584108
7932636
6831110
2439395
6420207
9424692
9592289
9796480
4449794
7517426
3793770
8571955
7809256
3406863
705353
9518572
2530905
6201406
2989153
3416764
812639
6299407
859565
6156694
6925234
3333547
6903283
761130
7364160
1358177
2494973
5061175
2065247
3415601
8005780
3442403
4984129
1452044
2296861
5250225
8979204
1166328
9520940
3721658
7218462
6532565
9707339
4817823
3182524
7225599
4990893
3482318
7172627
5871093
3270866
1409926
5137745
5286791
4696757
6255094
7058392
9259737
1968652
6176699
532301
9110859
9792179
5362243
1826417
4924889
6400076
3904236
1808400
8960875
7511937
9237392
9712967
8034997
6892944
3829652
4024074
777933
2159694
3329867
131447
4717604
2611450
3526422
4037875
3724853
8693055
8810618
4015071
1738871
9562969
6485824
68239
2435645
5442460
454574
2576307
8315782
271031
4337006
96767
406862
5206552
4113084
9164882
7306756
6367530
7193087
8641899
5087062
7840028
672843
8382646
2564095
6521276
718474
2687580
7786454
5276069
7996557
8493290
7020677
7157505
3398012
6934464
8446751
485593
5988180
3441994
8145864
3246929
8890512
971132
9307218
8822485
2470176
3376371
3186116
724136
9466381
7724132
495643
1566449
9744023
9093377
2847526
4942648
7787003
8388360
845167
7830138
6072298
1665569
8785190
6646690
2325468
1750076
53368
9453013
8506194
6946255
3156162
6774053
7724134
8848333
2917004
8480655
1141206
7107133
9134238
9629791
6496260
189135
231050
6348525
6693228
8459050
8784208
1061924
2678134
8159493
9864894
787686
5227411
2741910
6198936
2883304
9131811
4467090
6332271
5411078
8448679
389859
7084847
9159212
1259610
7542816
2250907
2630380
4789642
1692201
7656126
7430055
140729
3639713
2068820
692692
9355137
1045025
8911597
3558916
4435960
9374516
73562
9161508
5800655
4336550
4318652
8903795
7651316
9243917
9621988
747024
4558810
8958768
4138665
3227895
4277818
6987329
5340513
9046043
6327472
7681776
2273271
6490933
1004614
3066842
1677032
3633130
1178504
8461661
495808
7085975
7088332
6962914
4993647
941412
5371670
9696583
7994930
5095120
3734113
407629
8912130
8366797
9324480
144523
3550853
7468069
8791899
2902090
5610773
4046845
7362097
1793743
2126063
7017377
8822879
8850031
8329747
387965
4820617
1347137
5597446
5369265
8163982
9068294
1651394
3941554
7375414
3360251
1305715
4759786
2803280
2003900
8019851
5674402
6504486
2307294
4531536
8061013
9969029
4622849
4228382
4131421
3294933
1865815
8334595
9137156
2668416
7542752
3792185
654642
5903180
8012677
6853534
7293063
2262617
537309
8856306
5182614
235452
7390887
8738474
4601014
6727220
4245754
227377
1928205
5570926
7419186
7533319
4937577
6816288
6479278
2330599
1960321
8150019
8573124
5311859
7171162
5753657
2100761
5303204
5764700
5044885
2511365
4413445
5605274
9432429
7078490
6742774
7623855
2928020
2997344
9605859
919931
7771609
2718198
2269468
7046826
7921850
4551797
732685
7272165
393777
1659152
5275323
4358458
1748412
3819579
8669862
2745438
7353337
3915526
9346559
6830921
9018536
8818346
3668024
3969426
2264230
3403908
8999151
8803628
6547762
2312349
2602739
6008786
4242696
7100212
8405269
7067702
3132575
9445514
6916908
7226446
1457548
1013270
3802647
6046548
6735115
6256650
8342263
4507790
9305341
869157
9387865
5237114
3368382
8231113
1328792
5123871
9724451
2699984
6885682
2443745
8070513
3889202
6134296
68235
6690565
527721
877232
1294349
2493866
7179915
6922124
4787691
6549172
610282
9822579
7280298
1266161
4777197
608335
9505409
1402367
106617
787804
1784755
7208995
6580492
5966280
9946843
5420302
5182577
5701209
5217410
4171121
650016
917358
1612057
7961970
8706157
4509144
6713203
2185955
8236190
5001553
2621791
71276
5281322
3034964
2189992
5702154
9226180
9573265
8496768
7679758
3313594
947894
8373088
3326840
2648215
1828836
6906614
6657819
6266565
6708599
9555469
1778177
769219
7506705
991835
8929074
6778270
1102686
1978787
8299484
1563747
3580242
4241742
15593
2463286
5999527
562457
376598
6830772
4525394
2955201
2477911
7690379
7055274
4315690
4113763
5202808
9652075
5143989
6944047
5677940
2351302
7231917
5974906
1021267
5366710
3229006
4772245
8373298
8226620
4418843
1334325
1370594
6899632
249542
2633391
8528625
6274823
9613569
5911567
3225352
9217978
9017497
8363995
5760655
6025542
9411011
8280291
5308773
9458660
3142287
995466
4367603
1170255
5775809
5421518
2745604
8882152
2763027
3832150
834396
1660440
6700254
4593262
3875402
343439
4128835
2246452
8304850
7683707
4685050
4947808
4819529
3812849
3823550
2440746
9951293
5185545
5788995
7659625
8813074
7190500
8369923
4737372
902490
4948189
7926361
7623884
2172293
4392747
6599225
4596080
8066932
2522284
8555282
3541491
4963022
1724270
9444238
170667
6879866
7561194
1249514
365462
540085
9601698
7420438
9379074
4891821
4891686
2914898
8520511
2768970
9713004
9561646
4154551
1107766
6363100
4356597
2200072
2031752
2158837
8434964
2124792
7108021
5964232
8487938
5849437
7882504
844107
3018800
4767847
8652314
9934453
1198546
29611
5744307
6102336
7878119
9458218
9612947
9527377
1486357
6067660
8871650
4379563
3835184
4437559
5884502
6356974
5876691
1962539
2472744
3740554
4812066
3432205
4449962
4617643
937408
7841640
450072
8625376
337345
6952545
3631519
1193123
4015465
9914013
5515993
4906656
4003883
5413641
7546392
9057622
4521162
5471832
344769
7928644
3510989
2072189
2618031
8775275
2743714
1230177
1690377
1197423
3061644
6600992
5176902
2553302
1588150
8570903
1320845
5357569
4295430
4405292
8317910
9288301
8476189
9791589
3647525
7791332
7645875
869888
8180454
977099
6206257
474113
7448220
421750
6224798
334879
6747472
2183480
6456376
3645906
3112212
7445473
6789139
3008245
4284409
3391643
2181071
7170793
5615506
7600146
2565616
55645
8322042
8812667
882092
4283800
8239101
672650
8074262
8613828
4053664
7397563
8675718
8367765
8298548
5516544
2736065
3201283
9880392
7292353
3274315
6523033
9491079
1825974
8710375
5042255
6072491
4649147
4491362
1805721
9835283
9149411
3767004
8505072
6078756
7589579
9541202
2577183
8846759
2777946
6707036
2463020
299554
1687936
7036526
5903943
1755901
5296224
9685311
5262298
2784128
8081137
4765740
7488228
9116664
8290144
1658569
6058543
5561526
3756101
3239131
3435617
1185764
7482147
9632337
3820511
1195090
3576302
5012351
8306464
5527554
6424379
1066570
7097120
1589944
7797905
6366281
6052805
848719
2390719
1888435
342157
342272
727069
2877794
8367002
8864140
7116067
5162217
9446431
5985709
8754417
7785722
946254
83864
5889388
2023745
2101120
5462449
3813542
8602281
896024
7076667
3242719
1603127
46917
5551677
3619949
8320521
6426955
3492914
2862270
9332975
7846102
9656056
2814627
8354038
4814801
6455873
3142480
3002886
6630729
8650609
7981411
5322729
3262075
1490623
1286996
5837017
2743389
4364550
3462917
9043915
8254382
2248109
441032
7457020
5455475
7483747
3234903
1627822
5209008
5029580
4212690
4490515
1930082
9960888
9470493
6301662
4532633
5294452
9641681
6448560
2949615
4407388
3397521
9275517
4663289
106408
9641856
2367381
8273885
7495317
1249275
5951677
7557581
3833903
6946252
8857405
5560192
92934
7460804
986368
5376994
1842275
9087165
2618166
5864891
1487690
1989558
512006
3212691
1504029
8912950
7290750
7598923
2190772
317783
8000417
5958064
9714882
1768556
4595092
4661097
6262686
6949976
7208066
1294733
6848159
6751550
7702752
6315579
160269
1547608
5585037
915906
4535172
3935777
4565261
24663
1361915
16926
3109975
6580215
6241786
5740572
7610177
6350011
5101917
7741644
6209953
7033902
6623807
6085993
7683655
3230963
2336526
9864156
7996143
8047934
5047603
1402393
984127
5663357
45547
7268237
8718315
5442964
352522
2548306
4048391
4087984
914617
4982234
7150872
3117526
1967617
5211318
8140811
393024
7015607
1638759
6294935
5610552
3696044
7765437
3686424
212948
5401889
3419868
4971724
2766823
9112920
1173
8233266
8861478
1179470
7010544
2498679
9710339
3395588
1047073
9655304
6338961
1869524
5899153
942332
8036335
1871552
846935
7244918
6678661
2042750
6665716
915735
3695245
7272339
7711479
967702
5564343
9666697
983211
4516330
1986649
2006973
7719553
9632136
7873234
7433400
7226647
3401275
1743306
9972752
9651192
4783095
6919068
7435065
541560
9524670
6496850
816890
9219151
7737415
4549060
7049637
1161428
2495095
2509444
8577718
3674008
308683
8608650
8222312
9077408
8675100
5217218
7870045
7588647
9448681
9045580
8530218
8468213
2569106
4294384
3637238
7638152
5842089
6765713
8909190
6571779
9024321
7227711
2969011
7499275
4255300
8425878
3143985
3931441
204853
599865
9561008
7386581
1087207
5443423
4317508
8189412
5585970
9905429
5954784
267687
1940465
3261478
3625236
6453262
7588800
2539861
1473858
1101196
5495037
6406515
7483944
8755739
1109558
4647682
298020
8987581
2673964
8970944
3062024
4928748
6806765
5177205
1996834
4026127
7539351
1337631
7048786
5470252
938461
9527761
4673377
2813046
3634211
1775580
6269649
9564013
6850359
3956233
7871594
9037625
1439362
3736480
1982432
1052514
6116608
1781876
8600965
1250924
4048492
6395597
9734389
393143
441799
4626624
7383619
9968039
807974
5097989
7251262
5121680
4721481
4390924
1006352
5823652
9165914
1089012
5513152
1648214
3736939
4277505
2612444
8296566
9390622
9472975
1562352
1218774
2693318
7281564
8974217
911795
354145
8397548
7146290
838531
7092503
8768381
1218275
4890607
5172428
1354262
7195737
7157848
6521963
1610900
1725143
8001178
7828185
2552022
4669201
2737912
32861
6865711
7864987
841428
9346922
499947
5742610
8705338
5782091
9300806
2576596
4699811
195441
4277272
8046683
8129022
9888637
5407272
8122901
2963520
4779353
113459
561732
3866691
985156
3310077
1401114
6132076
1082132
8722897
6939496
1549611
7504840
5830907
9889812
9368163
7301509
2987575
2555689
5202877
5096067
7855869
7035441
4428655
1686790
4537914
9895135
5808879
8490194
3554563
3039188
6088398
1263045
9606447
635836
1388318
168147
2286492
6769868
3899116
3560995
4401628
2246353
2431406
7433426
8159213
7943594
920484
8917154
5492422
9684736
5132887
2775365
7090796
8491858
2890772
3939091
6046681
6219834
4427832
3330392
4668389
4296108
9029640
3050695
1533494
4044010
8767565
70190
1966107
2025262
5257133
5685313
8007565
6801481
4638300
1671914
6218605
1722324
3535313
9154768
6081786
6180926
4167771
2635603
3435680
7894559
6066908
233618
8459748
3618983
8304245
4063665
1969754
7765260
5362275
2799031
5364986
2510769
3697113
2469729
4676818
3938074
4213017
2428421
1610671
3431215
9545200
5862548
8095902
9665438
7255323
5467628
7334580
2781336
9256122
108844
8234788
3309780
3736134
6271086
318852
206625
7051748
4345778
5464272
5470554
8777870
743216
5114027
8699392
2863721
4909114
699059
7983536
9077379
2671537
8713949
6359279
3140392
6128955
5826710
8750447
7393476
3014862
9672739
3175501
7580070
390877
7176847
2637827
6059955
8500007
7768408
3650483
6384224
326643
8784158
1014811
6160431
5906591
9034398
2231016
2279738
7013970
2409300
3403439
1387392
6857997
7720629
6262525
337004
1065626
1415279
6209120
3321325
2276314
7536946
410293
3607562
5045593
1601443
4791536
7446204
7999366
5661774
6370805
9140565
8545035
7070417
3549120
8179793
1505749
3965627
7374943
9900439
9862500
9011500
7927895
132565
8808269
520507
5582976
4163652
8487216
3092227
9053395
9786559
9240164
1262587
2950048
2517174
3741385
6548923
5538075
7598417
6103002
3275805
8165819
6525015
4526984
4834323
5572976
1908788
2659733
5497759
6433211
2595220
2835891
2570133
201742
9087417
3447931
4708150
6842542
4301517
4510179
2206382
9866451
9492169
6486811
2047222
3518168
8687357
954307
7508946
1261174
9378479
6309612
744316
7256529
9568067
9942537
3396013
4412293
5702059
1245515
619726
6448070
8879858
3350092
8702335
2549511
2363735
1184526
6394365
2444493
9767941
8662021
6336964
246788
5135991
3112864
8132649
8503497
6262216
8310845
1775199
960210
4118244
7071752
3198591
209160
6044733
6318366
5587735
6965360
2956267
5301240
579854
9752101
6431033
5034550
1230076
2351685
3594643
5353674
2820440
9179090
8870082
9165368
9771625
28040
9201090
8630535
8707238
6435732
520970
8812818
1150745
1539514
60827
7724060
1668700
4736946
9996525
2926280
3428216
6715148
430623
4101808
6945700
8578841
492335
8516005
5598456
9367577
8482372
4801709
4380045
4563321
3513488
8186849
2253697
1894642
3328668
2915645
7239933
8293833
8317851
6990696
3563714
9379615
3752267
1218977
9853926
1273777
8460791
919755
5107483
3908002
8597935
4983487
4038122
782777
9919913
7868141
9562924
8190840
5527256
6304884
8600231
4385931
2962463
1967043
9316791
2038924
9330471
552762
1102376
8818263
7927639
4685433
7762028
2787227
1535050
3831879
1758201
2064313
2675784
6483497
5986196
7394813
5187003
6503664
123650
3644070
960695
2200253
3565351
1793287
2230215
1210752
8209449
8855425
1901307
7512336
284566
5174430
2981878
4101994
2358142
8286771
5280032
8822850
9134251
9251065
1541700
1331360
8943303
5326185
2797724
405605
6954241
3668257
407788
4390808
1952005
6393041
5772532
2185874
7608934
2809589
6647856
1500401
9281739
9503094
1726752
162471
9643459
5773451
3779013
1625106
713405
312102
1165080
7712212
3034534
5433370
1081050
3783305
6659840
2850401
2618942
3271027
9113697
302072
1261003
3612623
7529324
536685
2963310
501626
9490623
9395666
1526265
5230064
81960
1254085
4651462
6512364
6501435
1381860
3963123
6760944
601543
7808526
8310278
2396217
8236396
2629317
609462
4736849
6114649
814795
9586651
9251075
120807
7279718
3434251
5885964
3836788
4042932
3469684
6080396
456717
1879636
6748634
3145621
7066781
2215378
5460290
1144793
598399
5239679
9666895
4565180
6339541
2005165
8142815
4097895
595517
6093252
1251887
5669465
1686023
3471881
3713451
2106805
491879
9926779
6640523
7434490
3406018
924596
9839685
2513726
4922711
2023
8015464
5190862
1566379
3381219
5670158
9513742
7039842
6960418
5661203
4007400
3967834
9453374
836978
3729515
6440628
3779702
8681842
6071734
8061708
4663235
3365722
3712547
1697505
9865740
5370128
8461932
326030
195689
464134
9271436
5007067
1710801
6574124
2375871
6328263
8189674
6049525
734834
1552276
5202281
7223005
8716017
4046132
2034692
4496127
6565406
6085482
91255
298493
3777373
9689604
4289504
6210395
6052454
8570998
4873005
6518118
4824697
2706780
984057
1638808
8422239
1770850
356626
2356270
3583763
2838409
36753
1592533
6296528
5839430
1764303
8762771
9186320
116867
6811009
265469
9962897
1880578
8163860
5856250
542639
7657750
5763741
2013003
9703427
2709797
6541150
7742297
7938315
5944495
350618
4707079
6731719
1579471
6567483
2675797
2438856
8643664
4760941
3293017
7235723
5801170
7129914
9024990
9363339
8372453
2762666
170424
2385433
58644
4313279
9323263
8156610
1347761
501242
3814611
6433284
5693508
3816523
4769853
8185376
6318211
4955222
1482894
4236607
4890058
2393374
7868772
1929340
9765067
7345725
4956564
5655865
3655468
1080898
4976007
6095632
9738639
6177420
5958099
257121
9394114
854349
834508
2435169
309783
7155972
9776692
5873568
5117221
7893193
3284969
5287092
7125709
4266055
2268803
7534287
2332002
9957330
4264873
3407931
6926160
1557531
637889
416154
9487395
8736028
2675738
4380043
5425779
951042
8749599
1953334
4431139
7224374
4984973
7414741
691304
2531155
3323743
7018623
101177
7376779
4959373
1884849
8254128
994027
7178837
213979
2808650
2910186
6090221
2848767
5630872
5419044
3391579
1346562
3157599
4271577
1565421
7551539
7067597
3128535
3132466
9160186
472529
9663637
5812099
5019217
1162055
8250808
6207172
4461120
529829
1614214
6515731
4149411
7535169
606869
5888725
9216812
4499013
9302421
2763598
9289705
1906086
7476118
3152913
3425338
3544804
6813284
1733470
441245
9113039
2745330
9815389
7101541
5938292
7282436
1830202
2292069
1021848
6421775
4779690
6483784
4660315
6858413
8044834
6308631
4357270
7776849
9311418
5966023
6415851
2844965
5551478
800904
9312708
4386964
5922216
972555
1304569
5128842
4157618
9623287
9736643
9475527
2604541
5975746
7860245
261954
9732849
9713194
2862727
8634252
7246578
2010012
138996
2420187
8740377
5777257
5619475
1796311
4209140
3999978
8870327
2569068
5407871
5596260
2364837
188017
4129124
3114822
9084937
6868691
5659753
9469382
1976705
9004711
2049922
9442186
8876768
592628
5853391
3115133
8893324
3441976
716486
5685166
3267560
253553
7265606
8203828
3679475
251153
9080964
3774542
890568
3808379
9429004
8846528
4857158
311395
1754955
7227053
7965090
7783258
6741890
9940010
2387741
1093322
9758896
2063919
291553
5509332
213103
8214246
1703722
9707961
7687294
587267
5939060
8137554
4919707
5142811
5844339
4653103
411024
7323145
9916974
1952146
5190961
4147893
8553608
7626887
7281110
7899122
3477246
9266133
5120215
4121880
1953645
5325560
6252172
6931536
8310410
7123785
5275827
7748420
2743059
9448864
6327246
3020846
6860829
3801393
2752553
7983735
3664817
2808492
4437090
3831278
8204518
719581
3198663
1322825
9579373
675956
5477171
6863067
6803156
5387915
1832231
4455350
1055142
3918713
5170590
3207691
353282
7521750
6663504
8696695
3870110
2521836
9685480
8506300
7448377
6453361
9182333
1440318
7238602
560248
5942867
1455400
9781338
1732657
7898567
124720
2686745
4496733
3121998
3988672
7176622
4031817
7406077
4200221
3607452
7759404
4183965
8960926
759323
1130492
3654997
1262406
8816958
4408948
3234283
4819135
1259481
3161536
5779050
8079009
2001854
7339022
9421041
2397280
6946680
2085999
1096887
1822894
4814226
7738766
6404737
2861780
422322
7469791
3438872
4283869
7738714
9037512
8077826
3841244
5768168
5235093
2030749
4707192
5429493
5855071
7005480
5122402
7584382
3254687
1077283
1639352
6650946
8587515
8955544
5483061
9939720
2954861
6786803
6751547
3882151
7942648
315980
231429
9150922
8769168
4505260
3751269
9207653
3260557
760804
2090029
5003188
9177270
6138924
7951101
8507768
1745655
6788077
6266665
7274085
163974
8708756
8883789
792548
4439292
1149729
8527111
633293
2178678
4719460
4770313
6746903
3096793
9323881
8839218
2860062
7251622
1100619
7839799
3443112
4400712
6333957
570162
9145390
7675770
3649549
7280144
3382573
1311852
4394083
9461921
3274020
1571837
8661732
1432512
3187423
7573623
2243055
2545175
9889706
3379311
8725797
115993
5125924
5693565
113334
3845487
55118
8802288
3856359
4650379
9524193
1878124
1357405
6741774
4802116
8222232
6919246
4279394
9741372
3102469
8007384
3314985
9409748
6830377
9311072
1606579
3413574
3923621
7970247
2206091
2707258
8176918
9368336
1732501
9366146
1261525
6103194
5794101
3481991
9724737
3110549
6124417
8453253
8974618
4178708
573417
2934442
1482648
3357081
6669368
8165175
1064677
6846598
861562
4001733
4099531
8449977
5216180
1219204
7945033
8742675
7634920
6772366
223797
2592760
8571482
8273130
5197097
241110
7920137
2682076
6939683
4208991
8904575
8536451
1190435
63765
5679144
508049
4163790
9859302
1477674
7003630
8066018
9009815
1250529
2913096
8910141
8568605
4082684
7452936
3714371
9060482
5518620
9518127
3746227
970785
9330775
2604876
3084263
7516838
8672018
1617422
4595194
7142040
9599468
5844712
4193089
9958371
5313374
4111868
7075690
9899570
8666820
2493845
4076394
2924849
717017
7359682
2808394
5041757
8584557
6951202
1663175
1434404
5715334
7244655
2672460
3878875
872178
6523029
8360045
9270093
492555
1082431
9663738
4688199
6471241
8241189
627586
1420230
4646459
1299565
2523559
9418054
14687
4283614
4946830
7340423
1764852
2658544
623246
9426132
3381383
7043554
2150175
4780974
9202286
7489937
5160179
8452209
5531892
6756092
3117534
3591446
7527499
9135839
9330800
7142540
1178165
8047146
3713893
2179931
7585016
7703963
6832146
425032
6979572
3158061
5567097
1111783
4029532
6839049
9350476
9546422
9766513
826060
7157892
6035332
7961086
4895215
1249115
6927056
9960022
9207005
4211213
3679315
6966043
6789171
4088329
4137095
7979703
6233233
6987472
1436511
8509428
4569422
5931510
3714954
5748777
8084140
7598178
8080912
8320950
8801002
6076567
9443199
2316869
4640158
5690814
8474197
3921058
6945743
1236658
8987942
8607711
3218732
7378815
4892860
5235409
9081956
9488707
2788317
3189502
6330543
629676
4731978
2189880
4507589
4479164
5442434
72925
3060418
5895638
6542072
8330423
1044188
2607276
2022365
8042810
8674427
2903435
5584574
9860211
9317920
9169709
1201659
6676721
1819096
56502
3928342
7351079
6896020
3495082
2715366
9883458
4894797
42849
3737855
8521621
519248
5100613
3588158
8235042
4285930
1510404
2630065
7332370
9209400
161181
8598449
6296871
5348982
5352294
2015337
254674
8791417
6932408
1705795
9958740
7759764
51693
8321957
8429517
3472519
3466590
1343482
3941153
2145892
5100114
541546
2792870
7901206
6159621
9865891
4881018
3046925
6022446
718171
1106612
6770177
6265959
7521384
6114311
6121802
5357690
7965459
5054651
8748097
6342235
3559930
2490770
9315450
1195240
180447
8311599
53421
5719039
6615161
995203
5660364
5277202
8033686
3526248
8780708
4762193
1942765
852172
9600667
6790187
111225
481201
7240881
6367426
1953477
6845444
1121366
5752447
3249389
1330206
7390452
6349613
6809453
349752
2760252
4920471
4896786
6283492
6318371
7768230
9896397
1533487
8560833
1419718
4921626
3572242
3861162
6493895
7575750
5505288
7686830
5576744
6072328
4410013
6596782
280224
6450933
9338105
3196695
4501694
3030945
7011552
358990
6253236
3260755
3950481
8806208
9169595
2640756
5205897
9878775
7302026
9871472
6715182
6327807
841865
9172691
1934665
8621703
7822424
5372436
8682686
9327701
607291
4839349
1811598
4850732
329690
3237383
7030259
3742276
5130581
8832245
7464393
4363772
5597623
1766609
2317162
6548853
2029033
9458254
4045552
7552851
948302
2763471
2653579
3494492
369434
4885857
4937640
3614628
1177011
2740148
1422149
3310103
4608332
5428135
5542503
7374027
512627
686527
7976937
3112826
5748519
6728927
6498850
9345169
8138855
2199829
4186609
963032
6402019
3518860
7031290
5846156
7495144
8839596
3323303
7416544
1236500
6212432
1831388
882584
4778458
1661676
3961828
6693030
8148390
7640877
8108019
6369396
8163978
6061124
9730964
3384418
2157884
2224662
4551823
6426185
8043669
3659475
7850304
1334882
9887709
7074552
7913020
5261466
5510240
7575778
9774759
1984242
2217628
505126
5129447
5611692
4428718
401181
2738663
9027705
4661220
5001940
3412111
9392184
8863772
2319404
6326147
9865096
7497266
6772665
9586902
4677996
2031424
3951823
6520514
6490801
8168900
4522067
9158704
8739360
7154369
8492765
9783194
6557343
136834
8713452
8035100
8694241
7111465
3891394
9476529
1320701
4983136
2050209
9046793
4015622
5428304
9799330
640399
4786579
888166
4721978
4882675
4368990
7825981
4678116
3124886
7684662
894162
7595572
2310345
6078405
5035799
4575053
5764479
2526004
8060158
9407325
6911623
1069444
1021941
5604360
4237001
7718642
2736523
9220880
7973434
4651748
919611
7656684
5328541
1516111
4121963
2078807
4237097
6406041
122325
4013676
7530185
9162681
2824278
9375968
519936
3831711
5270498
6944176
8777746
1931890
312109
9392372
6242439
8974815
8301495
8058244
7701597
7121
7880123
6010078
493301
1783619
3210984
9658968
3615366
2908208
5407449
6605018
7580788
8021920
5108346
6617163
4107531
1543345
8039675
8093121
1124890
8703579
6765501
3041645
6817111
6818025
7375956
8850315
6898159
1174434
6773874
3899569
3799417
9423910
6582180
3483450
8961388
2002866
4056566
173656
3319927
2389304
6879911
2178114
5084273
8652231
7069568
5086165
456775
4242365
6751153
6652283
6144948
4644021
9513046
8162301
7591831
508604
5247945
3774839
6612696
4981879
4513478
4168200
4306836
9448021
5645276
4819494
1731163
2213855
1827664
7802706
6380218
2858622
811962
9074377
526877
1279377
2963417
8909327
4186465
4272526
8517442
2743412
8936139
153542
395399
9885492
2733002
315065
5961791
4128794
6464617
5391286
434250
4845854
5954149
6700600
8801940
7152402
7025730
661505
643369
1335989
2842189
3665460
3156528
1501126
5303899
2231922
5040994
244627
4569843
2060763
5255643
7653297
5487059
8623981
4477688
2439263
7753919
7099361
8678344
7000170
1563566
2928533
8059353
7534063
9573389
3310947
4051846
3795010
4010141
5515102
7313013
5212899
2595237
334257
1571675
9251141
4492116
4303317
5376802
7511956
6605832
6345241
1408853
6948605
2940161
9651631
6106895
890022
6952781
4720135
1096041
233033
3587065
1305489
8969684
5149271
1056898
8167779
4122562
3029939
6844124
6184114
2358097
3555938
4288791
7181095
6198426
6073418
4721826
7205618
1066153
2138667
1032723
3697389
9087263
4705113
6901482
7632983
2911249
7308042
4367264
5078713
869055
1277185
8606925
2900532
8558650
1921389
5034447
3525844
5602688
3557109
5698390
4398131
3022715
5752095
7210451
2103392
8941406
7094016
39141
8329992
8576231
1420319
4161750
8502420
4760124
7627262
5588366
1224468
4108132
4317032
727585
7771184
4583688
1479917
8438784
5323275
309644
6279779
8987149
2324585
4369398
868905
5801016
5289319
4520371
7007306
5894195
1309963
2200163
997514
6736334
387280
7226905
1822838
1605771
5851528
9929924
7622447
3666239
7375753
2609435
5506216
3999709
17765
3892897
1993693
5294789
8978242
4578026
6351597
5190465
3823534
9998104
4198677
4554432
2142660
9177974
275537
5375707
4264354
282948
1026454
9805562
2766717
3535033
1802982
9646748
5954581
802475
7921756
9398612
8330056
4075797
253210
5742336
3170044
9761473
452513
636623
4024759
4556135
3509271
3123683
2668560
6515729
2385521
421246
5550321
6112027
6168828
5808137
6418527
2477464
8472322
5058891
8352130
6232192
6451874
5789819
7425127
9166490
3684951
3849307
9970673
4075992
9738358
4853402
3481622
1201923
494666
9703148
5890540
1332906
9051249
8465517
8530595
5930575
7464518
9176218
7380146
8904589
3134098
8880993
253769
9493654
5706027
8091600
3021745
8552018
4064264
7477569
8697850
3331567
203292
1194299
9409578
9436420
7250522
6062713
9873614
8768276
4905833
6781557
297391
7564636
4904532
5728959
7038965
2640149
5358338
6328181
7847678
59463
3509775
2626354
7507957
1667757
8963910
8515686
7503645
5984114
8730982
7583282
5506433
896820
9726854
9263818
534595
2217237
579759
8147640
5727765
2128586
765808
4229254
6717413
9821722
788460
7763000
4823946
3492298
9747797
350136
6692438
4357074
8941702
4217721
8053240
8303564
3190076
2814325
695136
2500568
4997466
4284906
4511661
218619
8013890
3951488
1698555
9632761
8116588
1354032
9083516
6985
2026564
1133594
3034568
971813
3285958
6670014
8192269
3016598
1208202
6623395
4239178
2102610
7273872
1385031
6581811
6964372
7051395
4606802
8110375
1112019
489742
8199260
9615691
3688891
5814443
3069402
7431764
5731961
7051465
6151686
2267913
418414
9121908
4160163
1785043
3234230
191869
86667
1262239
6480305
1343082
8806218
3711228
2994289
1519666
5545372
2656471
9541879
784350
996818
8259288
4952738
1165440
6428775
6334240
